Parroquia,Conglomerados,Sexo,Edad,Las elecciones electorales son libres y justas. ,Existe libertad de expresión para criticar al gobierno sin represalias. ,Los partidos políticos tienen igualdad de oportunidades para competir. ,El poder judicial es independiente de los gobiernos de turno. ,La corrupción en instituciones públicas es mínima. ,Los medios de comunicación son independientes y plurales. ,Los pueblos y nacionalidades están representadas en la política. ,2. Pregunta abierta: ¿Qué cambios considera necesarios para fortalecer la democracia en el país? ,Está bien que cada ciudad y provincia tenga partidos políticos que los represente. ,Los ciudadanos reciben información clara sobre los candidatos y sus propuestas. ,El Consejo de Participación Ciudadana trabaja para el fortalecimiento de la democracia participativa. ,Las mujeres y jóvenes tienen oportunidades equitativas de participación política. ,El abstencionismo electoral se debe principalmente a desconfianza en el sistema. ,4. Pregunta abierta: ¿Qué barreras identifica usted para la participación electoral? ,5. A partir de una escala donde 1 es totalmente en desacuerdo y 5 totalmente de acuerdo evaluemos (integridad electoral) las siguientes preguntas.,Los resultados electorales reflejan la voluntad de los ecuatorianos. ,El Consejo Nacional Electoral es competente y actúa con imparcialidad.  ,Existen sanciones efectivas contra quienes comente fraude electoral. ,Los debates electorales contribuyen al voto informado.,El financiamiento de las campañas políticas es transparente. ,6. Pregunta abierta: ¿Qué riesgos percibe en la integridad de las elecciones en su país? ,7. ¿Qué tan consciente está usted de la existencia de enfrentamientos políticos en Ecuador? ,"8. En su opinión, ¿los enfrentamientos políticos se han agudizado en el país los últimos 5 años? ","8. Qué factores considera usted contribuyen a los enfrentamientos (selección múltiple, sin puntuación): ","8. Qué factores considera usted contribuyen a los enfrentamientos (selección múltiple, sin puntuación): /Redes sociales","8. Qué factores considera usted contribuyen a los enfrentamientos (selección múltiple, sin puntuación): /Líderes o partidos políticos","8. Qué factores considera usted contribuyen a los enfrentamientos (selección múltiple, sin puntuación): /Medios tradicionales","8. Qué factores considera usted contribuyen a los enfrentamientos (selección múltiple, sin puntuación): /Desigualdad económica","8. Qué factores considera usted contribuyen a los enfrentamientos (selección múltiple, sin puntuación): /Falta de diálogo","8. Qué factores considera usted contribuyen a los enfrentamientos (selección múltiple, sin puntuación): /Falta de respuesta a las demandas sociales","8. Qué factores considera usted contribuyen a los enfrentamientos (selección múltiple, sin puntuación): /Otras",10. ¿Cree usted que los enfrentamientos dificultan resolver los problemas nacionales? ,11. En general ¿Cómo califica usted el tono del debate político en el Ecuador?,12. Le consulto ¿considera usted que los enfrentamientos políticos aumentan la conflictividad social? ,13. ¿Es probable que la confianza en las instituciones se vea afectada por los enfrentamientos entre políticos? ,14. ¿Usted evita hablar de política con personas de ideas opuestas? ,15. ¿Con qué frecuencia utiliza redes sociales? (sin puntuación): ,"16. Le llega contenido político por las redes (selección múltiple, sin puntuación):","16. Le llega contenido político por las redes (selección múltiple, sin puntuación):/Facebook","16. Le llega contenido político por las redes (selección múltiple, sin puntuación):/Twitter/X","16. Le llega contenido político por las redes (selección múltiple, sin puntuación):/Instagram","16. Le llega contenido político por las redes (selección múltiple, sin puntuación):/TikTok","16. Le llega contenido político por las redes (selección múltiple, sin puntuación):/YouTube","16. Le llega contenido político por las redes (selección múltiple, sin puntuación):/Whatsapp","16. Le llega contenido político por las redes (selección múltiple, sin puntuación):/Telegram","16. Le llega contenido político por las redes (selección múltiple, sin puntuación):/Otras",17. El contenido político que le llega a sus redes (leer las respuestas): ,18. ¿Los algoritmos le muestran contenido similar a sus ideas? ,19. ¿Le llega información falsa a sus redes? ,20. ¿Diversifica contenido en redes? ,21. ¿Usted confirma o coteja la información que recibe en redes sociales con otras fuentes?,22. ¿Cómo calificaría su sensación de seguridad en su barrio o comunidad?,23. ¿En qué horario se siente menos seguro?,24. ¿Qué lugares considera más inseguros en su comunidad? (múltiple respuesta),24. ¿Qué lugares considera más inseguros en su comunidad? (múltiple respuesta)/Parques,24. ¿Qué lugares considera más inseguros en su comunidad? (múltiple respuesta)/Transporte público,24. ¿Qué lugares considera más inseguros en su comunidad? (múltiple respuesta)/Calles principales,24. ¿Qué lugares considera más inseguros en su comunidad? (múltiple respuesta)/Zonas oscuras o alejadas,24. ¿Qué lugares considera más inseguros en su comunidad? (múltiple respuesta)/Centros comerciales,24. ¿Qué lugares considera más inseguros en su comunidad? (múltiple respuesta)/Restaurantes y cafeterías,24. ¿Qué lugares considera más inseguros en su comunidad? (múltiple respuesta)/Mercados de abastos,Robos callejeros  ,Violencia doméstica ,Venta de drogas ,Hurto de vehículos ,Agresiones físicas ,Sicariato,Vacuna (Extorsión),26.  ¿Ha sido víctima de algún delito en los últimos 12 meses?,27. ¿Cuál cree que es la principal causa de la inseguridad en su comunidad?  (múltiple respuesta),27. ¿Cuál cree que es la principal causa de la inseguridad en su comunidad?  (múltiple respuesta)/Falta de trabajo,27. ¿Cuál cree que es la principal causa de la inseguridad en su comunidad?  (múltiple respuesta)/Falta de presencia policial,27. ¿Cuál cree que es la principal causa de la inseguridad en su comunidad?  (múltiple respuesta)/Consumo de drogas,27. ¿Cuál cree que es la principal causa de la inseguridad en su comunidad?  (múltiple respuesta)/Corrupción,27. ¿Cuál cree que es la principal causa de la inseguridad en su comunidad?  (múltiple respuesta)/Crimen organizado,27. ¿Cuál cree que es la principal causa de la inseguridad en su comunidad?  (múltiple respuesta)/La pobreza,27. ¿Cuál cree que es la principal causa de la inseguridad en su comunidad?  (múltiple respuesta)/Otras,28. ¿Cómo califica la eficacia de la policía en su comunidad?,29. ¿Ha denunciado algún delito?,Sí ¿Cómo evaluaría la atención recibida? (1-5),30. No ¿Por qué no denunció? ,Policía Nacional,Fuerzas Armadas,32. ¿Qué acciones realiza para protegerse? (Respuesta múltiple),32. ¿Qué acciones realiza para protegerse? (Respuesta múltiple)/Evitar salir de noche,32. ¿Qué acciones realiza para protegerse? (Respuesta múltiple)/Instalar cámaras o alarmas,32. ¿Qué acciones realiza para protegerse? (Respuesta múltiple)/Participar en grupos vecinales,32. ¿Qué acciones realiza para protegerse? (Respuesta múltiple)/Cambiar itinerarios y rutas,32. ¿Qué acciones realiza para protegerse? (Respuesta múltiple)/Otras,33. ¿Considera que su comunidad está organizada para enfrentar la inseguridad? (respuesta múltiple),"33. ¿Considera que su comunidad está organizada para enfrentar la inseguridad? (respuesta múltiple)/Sí, hay grupos de vigilancia","33. ¿Considera que su comunidad está organizada para enfrentar la inseguridad? (respuesta múltiple)/No, pero hay interés","33. ¿Considera que su comunidad está organizada para enfrentar la inseguridad? (respuesta múltiple)/Sí, pero hay temor","33. ¿Considera que su comunidad está organizada para enfrentar la inseguridad? (respuesta múltiple)/No sabe, no responde",34. ¿Qué propone para mejorar la seguridad?,ASPECTO ECONOMICO,35. ¿Cómo cree usted que se desenvolverá la economía de la ciudad en los próximos meses respecto a la situación económica del Ecuador en su conjunto?,36. ¿Cómo usted calificaría su economía personal en este momento?,37. ¿Cómo calificaría usted su economía personal de hace 1 año?,38. ¿Cómo evalúan su calidad de vida en general?,"39. A finales de 2025, ¿Cómo usted considera que estará su situación económica personal?",Salud,Alimentación,Servicios básicos,Entretenimiento,Educación,41. En su opinión cree que en la ciudad ¿existen más posibilidades de encontrar empleo ahora que hace un año?,"42. Desde su punto de vista, el poder adquisitivo de los habitantes de la ciudad en relación con el año pasado","43. En relación con el año pasado, usted cree que la diferencias (brecha) entre personas pobres y ricas",44. ¿Usted cree que el gobierno local está contribuyendo con sus acciones a la reducción de la desigualdad económica en la ciudad?,"45. Durante los últimos 12 meses ¿cómo le ha resultado el acceso a servicios básicos en las instituciones que existen en la ciudad?""",46. Respecto a la atención en los centros de salud pública. ¿Usted a qué tipo de atención suele acudir?,"54. ¿De qué manera calificaría su satisfacción general con la atención recibida en los centros de salud a los que usted suele acudir?Donde 1 es “muy insatisfecho” y 10 es ""muy satisfecho""",47. ¿El acceso a los servicios de salud que existen en la ciudad usted los considera?,48. ¿Usted tiene hijos? ,49. ¿Cuál es el tipo de educación en el que se educa sus hijos?,50. ¿Cuál sería su calificación a la calidad de la enseñanza de los centros educativos donde se educación sus hijos?,Público o fiscal,Privada o particular,Fiscomisional,52. ¿Cómo considera usted la distribución del ingreso que se evidencia en la ciudad?,53. ¿Usted considera que la brecha entre ricos y pobres en la ciudad ha aumentado en los últimos años?,54. De qué manera puede usted responder a la siguiente afirmación: los ingresos que percibe el hogar son suficientes para atender las necesidades individuales y de toda la familia.,TRABAJO,55. En los actuales momentos: ¿Usted se encuentra trabajando?,56. ¿La seguridad en su lugar de trabajo como usted la calificaría,57. ¿Considera usted que las leyes laborales que existen en el país protegen sus derechos como trabajador?,58. Si no se encuentra trabajando ¿Encontrar oportunidades de empleo adecuadas a sus habilidades y experiencia en su área se le hace?,"59. Ante un desastre natural que ocurra en la ciudad, personalmente usted ¿se encuentra preparado para afrontarlo?",60. ¿Cuáles de las siguientes afirmaciones puede tener para estar preparado ante un desastre natural que ocurra en la ciudad? (opción múltiple),60. ¿Cuáles de las siguientes afirmaciones puede tener para estar preparado ante un desastre natural que ocurra en la ciudad? (opción múltiple)/Tengo un plan de emergencia para toda la familia,60. ¿Cuáles de las siguientes afirmaciones puede tener para estar preparado ante un desastre natural que ocurra en la ciudad? (opción múltiple)/Conozco las rutas de evacuación establecidas en la ciudad,"60. ¿Cuáles de las siguientes afirmaciones puede tener para estar preparado ante un desastre natural que ocurra en la ciudad? (opción múltiple)/Cuento con un kit de emergencia con agua, alimentos, botiquín, abrigos, etc.",60. ¿Cuáles de las siguientes afirmaciones puede tener para estar preparado ante un desastre natural que ocurra en la ciudad? (opción múltiple)/He participado en simulacros de desastres naturales que se han realizado,60. ¿Cuáles de las siguientes afirmaciones puede tener para estar preparado ante un desastre natural que ocurra en la ciudad? (opción múltiple)/Conozco los números de emergencia,60. ¿Cuáles de las siguientes afirmaciones puede tener para estar preparado ante un desastre natural que ocurra en la ciudad? (opción múltiple)/Sé cómo contactar a las autoridades y/o instituciones en caso de desastre,60. ¿Cuáles de las siguientes afirmaciones puede tener para estar preparado ante un desastre natural que ocurra en la ciudad? (opción múltiple)/Estoy informado sobre los riesgos de desastres naturales en mi área,60. ¿Cuáles de las siguientes afirmaciones puede tener para estar preparado ante un desastre natural que ocurra en la ciudad? (opción múltiple)/Tengo los documentos importantes protegidos y resguardados,60. ¿Cuáles de las siguientes afirmaciones puede tener para estar preparado ante un desastre natural que ocurra en la ciudad? (opción múltiple)/Conozco los sitios seguros de la ciudad,60. ¿Cuáles de las siguientes afirmaciones puede tener para estar preparado ante un desastre natural que ocurra en la ciudad? (opción múltiple)/Tengo suficientes provisiones de medicamentos en caso de emergencia,60. ¿Cuáles de las siguientes afirmaciones puede tener para estar preparado ante un desastre natural que ocurra en la ciudad? (opción múltiple)/Mi vivienda está preparada para resistir los embates de un desastre,60. ¿Cuáles de las siguientes afirmaciones puede tener para estar preparado ante un desastre natural que ocurra en la ciudad? (opción múltiple)/Cuento con un fondo económico de emergencia,61. ¿Cuál es su nivel de preocupación por la ocurrencia de un desastre natural que afecte a la ciudad?,"62. De ocurrir un desastre natural que afecte a la ciudad, ¿cree usted que la ayuda de personas, instituciones y/o gobierno local llegaría?","63. Frente a las últimas inundaciones provocadas por las lluvias fuertes, ¿Cuál es su valoración respecto a la gestión realizada por la alcaldesa de la ciudad?",Municipio,Prefectura,Gobierno Central,64. Geolocalizar el dato,_64. Geolocalizar el dato_latitude,_64. Geolocalizar el dato_longitude,_64. Geolocalizar el dato_altitude,_64. Geolocalizar el dato_precision
Pedernales,Conglomerado 3,Masculino,22,5,2,5,5,2,2,3, A ser escuchado ,5,4,4,4,5,La inseguridad ,,1,2,4,5,3,No sabe,Poco consciente,"Sí, ha cambiado significativamente",Desigualdad económica Falta de diálogo Falta de respuesta a las demandas sociales Líderes o partidos políticos,0,1,0,1,1,1,0,"Sí, en parte",Muy agresivo,"Sí, en ciertos casos",Reduce mucho mi confianza,Rara vez,Varias veces al día,Facebook TikTok,1,0,0,1,0,0,0,0,Altamente polarizado,"Sí, frecuentemente",Rara vez,"No, pero me interesaría",Si,Inseguro,Tarde,Calles principales Zonas oscuras o alejadas Parques Mercados de abastos,1,0,1,1,0,0,1,4,4,2,1,3,2,1,No,Falta de trabajo Corrupción Crimen organizado La pobreza,1,0,0,1,1,1,0,Ineficaz,No,,Consideró que no serviría de nada,"No, no hacen nada ","No sabe, no responde",Evitar salir de noche,1,0,0,0,0,"No, pero hay interés",0,1,0,0,Liderazgo de las autoridades locales,,Mucho peor que el resto del país,Mala,Igual,Ni satisfecho/a ni insatisfecho/a,Igual,Extremadamente limitada,Moderada,Extremadamente limitada,Extremadamente limitada,Limitada,Han aumentado mucho,Ha aumentado mucho,Ha aumentado mucho,Totalmente en desacuerdo,Regular,Centro de salud de la parroquia,1,Injustos,Si,Público o fiscal,,Mala,Muy mala,Muy mala,Injusta,Mucho,Totalmente en desacuerdo,,No,,,Muy difícil,Totalmente en desacuerdo,Conozco las rutas de evacuación establecidas en la ciudad Conozco los sitios seguros de la ciudad,0,1,0,0,0,0,0,0,1,0,0,0,Poco preocupado/a,Lentamente,,Muy bien,Muy bien,Ni bien ni mal,0.0611777 -80.0576029 -42.3 5.316,0.0611777,-80.0576029,-42.3,5.316
Pedernales,Conglomerado 3,Masculino,30,5,4,2,4,3,5,5,Más participación ciudadana ,5,5,4,5,5,La corrupción ,,5,3,5,4,2,Ahí mucha manipulación de votos ,Neutral,Ha disminuido,Redes sociales Desigualdad económica Falta de diálogo,1,0,0,1,1,0,0,Neutral,Muy agresivo,No realmente,No afecta mi confianza,Siempre,Varias veces al día,Facebook YouTube Instagram TikTok,1,0,1,1,1,0,0,0,Mayormente equilibrado,No sé,Rara vez,"No, pero me interesaría",No,Neutral,Noche,Transporte público Zonas oscuras o alejadas,0,1,0,1,0,0,0,1,1,1,1,1,1,1,No,Falta de trabajo Falta de presencia policial Crimen organizado La pobreza Corrupción,1,1,0,1,1,1,0,Muy ineficaz,No,,Desconfianza en las autoridades,"No sabe, no responde","No sabe, no responde",Evitar salir de noche Participar en grupos vecinales,1,0,1,0,0,"No, pero hay interés",0,1,0,0,Educación ciudadana,,Mucho peor que el resto del país,Regular,Igual,Insatisfecho/a,Igual,Extremadamente limitada,Extremadamente limitada,Extremadamente limitada,Extremadamente limitada,Extremadamente limitada,Han disminuido mucho,Ha aumentado poco,Ha aumentado mucho,Totalmente en desacuerdo,Muy difícil,Hospital,1,Muy injustos,Si,Público o fiscal,,Muy buena,Muy buena,Mala,Injusta,Mucho,Totalmente en desacuerdo,,Si,Neutral,Nada,,En desacuerdo,Conozco las rutas de evacuación establecidas en la ciudad Conozco los números de emergencia,0,1,0,0,1,0,0,0,0,0,0,0,Nada preocupado/a,Muy rápidamente,,Muy bien,Muy bien,Muy bien,0.068501 -80.0536461 35.29999923706055 4.1,0.068501,-80.0536461,35.29999924,4.1
Pedernales,Conglomerado 3,Femenino,42,5,5,3,2,3,1,5, Necesita compromiso nuestro presidente ,5,5,5,5,3,La corrupción ,,5,1,1,5,2, Pienso que todos no votamos justamente ,Nada consciente,No sé,Redes sociales Líderes o partidos políticos Desigualdad económica Falta de diálogo,1,1,0,1,1,0,0,"Sí, en parte",Muy agresivo,"Sí, en ciertos casos",Reduce mucho mi confianza,Siempre,Rara vez,Facebook TikTok YouTube Whatsapp,1,0,0,1,1,1,0,0,Parcialmente sesgado,"Sí, frecuentemente",Nunca,No lo sé,No,Inseguro,Noche,Calles principales Transporte público Parques Zonas oscuras o alejadas,1,1,1,1,0,0,0,5,1,5,5,1,1,1,No,Falta de presencia policial Falta de trabajo Corrupción,1,1,0,1,0,0,0,Neutral,No,,Otras,"Sí, de manera activa","Sí, de manera activa",Evitar salir de noche,1,0,0,0,0,"No, pero hay interés",0,1,0,0,Mayor iluminación pública,,Mucho mejor que el resto del país,Ni buena ni mala,Igual,Ni satisfecho/a ni insatisfecho/a,Igual,Extremadamente suficiente,Extremadamente suficiente,Extremadamente suficiente,Extremadamente suficiente,Extremadamente suficiente,Han disminuido mucho,Ha disminuido mucho,Se ha mantenido igual,Ni de acuerdo ni en desacuerdo,Regular,Hospital,10,No sabe/no responde,Si,Público o fiscal,,Muy buena,Regular,Muy buena,Justa,Neutral,Ni de acuerdo ni en desacuerdo,,No,,,Neutral,Totalmente de acuerdo,Conozco los números de emergencia Tengo un plan de emergencia para toda la familia Conozco los sitios seguros de la ciudad,1,0,0,0,1,0,0,0,1,0,0,0,Muy preocupado/a,Lentamente,,No sabe/no responde,Muy bien,Muy bien,0.0676118 -80.0548184 30.0 7.742,0.0676118,-80.0548184,30,7.742
Pedernales,Conglomerado 3,Masculino,50,4,1,1,3,5,1,1,Todo en nuestro país ,1,1,1,2,5, Muchas barreras,,1,3,5,1,3, Si hay riesgo ,Consciente,Ha disminuido,Falta de diálogo Desigualdad económica,0,0,0,1,1,0,0,"Sí, totalmente",Muy agresivo,"Sí, en ciertos casos",Reduce un poco mi confianza,Siempre,Algunas veces por semana,Otras,0,0,0,0,0,0,0,1,No consumo,A veces,"Sí, ocasionalmente","Sí, ocasionalmente",No,Inseguro,Mañana,Parques Transporte público Calles principales Zonas oscuras o alejadas Centros comerciales Restaurantes y cafeterías,1,1,1,1,1,1,0,5,5,1,5,1,5,5,No,La pobreza Falta de trabajo Corrupción,1,0,0,1,0,1,0,Neutral,Si,1,,"No sabe, no responde","No sabe, no responde",Evitar salir de noche,1,0,0,0,0,"No, pero hay interés",0,1,0,0,Más patrullas policiales,,Mucho peor que el resto del país,Mala,Igual,Muy satisfecho/a,Peor,Extremadamente suficiente,Extremadamente suficiente,Extremadamente suficiente,Extremadamente suficiente,Extremadamente suficiente,Han disminuido mucho,Ha disminuido mucho,Se ha mantenido igual,En desacuerdo,Difícil,Clínica privada,10,Justos,No,,,,,,Injusta,Neutral,En desacuerdo,,Si,Inseguro,Nada,,Totalmente en desacuerdo,Tengo un plan de emergencia para toda la familia,1,0,0,0,0,0,0,0,0,0,0,0,Moderadamente preocupado/a,Rápidamente,,No sabe/no responde,No sabe/no responde,Muy bien,0.0665132 -80.059736 11.200000762939453 20.0,0.0665132,-80.059736,11.20000076,20
Pedernales,Conglomerado 3,Masculino,56,5,4,4,4,3,5,5,La corrupción ,3,2,2,3,3, Estamos mal,,4,4,2,3,3,Muchos riesgos ,Nada consciente,No ha cambiado,Redes sociales Falta de diálogo,1,0,0,0,1,0,0,"Sí, en parte",Muy agresivo,"Sí, en ciertos casos",Reduce mucho mi confianza,Siempre,Varias veces al día,Facebook TikTok,1,0,0,1,0,0,0,0,No consumo,Rara vez,"Sí, ocasionalmente","Sí, activamente",Si,Inseguro,Tarde,Restaurantes y cafeterías Transporte público Calles principales Mercados de abastos,0,1,1,0,0,1,1,5,5,5,5,5,3,2,No,Falta de trabajo Falta de presencia policial Crimen organizado Corrupción,1,1,0,1,1,0,0,Neutral,No,,Desconfianza en las autoridades,"No sabe, no responde","No, no hacen nada ",Evitar salir de noche,1,0,0,0,0,"No, pero hay interés",0,1,0,0,Más patrullas policiales,,Mucho peor que el resto del país,Mala,Mejor,Ni satisfecho/a ni insatisfecho/a,Mucho peor,Extremadamente suficiente,Extremadamente suficiente,Extremadamente suficiente,Extremadamente suficiente,Muy suficiente,Han disminuido poco,Se ha mantenido igual,Ha aumentado,Ni de acuerdo ni en desacuerdo,Difícil,Hospital,8,Injustos,No,,,,,,Injusta,Mucho,Totalmente en desacuerdo,,No,,,Muy difícil,Ni de acuerdo ni en desacuerdo,Tengo un plan de emergencia para toda la familia Conozco los números de emergencia Estoy informado sobre los riesgos de desastres naturales en mi área,1,0,0,0,1,0,1,0,0,0,0,0,Nada preocupado/a,Muy rápidamente,,No sabe/no responde,Muy mal,Ni bien ni mal,0.0678773 -80.0594579 9.0 13.259,0.0678773,-80.0594579,9,13.259
Pedernales,Conglomerado 1,Masculino,68,5,2,1,1,5,1,5,"Que se de oportunidad a la gente tener libertad de expresión, también se necesita estar preparados como habitantes para hablar sobre política ",5,3,3,5,2,Inconveniente políticos con partidos de derecha e izquierda ,,5,2,5,5,1,El freude,Nada consciente,"Sí, ha cambiado significativamente",Falta de respuesta a las demandas sociales,0,0,0,0,0,1,0,"No, en absoluto",Muy agresivo,"Sí, claramente",Reduce un poco mi confianza,Siempre,Varias veces al día,Otras,0,0,0,0,0,0,0,1,Parcialmente sesgado,A veces,Rara vez,"Sí, ocasionalmente",Si,Seguro,Madrugada,Zonas oscuras o alejadas,0,0,0,1,0,0,0,1,1,1,1,1,1,1,No,Falta de trabajo,1,0,0,0,0,0,0,Neutral,No,,Otras,"Sí, de manera activa","Sí, de manera activa",Evitar salir de noche,1,0,0,0,0,"Sí, hay grupos de vigilancia",1,0,0,0,Educación ciudadana,,Ligeramente mejor que el resto del país,Regular,Igual,Ni satisfecho/a ni insatisfecho/a,Peor,Extremadamente limitada,Limitada,Moderada,Moderada,Moderada,Han disminuido mucho,Ha aumentado poco,Ha aumentado,En desacuerdo,Difícil,Hospital,1,Injustos,Si,Público o fiscal,,Regular,Regular,Regular,Injusta,Neutral,En desacuerdo,,No,,,Neutral,Totalmente en desacuerdo,Conozco las rutas de evacuación establecidas en la ciudad Conozco los números de emergencia,0,1,0,0,1,0,0,0,0,0,0,0,Moderadamente preocupado/a,Muy lentamente,,Muy mal,Muy mal,Muy mal,0.0717715 -80.057842 13.000000953674316 4.875,0.0717715,-80.057842,13.00000095,4.875
Pedernales,Conglomerado 1,Masculino,52,5,5,5,4,5,3,5,Informar a la ciudadanía ,4,4,3,5,4,Poco conocimiento ,,4,3,3,3,2,Fraude electoral ,Consciente,No ha cambiado,Falta de diálogo,0,0,0,0,1,0,0,"Sí, en parte",Muy agresivo,"Sí, claramente",Reduce un poco mi confianza,Siempre,Rara vez,Facebook TikTok Whatsapp,1,0,0,1,0,1,0,0,No consumo,Rara vez,Rara vez,"No, pero me interesaría",No,Seguro,Noche,Zonas oscuras o alejadas,0,0,0,1,0,0,0,2,4,3,2,2,2,2,No,Falta de trabajo,1,0,0,0,0,0,0,Neutral,No,,Desconfianza en las autoridades,"Sí, de manera activa","Sí, de manera activa",Evitar salir de noche Cambiar itinerarios y rutas,1,0,0,1,0,"No sabe, no responde",0,0,0,1,Mayor iluminación pública,,Igual que el resto del país,Regular,Medianamente mejor,Ni satisfecho/a ni insatisfecho/a,Igual,Suficiente,Moderada,Moderada,Moderada,Moderada,Han aumentado poco,Ha aumentado poco,Se ha mantenido igual,Ni de acuerdo ni en desacuerdo,Regular,Hospital,7,Justos,Si,Público o fiscal,,Buena,Buena,Buena,No sabe/no responde,Neutral,Ni de acuerdo ni en desacuerdo,,Si,Neutral,Moderadamente,,En desacuerdo,Conozco las rutas de evacuación establecidas en la ciudad,0,1,0,0,0,0,0,0,0,0,0,0,Moderadamente preocupado/a,Con el tiempo necesario,,No sabe/no responde,No sabe/no responde,Muy mal,0.0715225 -80.0580225 13.100000381469727 4.833,0.0715225,-80.0580225,13.10000038,4.833
Pedernales,Conglomerado 1,Masculino,70,5,5,4,3,3,3,5,"Informar a la ciudadanía, y que se elijan profesionales",3,2,1,5,2,Que se eligen personas con poco merito,,5,5,2,5,1,Se compra votos,Consciente,"Sí, ha cambiado un poco",Desigualdad económica,0,0,0,1,0,0,0,"Sí, en parte",Muy agresivo,"Sí, en ciertos casos",Aumenta mi confianza,Siempre,Varias veces al día,Facebook TikTok,1,0,0,1,0,0,0,0,Mayormente equilibrado,Rara vez,"Sí, ocasionalmente","Sí, ocasionalmente",No,Seguro,Noche,Zonas oscuras o alejadas,0,0,0,1,0,0,0,2,2,2,2,2,2,2,No,Falta de trabajo,1,0,0,0,0,0,0,Eficaz,No,,Otras,"Sí, de manera activa","Sí, de manera activa",Evitar salir de noche,1,0,0,0,0,"Sí, hay grupos de vigilancia",1,0,0,0,Programas sociales para jóvenes,,Ligeramente mejor que el resto del país,Ni buena ni mala,Medianamente mejor,Ni satisfecho/a ni insatisfecho/a,Mejor,Limitada,Limitada,Limitada,Limitada,Limitada,Han aumentado poco,Ha aumentado poco,Se ha mantenido igual,En desacuerdo,Regular,Centro médico particular,8,Injustos,Si,Público o fiscal,,Buena,Buena,Buena,Justa,Poco,De acuerdo,,Si,Seguro,Moderadamente,,De acuerdo,"Conozco las rutas de evacuación establecidas en la ciudad Cuento con un kit de emergencia con agua, alimentos, botiquín, abrigos, etc.",0,1,1,0,0,0,0,0,0,0,0,0,Muy preocupado/a,Con el tiempo necesario,,Muy mal,Muy mal,Muy mal,0.0715251 -80.0556113 38.29999923706055 4.825,0.0715251,-80.0556113,38.29999924,4.825
Pedernales,Conglomerado 1,Masculino,69,5,5,4,4,3,3,4,Que no haya corrupción ,3,2,2,3,3,Corrupción ,,5,3,3,3,2,Fraude electoral ,Poco consciente,"Sí, ha cambiado un poco",Líderes o partidos políticos,0,1,0,0,0,0,0,"Sí, en parte",Muy agresivo,"Sí, en ciertos casos",Reduce un poco mi confianza,Frecuentemente,Nunca,Otras,0,0,0,0,0,0,0,1,No consumo,No sé,Nunca,No lo sé,No,Seguro,Noche,Zonas oscuras o alejadas,0,0,0,1,0,0,0,1,1,2,2,1,1,2,No,Crimen organizado Falta de presencia policial Consumo de drogas,0,1,1,0,1,0,0,Eficaz,No,,Otras,"Sí, pero de forma insuficiente","Sí, de manera activa",Otras,0,0,0,0,1,"No sabe, no responde",0,0,0,1,Programas sociales para jóvenes,,Ligeramente peor que el resto del país,Ni buena ni mala,Medianamente mejor,Ni satisfecho/a ni insatisfecho/a,Igual,Suficiente,Suficiente,Suficiente,Suficiente,Suficiente,Han aumentado poco,Se ha mantenido igual,Se ha mantenido igual,En desacuerdo,Muy difícil,Hospital,7,Justos,Si,Público o fiscal,,Regular,Regular,Mala,Justa,Poco,De acuerdo,,No,,,Difícil,En desacuerdo,Cuento con un fondo económico de emergencia Conozco las rutas de evacuación establecidas en la ciudad,0,1,0,0,0,0,0,0,0,0,0,1,Poco preocupado/a,Rápidamente,,Muy mal,Ni bien ni mal,Bien,0.0711965 -80.0553138 40.099998474121094 4.466,0.0711965,-80.0553138,40.09999847,4.466
Pedernales,Conglomerado 1,Femenino,31,5,3,4,5,1,3,3,Delincuencia,2,2,1,3,3,Corrupción ,,4,4,2,2,1,Corrupción y fraude,Muy consciente,No ha cambiado,Redes sociales Falta de diálogo,1,0,0,0,1,0,0,"Sí, totalmente",Muy agresivo,"Sí, en ciertos casos",Reduce un poco mi confianza,Siempre,Varias veces al día,Facebook,1,0,0,0,0,0,0,0,No consumo,Rara vez,"Sí, ocasionalmente","Sí, activamente",No,Muy inseguro,Noche,Zonas oscuras o alejadas Transporte público Calles principales Parques,1,1,1,1,0,0,0,5,5,5,5,5,5,5,No,Crimen organizado Consumo de drogas,0,0,1,0,1,0,0,Neutral,No,,Otras,"Sí, pero de forma insuficiente","Sí, de manera activa",Cambiar itinerarios y rutas Evitar salir de noche,1,0,0,1,0,"Sí, hay grupos de vigilancia Sí, pero hay temor",1,0,1,0,Educación ciudadana,,Igual que el resto del país,Ni buena ni mala,Igual,Ni satisfecho/a ni insatisfecho/a,Igual,Moderada,Moderada,Moderada,Moderada,Moderada,Han disminuido poco,Se ha mantenido igual,Se ha mantenido igual,Ni de acuerdo ni en desacuerdo,Fácil,Hospital,10,Muy justos,Si,Público o fiscal,,Muy buena,Muy buena,Muy buena,No sabe/no responde,Poco,Ni de acuerdo ni en desacuerdo,,No,,,Muy difícil,En desacuerdo,Conozco las rutas de evacuación establecidas en la ciudad,0,1,0,0,0,0,0,0,0,0,0,0,Extremadamente preocupado/a,Muy lentamente,,Muy mal,Ni bien ni mal,Ni bien ni mal,0.0713835 -80.0551193 40.29999923706055 3.92,0.0713835,-80.0551193,40.29999924,3.92
Pedernales,Conglomerado 1,Masculino,48,5,1,3,3,3,3,4,Cambio en la constitución,5,2,3,3,3,No hay impedimento ,,3,3,3,5,5,El fraude electoral ,Muy consciente,No ha cambiado,Líderes o partidos políticos,0,1,0,0,0,0,0,"Sí, totalmente",Poco agresivo,"Sí, claramente",Neutral,Frecuentemente,Una vez al día,Facebook,1,0,0,0,0,0,0,0,Mayormente equilibrado,Rara vez,"Sí, muy seguido","Sí, ocasionalmente",Si,Seguro,Noche,Zonas oscuras o alejadas Calles principales Transporte público,0,1,1,1,0,0,0,5,5,5,5,5,5,5,Si,La pobreza,0,0,0,0,0,1,0,Neutral,Si,3,,"Sí, de manera activa","Sí, de manera activa",Evitar salir de noche,1,0,0,0,0,"Sí, hay grupos de vigilancia",1,0,0,0,Educación ciudadana,,Igual que el resto del país,Regular,Medianamente mejor,Insatisfecho/a,Igual,Limitada,Limitada,Limitada,Limitada,Limitada,Han disminuido poco,Se ha mantenido igual,Se ha mantenido igual,En desacuerdo,Regular,Hospital,4,Injustos,Si,Público o fiscal,,Buena,Buena,Buena,Muy injusta,Neutral,En desacuerdo,,No,,,Difícil,De acuerdo,"Cuento con un kit de emergencia con agua, alimentos, botiquín, abrigos, etc. He participado en simulacros de desastres naturales que se han realizado Conozco las rutas de evacuación establecidas en la ciudad",0,1,1,1,0,0,0,0,0,0,0,0,Muy preocupado/a,Muy lentamente,,Muy mal,Muy mal,Ni bien ni mal,0.0716154 -80.055109 40.39999771118164 4.95,0.0716154,-80.055109,40.39999771,4.95
Pedernales,Conglomerado 1,Masculino,85,4,4,3,3,2,3,2,Reformar la constitución,4,3,2,2,2,Corrupción del estado,,5,2,2,2,3,Falta de transferencia en el sector público,Poco consciente,No ha cambiado,Falta de diálogo,0,0,0,0,1,0,0,No realmente,Poco agresivo,"Sí, en ciertos casos",Neutral,Siempre,Nunca,Otras,0,0,0,0,0,0,0,1,No consumo,No sé,Nunca,No lo sé,No,Seguro,Noche,Zonas oscuras o alejadas,0,0,0,1,0,0,0,1,1,1,1,1,1,1,Prefiero no responder,Falta de presencia policial Consumo de drogas,0,1,1,0,0,0,0,Neutral,No,,Otras,"Sí, de manera activa","Sí, de manera activa",Evitar salir de noche,1,0,0,0,0,"No sabe, no responde",0,0,0,1,Más patrullas policiales,,Ligeramente peor que el resto del país,Ni buena ni mala,Igual,Ni satisfecho/a ni insatisfecho/a,Mucho mejor,Limitada,Limitada,Limitada,Limitada,Limitada,No han cambiado,Se ha mantenido igual,Ha aumentado,Ni de acuerdo ni en desacuerdo,Regular,Otros,5,Injustos,Si,Público o fiscal,,Regular,Buena,Muy mala,No sabe/no responde,Poco,Ni de acuerdo ni en desacuerdo,,No contesta,,,,Totalmente en desacuerdo,Conozco las rutas de evacuación establecidas en la ciudad,0,1,0,0,0,0,0,0,0,0,0,0,Poco preocupado/a,No sabe/no responde,,Muy mal,Ni bien ni mal,Bien,0.0719517 -80.0551481 39.79999923706055 4.0,0.0719517,-80.0551481,39.79999924,4
Pedernales,Conglomerado 1,Masculino,54,5,5,5,3,1,5,4,Nuevos personajes políticos ,4,1,3,5,4,Mal estado de caminos en zonas rurales,,4,4,2,3,1,Fraude y corrupción ,Neutral,"Sí, ha cambiado significativamente",Falta de diálogo,0,0,0,0,1,0,0,Neutral,Muy agresivo,"Sí, en ciertos casos",Aumenta mi confianza,Siempre,Algunas veces por semana,Facebook Whatsapp TikTok,1,0,0,1,0,1,0,0,Mayormente equilibrado,Rara vez,"Sí, muy seguido","Sí, ocasionalmente",Si,Inseguro,Mañana,Zonas oscuras o alejadas,0,0,0,1,0,0,0,1,1,1,1,1,1,1,No,Falta de trabajo,1,0,0,0,0,0,0,Muy eficaz,No,,Otras,"Sí, de manera activa","Sí, pero de forma insuficiente",Evitar salir de noche,1,0,0,0,0,"No sabe, no responde",0,0,0,1,Más patrullas policiales,,Ligeramente peor que el resto del país,Buena,Mejor,Ni satisfecho/a ni insatisfecho/a,Igual,Moderada,Moderada,Moderada,Moderada,Moderada,Han disminuido mucho,Ha disminuido poco,Se ha mantenido igual,En desacuerdo,Regular,Hospital,2,Injustos,Si,Público o fiscal,,Muy buena,Muy buena,Buena,Justa,Algo,Totalmente en desacuerdo,,Si,Neutral,Moderadamente,,Totalmente en desacuerdo,"Cuento con un kit de emergencia con agua, alimentos, botiquín, abrigos, etc. Conozco las rutas de evacuación establecidas en la ciudad Estoy informado sobre los riesgos de desastres naturales en mi área",0,1,1,0,0,0,1,0,0,0,0,0,Moderadamente preocupado/a,Muy lentamente,,Ni bien ni mal,Ni bien ni mal,Muy mal,0.0721211 -80.05311 42.5 3.5,0.0721211,-80.05311,42.5,3.5
Pedernales,Conglomerado 1,Masculino,65,1,3,2,2,1,1,4,Cambios en las leyes judiciales ,5,5,5,5,1,Mucha veces los cuidadanos no acuden a las elecciones por la desconfianza en los políticos.,,3,5,2,5,5,Fraude,Consciente,"Sí, ha cambiado significativamente",Redes sociales,1,0,0,0,0,0,0,"Sí, en parte",Neutral,"Sí, claramente",Reduce un poco mi confianza,Siempre,Algunas veces por semana,Facebook,1,0,0,0,0,0,0,0,Mayormente equilibrado,No sé,"Sí, muy seguido","No, pero me interesaría",No,Inseguro,Tarde,Zonas oscuras o alejadas,0,0,0,1,0,0,0,3,3,2,3,3,2,2,Si,La pobreza,0,0,0,0,0,1,0,Ineficaz,Si,2,,"Sí, pero de forma insuficiente","Sí, pero de forma insuficiente",Evitar salir de noche,1,0,0,0,0,"No sabe, no responde",0,0,0,1,Más patrullas policiales,,Ligeramente peor que el resto del país,Regular,Peor,Satisfecho/a,Peor,Limitada,Limitada,Limitada,Limitada,Limitada,Han disminuido mucho,Ha disminuido poco,Se ha mantenido igual,Ni de acuerdo ni en desacuerdo,Difícil,Hospital,10,Injustos,Si,Público o fiscal,,Buena,Muy buena,Muy buena,Injusta,Poco,Totalmente en desacuerdo,,No,,,Muy difícil,Totalmente en desacuerdo,Conozco las rutas de evacuación establecidas en la ciudad,0,1,0,0,0,0,0,0,0,0,0,0,Extremadamente preocupado/a,Lentamente,,Muy mal,Muy mal,Muy mal,0.0726995 -80.0536611 40.599998474121094 4.302,0.0726995,-80.0536611,40.59999847,4.302
Pedernales,Conglomerado 1,Femenino,42,4,5,4,3,2,2,5,Cambio de leyes ,5,3,3,5,3,Poca confianza en el sistema ,,5,5,3,5,3,Fraude electoral ,Muy consciente,"Sí, ha cambiado significativamente",Falta de diálogo,0,0,0,0,1,0,0,"Sí, en parte",Muy agresivo,"Sí, en ciertos casos",Aumenta mi confianza,Siempre,Algunas veces por semana,Facebook TikTok,1,0,0,1,0,0,0,0,Parcialmente sesgado,A veces,Rara vez,"Sí, ocasionalmente",No,Seguro,Madrugada,Zonas oscuras o alejadas,0,0,0,1,0,0,0,3,3,3,3,2,3,3,No,Falta de trabajo,1,0,0,0,0,0,0,Muy ineficaz,No,,Otras,"Sí, de manera activa","Sí, de manera activa",Evitar salir de noche,1,0,0,0,0,"Sí, pero hay temor",0,0,1,0,Educación ciudadana,,Igual que el resto del país,Ni buena ni mala,Igual,Ni satisfecho/a ni insatisfecho/a,Mejor,Suficiente,Suficiente,Suficiente,Suficiente,Suficiente,Han disminuido poco,Se ha mantenido igual,Ha disminuido,Ni de acuerdo ni en desacuerdo,Muy difícil,Hospital,3,Muy injustos,Si,Público o fiscal,,Regular,Muy buena,Muy buena,Muy injusta,Poco,Totalmente en desacuerdo,,No,,,Muy difícil,Totalmente en desacuerdo,Conozco las rutas de evacuación establecidas en la ciudad,0,1,0,0,0,0,0,0,0,0,0,0,Muy preocupado/a,Rápidamente,,Muy mal,No sabe/no responde,Ni bien ni mal,0.0724152 -80.0527779 42.79999923706055 4.916,0.0724152,-80.0527779,42.79999924,4.916
Pedernales,Conglomerado 1,Masculino,65,3,4,3,3,2,4,4,Cambio en la constitución,2,1,2,3,3,Poca confianza en la política,,4,3,4,5,2,Riesgo mediano de fraude,Consciente,"Sí, ha cambiado significativamente",Desigualdad económica Líderes o partidos políticos,0,1,0,1,0,0,0,"Sí, totalmente",Muy agresivo,"Sí, en ciertos casos",Reduce un poco mi confianza,Frecuentemente,Algunas veces por semana,Facebook TikTok,1,0,0,1,0,0,0,0,Mayormente equilibrado,A veces,"Sí, ocasionalmente","Sí, activamente",Si,Seguro,Madrugada,Zonas oscuras o alejadas,0,0,0,1,0,0,0,3,2,3,1,2,2,1,No,Consumo de drogas Crimen organizado,0,0,1,0,1,0,0,Neutral,Si,4,,"Sí, de manera activa","Sí, de manera activa",Cambiar itinerarios y rutas Otras,0,0,0,1,1,"Sí, pero hay temor",0,0,1,0,Educación ciudadana,,Igual que el resto del país,Ni buena ni mala,Medianamente mejor,Ni satisfecho/a ni insatisfecho/a,Mejor,Suficiente,Suficiente,Suficiente,Suficiente,Suficiente,No han cambiado,Se ha mantenido igual,Ha aumentado,En desacuerdo,Regular,Otros,9,Injustos,Si,Privada o particular,,Regular,Buena,Buena,No sabe/no responde,Poco,De acuerdo,,No,,,Neutral,De acuerdo,"Conozco las rutas de evacuación establecidas en la ciudad Cuento con un kit de emergencia con agua, alimentos, botiquín, abrigos, etc. He participado en simulacros de desastres naturales que se han realizado Conozco los números de emergencia",0,1,1,1,1,0,0,0,0,0,0,0,Moderadamente preocupado/a,Con el tiempo necesario,,Ni bien ni mal,No sabe/no responde,Bien,0.0722957 -80.052719 42.5 4.979,0.0722957,-80.052719,42.5,4.979
Pedernales,Conglomerado 1,Masculino,36,4,4,5,4,2,4,4,Que existan menos partidos políticos,2,5,1,5,3,El dinero,,5,5,5,3,3,Poca confianza en el sistema ,Neutral,No ha cambiado,Líderes o partidos políticos,0,1,0,0,0,0,0,"Sí, en parte",Moderadamente respetuoso,"Sí, en ciertos casos",No afecta mi confianza,Siempre,Varias veces al día,Facebook TikTok,1,0,0,1,0,0,0,0,Mayormente equilibrado,"Sí, frecuentemente",Rara vez,"Sí, ocasionalmente",Si,Neutral,Noche,Zonas oscuras o alejadas,0,0,0,1,0,0,0,1,1,1,1,1,1,1,Si,Otras,0,0,0,0,0,0,1,Eficaz,No,,Desconfianza en las autoridades,"Sí, de manera activa","Sí, de manera activa",Evitar salir de noche,1,0,0,0,0,"Sí, pero hay temor No sabe, no responde",0,0,1,1,Más patrullas policiales,,Igual que el resto del país,Regular,Igual,Satisfecho/a,Mejor,Suficiente,Suficiente,Suficiente,Suficiente,Suficiente,Han disminuido mucho,Se ha mantenido igual,Se ha mantenido igual,Ni de acuerdo ni en desacuerdo,Fácil,Hospital,9,Justos,Si,Privada o particular,,Buena,Buena,Buena,Injusta,Neutral,De acuerdo,,Si,Neutral,Totalmente,,Ni de acuerdo ni en desacuerdo,Conozco los números de emergencia,0,0,0,0,1,0,0,0,0,0,0,0,Moderadamente preocupado/a,Con el tiempo necesario,,Muy mal,Ni bien ni mal,Ni bien ni mal,0.0726596 -80.0522529 42.599998474121094 4.666,0.0726596,-80.0522529,42.59999847,4.666
Pedernales,Conglomerado 1,Femenino,27,3,4,4,5,2,4,4,Combatir la delincuencia ,2,1,3,4,3,Fraude electoral,,4,3,4,4,4,Fraude,Muy consciente,No ha cambiado,Redes sociales Desigualdad económica Medios tradicionales Líderes o partidos políticos,1,1,1,1,0,0,0,"Sí, totalmente",Muy agresivo,"Sí, claramente",No afecta mi confianza,Nunca,Rara vez,Facebook TikTok,1,0,0,1,0,0,0,0,No consumo,"Sí, frecuentemente","Sí, muy seguido",No lo sé,No,Inseguro,Tarde,Parques,1,0,0,0,0,0,0,1,3,1,1,1,1,1,No,Falta de trabajo,1,0,0,0,0,0,0,Muy ineficaz,No,,Desconfianza en las autoridades,"Sí, de manera activa","Sí, de manera activa",Instalar cámaras o alarmas,0,1,0,0,0,"Sí, hay grupos de vigilancia",1,0,0,0,Mayor iluminación pública,,Igual que el resto del país,Mala,Igual,Ni satisfecho/a ni insatisfecho/a,Peor,Limitada,Limitada,Limitada,Limitada,Limitada,No han cambiado,Se ha mantenido igual,Ha aumentado,Ni de acuerdo ni en desacuerdo,Fácil,Hospital,9,Injustos,Si,Público o fiscal,,Regular,Buena,Buena,Injusta,Algo,En desacuerdo,,No,,,Muy difícil,Totalmente en desacuerdo,"Cuento con un kit de emergencia con agua, alimentos, botiquín, abrigos, etc.",0,0,1,0,0,0,0,0,0,0,0,0,Extremadamente preocupado/a,No sabe/no responde,,Ni bien ni mal,No sabe/no responde,Ni bien ni mal,0.073111 -80.052052 41.599998474121094 4.658,0.073111,-80.052052,41.59999847,4.658
Pedernales,Conglomerado 1,Femenino,20,5,2,5,1,3,3,4,Cambio en las leyes,1,2,4,5,2,Poca confianza en el gobierno ,,1,3,4,5,1,Fraude y no se confía en la política,Poco consciente,No ha cambiado,Redes sociales,1,0,0,0,0,0,0,No realmente,Muy agresivo,No estoy seguro/a,No afecta mi confianza,Nunca,Varias veces al día,Facebook,1,0,0,0,0,0,0,0,No consumo,A veces,Rara vez,No lo sé,Si,Muy inseguro,Madrugada,Calles principales Zonas oscuras o alejadas,0,0,1,1,0,0,0,5,1,1,2,3,1,1,Prefiero no responder,Otras,0,0,0,0,0,0,1,Eficaz,No,,Otras,"Sí, de manera activa","Sí, de manera activa",Instalar cámaras o alarmas,0,1,0,0,0,"No sabe, no responde",0,0,0,1,Más patrullas policiales,,Mucho peor que el resto del país,Ni buena ni mala,Igual,Satisfecho/a,Mejor,Suficiente,Suficiente,Suficiente,Suficiente,Suficiente,No han cambiado,Ha disminuido poco,Se ha mantenido igual,De acuerdo,Difícil,Otros,8,No sabe/no responde,Si,Público o fiscal,,Buena,Buena,Buena,Justa,Poco,Ni de acuerdo ni en desacuerdo,,No,,,Difícil,En desacuerdo,Conozco los números de emergencia,0,0,0,0,1,0,0,0,0,0,0,0,Poco preocupado/a,Con el tiempo necesario,,No sabe/no responde,No sabe/no responde,No sabe/no responde,0.0741688 -80.0519019 36.20000076293945 4.457,0.0741688,-80.0519019,36.20000076,4.457
Pedernales,Conglomerado 1,Femenino,39,5,5,4,3,1,4,5,Menos corrupción,5,3,4,5,3,Fraude en las elecciones ,,4,1,3,4,3,Compra de votos,Consciente,No ha cambiado,Redes sociales,1,0,0,0,0,0,0,"No, en absoluto",Muy agresivo,"Sí, en ciertos casos",Neutral,Siempre,Varias veces al día,Facebook TikTok YouTube,1,0,0,1,1,0,0,0,Mayormente equilibrado,No sé,"Sí, muy seguido","No, no me importa",No,Inseguro,Noche,Restaurantes y cafeterías Centros comerciales Zonas oscuras o alejadas Calles principales Transporte público Parques,1,1,1,1,1,1,0,1,3,5,1,3,3,3,Si,Falta de trabajo Corrupción Crimen organizado La pobreza,1,0,0,1,1,1,0,Muy ineficaz,Si,4,,"Sí, de manera activa","Sí, de manera activa",Evitar salir de noche Instalar cámaras o alarmas,1,1,0,0,0,"No, pero hay interés",0,1,0,0,Programas sociales para jóvenes,,Igual que el resto del país,Muy Mala,Peor,Ni satisfecho/a ni insatisfecho/a,Mejor,Suficiente,Suficiente,Suficiente,Suficiente,Suficiente,No han cambiado,Ha disminuido poco,Se ha mantenido igual,Ni de acuerdo ni en desacuerdo,Regular,Hospital,7,Injustos,Si,Público o fiscal,,Regular,Buena,Mala,No sabe/no responde,Neutral,Ni de acuerdo ni en desacuerdo,,No,,,Muy difícil,Ni de acuerdo ni en desacuerdo,He participado en simulacros de desastres naturales que se han realizado Conozco los números de emergencia,0,0,0,1,1,0,0,0,0,0,0,0,Muy preocupado/a,Rápidamente,,Muy mal,No sabe/no responde,Muy mal,0.0733218 -80.0514168 39.099998474121094 4.05,0.0733218,-80.0514168,39.09999847,4.05
Cojimies,,Masculino,66,5,4,2,3,4,3,2,Quienes nos vayan representante tengan un nivel académico bastante elevada Y que Haya una mayor participación para mujeres en nivel local y provincial,1,2,2,3,3,La preparación del candidato,,3,3,3,3,3,La gerencia de partidos que tienen hegemonía en otro lado,Consciente,No ha cambiado,Líderes o partidos políticos Medios tradicionales Desigualdad económica Falta de diálogo Falta de respuesta a las demandas sociales,0,1,1,1,1,1,0,"Sí, en parte",Muy agresivo,"Sí, claramente",Aumenta mi confianza,Nunca,Varias veces al día,Facebook TikTok YouTube Whatsapp,1,0,0,1,1,1,0,0,Parcialmente sesgado,Rara vez,"Sí, ocasionalmente","Sí, ocasionalmente",Si,Seguro,Madrugada,Zonas oscuras o alejadas,0,0,0,1,0,0,0,1,1,1,1,1,1,1,No,Otras,0,0,0,0,0,0,1,Ineficaz,No,,Otras,"Sí, de manera activa","Sí, de manera activa",Evitar salir de noche,1,0,0,0,0,"No sabe, no responde",0,0,0,1,Más patrullas policiales,,Ligeramente mejor que el resto del país,Ni buena ni mala,Igual,Ni satisfecho/a ni insatisfecho/a,Mejor,Muy limitada,Muy limitada,Muy limitada,Muy limitada,Muy limitada,No han cambiado,Ha disminuido poco,Ha aumentado,En desacuerdo,Regular,Policlínico,1,Injustos,Si,Privada o particular,,Muy mala,Muy mala,Muy mala,Muy injusta,Neutral,Ni de acuerdo ni en desacuerdo,,No,,,Neutral,Ni de acuerdo ni en desacuerdo,"Cuento con un kit de emergencia con agua, alimentos, botiquín, abrigos, etc.",0,0,1,0,0,0,0,0,0,0,0,0,Moderadamente preocupado/a,Con el tiempo necesario,,Muy bien,Muy bien,Muy bien,0.36639 -80.03592 15 5,0.36639,-80.03592,15,5
Cojimies,,Masculino,75,1,5,3,1,1,5,5,Cambiar de presidente,5,5,1,5,5,Más oportunidades en mujeres en la presidencia,,5,1,5,3,1,No lo se,Nada consciente,No ha cambiado,Líderes o partidos políticos Medios tradicionales Desigualdad económica Falta de diálogo,0,1,1,1,1,0,0,No realmente,Constructivo y respetuoso,"Sí, en ciertos casos",Aumenta mi confianza,Siempre,Rara vez,Facebook,1,0,0,0,0,0,0,0,Parcialmente sesgado,Rara vez,Rara vez,"No, pero me interesaría",No,Neutral,Noche,Transporte público,0,1,0,0,0,0,0,1,1,1,1,1,1,1,No,Falta de trabajo,1,0,0,0,0,0,0,Ineficaz,No,,Temor a represalias,"Sí, de manera activa","Sí, de manera activa",Participar en grupos vecinales,0,0,1,0,0,"No, pero hay interés",0,1,0,0,Más patrullas policiales,,Ligeramente peor que el resto del país,Ni buena ni mala,Medianamente mejor,Insatisfecho/a,Peor,Moderada,Limitada,Limitada,Limitada,Limitada,No han cambiado,Se ha mantenido igual,Se ha mantenido igual,Ni de acuerdo ni en desacuerdo,Regular,Centro de salud de la parroquia,5,Injustos,Si,Público o fiscal,,Regular,Regular,Regular,Injusta,Neutral,En desacuerdo,,No contesta,,,,De acuerdo,He participado en simulacros de desastres naturales que se han realizado,0,0,0,1,0,0,0,0,0,0,0,0,Muy preocupado/a,Muy rápidamente,,Bien,Ni bien ni mal,Bien,0.3677609 -80.036418 16 5,0.3677609,-80.036418,16,5
Pedernales,Conglomerado 1,Femenino,51,5,5,4,2,3,3,4,Reformar la ley de la construcción,4,3,3,4,3,Muy poca confianza en la política,,4,3,3,4,2,"Hay personas que intentan ayudar a sus candidatos, y se arriesgan a ser sancionados",Consciente,No sé,Falta de diálogo Falta de respuesta a las demandas sociales Redes sociales,1,0,0,0,1,1,0,"Sí, en parte",Muy agresivo,No estoy seguro/a,Neutral,A veces,Algunas veces por semana,Facebook TikTok Whatsapp,1,0,0,1,0,1,0,0,Mayormente equilibrado,A veces,Rara vez,No lo sé,Si,Neutral,Noche,Calles principales Zonas oscuras o alejadas,0,0,1,1,0,0,0,3,2,2,1,2,1,1,Prefiero no responder,La pobreza Falta de trabajo,1,0,0,0,0,1,0,Neutral,No,,Consideró que no serviría de nada,"Sí, pero de forma insuficiente","Sí, de manera activa",Evitar salir de noche Instalar cámaras o alarmas Cambiar itinerarios y rutas,1,1,0,1,0,"No sabe, no responde",0,0,0,1,Más patrullas policiales,,Igual que el resto del país,Ni buena ni mala,Igual,Ni satisfecho/a ni insatisfecho/a,Igual,Moderada,Moderada,Moderada,Moderada,Moderada,No han cambiado,Se ha mantenido igual,Se ha mantenido igual,En desacuerdo,Regular,Centro médico particular,8,Injustos,Si,Privada o particular,,Regular,Buena,Regular,No sabe/no responde,Neutral,Ni de acuerdo ni en desacuerdo,,No,,,Difícil,En desacuerdo,Conozco las rutas de evacuación establecidas en la ciudad Conozco los números de emergencia Conozco los sitios seguros de la ciudad,0,1,0,0,1,0,0,0,1,0,0,0,Muy preocupado/a,Con el tiempo necesario,,Ni bien ni mal,Bien,Ni bien ni mal,0.0731408 -80.0528606 42.5 2.433,0.0731408,-80.0528606,42.5,2.433
Cojimies,,Masculino,43,4,5,5,1,5,4,3,"Cambio desde la asamblea, más clara, responsable en su labor",5,1,5,1,5,"No puede participar por la economía, o respaldo no puede participar.",,3,1,1,1,1,Desde fraude a muerte ,Neutral,"Sí, ha cambiado significativamente",Falta de diálogo,0,0,0,0,1,0,0,"No, en absoluto",Muy agresivo,"Sí, claramente",Reduce mucho mi confianza,Siempre,Rara vez,TikTok Facebook,1,0,0,1,0,0,0,0,Parcialmente sesgado,Rara vez,"Sí, muy seguido","Sí, ocasionalmente",No,Seguro,Tarde,Zonas oscuras o alejadas,0,0,0,1,0,0,0,1,1,1,1,1,1,1,No,Otras,0,0,0,0,0,0,1,Ineficaz,No,,Otras,"No, no hacen nada ","No, no hacen nada ",Evitar salir de noche,1,0,0,0,0,"No, pero hay interés",0,1,0,0,Más patrullas policiales,,Igual que el resto del país,Regular,Mejor,Satisfecho/a,Mucho mejor,Moderada,Moderada,Moderada,Moderada,Moderada,Han disminuido poco,Ha aumentado poco,Se ha mantenido igual,Totalmente en desacuerdo,Difícil,Clínica privada,5,No sabe/no responde,Si,Público o fiscal,,Regular,Regular,Regular,No sabe/no responde,Poco,Totalmente en desacuerdo,,Si,Muy inseguro,Nada,,En desacuerdo,Conozco las rutas de evacuación establecidas en la ciudad,0,1,0,0,0,0,0,0,0,0,0,0,Poco preocupado/a,Lentamente,,Muy mal,Muy mal,Muy mal,0.3635609 -80.0376818 18.0 3.957,0.3635609,-80.0376818,18,3.957
Cojimies,,Femenino,25,5,5,5,2,1,3,4,Reducir miembros de la participación políticos ,4,3,4,5,2,"Partidos políticos, y candidatos que ya han participado. Y no dan oportunidad a personas nuevas",,5,4,3,4,1,"Falta de dinero por parte del estado, en eventos electorales, y cuando más participan muchos candidatos.",Consciente,"Sí, ha cambiado un poco",Redes sociales Líderes o partidos políticos,1,1,0,0,0,0,0,"Sí, en parte",Moderadamente respetuoso,"Sí, en ciertos casos",Neutral,A veces,Varias veces al día,Facebook TikTok,1,0,0,1,0,0,0,0,Altamente polarizado,A veces,"Sí, ocasionalmente","Sí, ocasionalmente",Si,Seguro,Noche,Zonas oscuras o alejadas,0,0,0,1,0,0,0,1,1,1,1,1,1,1,No,Falta de presencia policial,0,1,0,0,0,0,0,Neutral,No,,Otras,"Sí, pero de forma insuficiente","Sí, pero de forma insuficiente",Evitar salir de noche,1,0,0,0,0,"No, pero hay interés",0,1,0,0,Mayor iluminación pública,,Mucho mejor que el resto del país,Ni buena ni mala,Mejor,Satisfecho/a,Mejor,Moderada,Moderada,Moderada,Moderada,Moderada,Han disminuido poco,Ha disminuido poco,Ha aumentado mucho,En desacuerdo,Muy difícil,Centro médico particular,3,Injustos,Si,Público o fiscal,,Buena,Buena,Buena,Injusta,Algo,Ni de acuerdo ni en desacuerdo,,No,,,Difícil,Ni de acuerdo ni en desacuerdo,He participado en simulacros de desastres naturales que se han realizado,0,0,0,1,0,0,0,0,0,0,0,0,Moderadamente preocupado/a,Con el tiempo necesario,,Ni bien ni mal,Ni bien ni mal,Ni bien ni mal,0.36541 -80.0380701 18.900001525878906 4.55,0.36541,-80.0380701,18.90000153,4.55
Cojimies,,Masculino,57,3,2,2,1,1,2,3,"Mejorar la democracia del país, mayor participación ",4,3,3,1,5,"El control que ejerce el país, y modificación de leyes",,2,1,1,1,1,Fraude,Consciente,"Sí, ha cambiado significativamente",Líderes o partidos políticos Falta de diálogo,0,1,0,0,1,0,0,"Sí, en parte",Muy agresivo,"Sí, en ciertos casos",Reduce un poco mi confianza,Frecuentemente,Varias veces al día,Facebook TikTok YouTube,1,0,0,1,1,0,0,0,Mayormente equilibrado,Rara vez,"Sí, ocasionalmente","Sí, activamente",Si,Seguro,Madrugada,Transporte público,0,1,0,0,0,0,0,1,1,1,1,1,1,1,Si,Consumo de drogas,0,0,1,0,0,0,0,Eficaz,No,,Otras,"Sí, pero de forma insuficiente","Sí, pero de forma insuficiente",Evitar salir de noche,1,0,0,0,0,"No, pero hay interés",0,1,0,0,Educación ciudadana,,Igual que el resto del país,Ni buena ni mala,Igual,Satisfecho/a,Mejor,Moderada,Moderada,Moderada,Suficiente,Suficiente,Han disminuido mucho,Ha disminuido poco,Ha aumentado,Totalmente en desacuerdo,Muy difícil,Centro de salud de la parroquia,6,Justos,Si,Público o fiscal,,Buena,Buena,Buena,Injusta,Neutral,Ni de acuerdo ni en desacuerdo,,Si,Seguro,Moderadamente,,Ni de acuerdo ni en desacuerdo,Conozco las rutas de evacuación establecidas en la ciudad,0,1,0,0,0,0,0,0,0,0,0,0,Moderadamente preocupado/a,Lentamente,,Ni bien ni mal,Ni bien ni mal,Ni bien ni mal,0.3663609 -80.0377257 16.100000381469727 4.5,0.3663609,-80.0377257,16.10000038,4.5
Cojimies,,Femenino,22,5,3,2,3,5,3,3,Deben de haber mayor justicia y transparencia ,3,3,4,2,4,La injusticia ,,2,2,3,3,3,Poco compromiso con lo que hacen y dicen ,Neutral,"Sí, ha cambiado un poco",Redes sociales Líderes o partidos políticos,1,1,0,0,0,0,0,"Sí, totalmente",Poco agresivo,"Sí, en ciertos casos",Reduce un poco mi confianza,Siempre,Rara vez,Facebook,1,0,0,0,0,0,0,0,Mayormente equilibrado,A veces,"Sí, ocasionalmente","Sí, ocasionalmente",Si,Neutral,Madrugada,Zonas oscuras o alejadas,0,0,0,1,0,0,0,2,2,3,1,1,1,1,No,Falta de trabajo,1,0,0,0,0,0,0,Neutral,No,,Otras,"Sí, pero de forma insuficiente","Sí, de manera activa",Evitar salir de noche,1,0,0,0,0,"Sí, pero hay temor",0,0,1,0,Más patrullas policiales,,Ligeramente mejor que el resto del país,Regular,Mejor,Satisfecho/a,Mucho mejor,Moderada,Moderada,Moderada,Muy limitada,Suficiente,Han disminuido poco,Ha aumentado poco,Ha aumentado,En desacuerdo,Difícil,Centro de salud de la parroquia,5,Justos,Si,Público o fiscal,,Buena,Buena,Buena,Injusta,Algo,De acuerdo,,No,,,Difícil,De acuerdo,Conozco las rutas de evacuación establecidas en la ciudad,0,1,0,0,0,0,0,0,0,0,0,0,Nada preocupado/a,Con el tiempo necesario,,Ni bien ni mal,Bien,Ni bien ni mal,0.3382818 -80.0061109 35.89999771118164 2.88,0.3382818,-80.0061109,35.89999771,2.88
Cojimies,,Masculino,53,3,4,4,3,1,3,1,Mejorar la participación,3,1,1,1,5,"Muchas normas y políticas que impiden la participación, injusticia ",,2,2,2,1,2,"Mentiras, no cumplen las palabras ",Neutral,No ha cambiado,Redes sociales Líderes o partidos políticos,1,1,0,0,0,0,0,Neutral,Poco agresivo,"Sí, en ciertos casos",Reduce mucho mi confianza,Frecuentemente,Nunca,Otras,0,0,0,0,0,0,0,1,No consumo,No sé,Rara vez,"No, pero me interesaría",Si,Neutral,Noche,Zonas oscuras o alejadas,0,0,0,1,0,0,0,4,2,4,1,3,1,1,No,Falta de trabajo,1,0,0,0,0,0,0,Neutral,No,,Otras,"Sí, pero de forma insuficiente","Sí, de manera activa",Evitar salir de noche,1,0,0,0,0,"Sí, pero hay temor",0,0,1,0,Más patrullas policiales,,Igual que el resto del país,Ni buena ni mala,Mejor,Ni satisfecho/a ni insatisfecho/a,Mejor,Moderada,Moderada,Extremadamente limitada,Moderada,Muy suficiente,Han disminuido poco,Ha aumentado poco,Se ha mantenido igual,En desacuerdo,Difícil,Centro de salud de la parroquia,7,Justos,Si,Público o fiscal,,Buena,Muy buena,Buena,Injusta,Algo,De acuerdo,,Si,Seguro,Moderadamente,,Ni de acuerdo ni en desacuerdo,Conozco las rutas de evacuación establecidas en la ciudad Conozco los sitios seguros de la ciudad,0,1,0,0,0,0,0,0,1,0,0,0,Poco preocupado/a,Con el tiempo necesario,,Ni bien ni mal,Ni bien ni mal,Ni bien ni mal,0.3383388 -80.0070483 20.0 4.55,0.3383388,-80.0070483,20,4.55
Cojimies,,Masculino,26,4,2,2,2,1,3,1,"Oprimir al pueblo, poca transparencia ",5,4,3,5,5,Solo el que tiene adquisición económica ,,1,1,2,1,1,"Regresaría al hablar, mucho narco político ",Consciente,"Sí, ha cambiado significativamente",Falta de diálogo,0,0,0,0,1,0,0,"Sí, totalmente",Muy agresivo,"Sí, claramente",Reduce mucho mi confianza,Siempre,Rara vez,YouTube,0,0,0,0,1,0,0,0,Mayormente equilibrado,"Sí, siempre","Sí, ocasionalmente","No, no me importa",No,Seguro,Noche,Zonas oscuras o alejadas,0,0,0,1,0,0,0,1,1,5,2,1,1,2,No,Otras La pobreza Crimen organizado Corrupción Falta de presencia policial Consumo de drogas Falta de trabajo,1,1,1,1,1,1,1,Muy ineficaz,No,,Desconfianza en las autoridades,"No sabe, no responde","No sabe, no responde",Cambiar itinerarios y rutas,0,0,0,1,0,"No sabe, no responde",0,0,0,1,Mayor iluminación pública,,Igual que el resto del país,Ni buena ni mala,Medianamente mejor,Satisfecho/a,Mejor,Limitada,Limitada,Moderada,Limitada,Extremadamente limitada,Han disminuido mucho,Ha aumentado poco,Se ha mantenido igual,Totalmente en desacuerdo,Difícil,Otros,1,Injustos,Si,Público o fiscal,,Muy mala,Mala,Mala,No sabe/no responde,Mucho,En desacuerdo,,Si,Neutral,Nada,,De acuerdo,Conozco las rutas de evacuación establecidas en la ciudad Tengo los documentos importantes protegidos y resguardados Conozco los sitios seguros de la ciudad,0,1,0,0,0,0,0,1,1,0,0,0,Poco preocupado/a,Lentamente,,Ni bien ni mal,Muy mal,No sabe/no responde,0.3388977 -80.0072361 20.2 4.225,0.3388977,-80.0072361,20.2,4.225
Cojimies,,Femenino,41,3,2,3,1,5,3,5,"Mayor participación del pueblo, y también que los corruptos sean quitados ",5,3,5,5,3,"Educación, y el respeto a los participantes ",,1,1,3,2,4,"Injusticia entre los candidatos, y solo actúan por cuenta propia ",Poco consciente,"Sí, ha cambiado un poco",Líderes o partidos políticos,0,1,0,0,0,0,0,"Sí, totalmente",Muy agresivo,"Sí, claramente",Reduce mucho mi confianza,Rara vez,Varias veces al día,Facebook Instagram TikTok YouTube Telegram,1,0,1,1,1,0,1,0,Altamente polarizado,No sé,"Sí, ocasionalmente","Sí, ocasionalmente",Si,Inseguro,Noche,Calles principales,0,0,1,0,0,0,0,5,4,5,2,1,3,1,Si,Falta de trabajo Falta de presencia policial,1,1,0,0,0,0,0,Muy ineficaz,Si,1,,"No, no hacen nada ","Sí, pero de forma insuficiente",Evitar salir de noche,1,0,0,0,0,"Sí, pero hay temor",0,0,1,0,Educación ciudadana,,Mucho peor que el resto del país,Regular,Medianamente mejor,Satisfecho/a,Mejor,Moderada,Suficiente,Limitada,Moderada,Muy limitada,Han disminuido mucho,Se ha mantenido igual,Se ha mantenido igual,En desacuerdo,Difícil,Centro de salud de la parroquia,6,Justos,Si,Público o fiscal,,Regular,Buena,Buena,Injusta,Mucho,De acuerdo,,Si,Seguro,Moderadamente,,Totalmente en desacuerdo,Tengo un plan de emergencia para toda la familia Conozco las rutas de evacuación establecidas en la ciudad He participado en simulacros de desastres naturales que se han realizado Estoy informado sobre los riesgos de desastres naturales en mi área,1,1,0,1,0,0,1,0,0,0,0,0,Moderadamente preocupado/a,Con el tiempo necesario,,Ni bien ni mal,Muy bien,Muy bien,0.3395563 -80.0073769 -50.2 4.34,0.3395563,-80.0073769,-50.2,4.34
Cojimies,,Masculino,46,4,2,2,4,3,4,2,Permitir la participación de representantes que si sean del pueblo ,3,4,2,2,2,La poca transparencia dentro de la participación de los ciudadanos ,,2,3,2,4,2,Falta de mostrar los resultados reales ,Poco consciente,"Sí, ha cambiado significativamente",Falta de diálogo Líderes o partidos políticos Redes sociales,1,1,0,0,1,0,0,Neutral,Muy agresivo,"No, en absoluto",Reduce mucho mi confianza,Frecuentemente,Varias veces al día,Facebook Instagram YouTube,1,0,1,0,1,0,0,0,Mayormente equilibrado,Rara vez,"Sí, ocasionalmente","No, pero me interesaría",Si,Seguro,Madrugada,Calles principales Zonas oscuras o alejadas,0,0,1,1,0,0,0,2,2,2,2,2,1,1,No,Falta de trabajo La pobreza,1,0,0,0,0,1,0,Eficaz,No,,Otras,"Sí, de manera activa","Sí, de manera activa",Otras,0,0,0,0,1,"Sí, hay grupos de vigilancia",1,0,0,0,Más patrullas policiales,,Igual que el resto del país,Regular,Medianamente mejor,Satisfecho/a,Mejor,Moderada,Moderada,Muy suficiente,Muy suficiente,Suficiente,Han disminuido poco,Se ha mantenido igual,Se ha mantenido igual,Ni de acuerdo ni en desacuerdo,Difícil,Centro de salud de la parroquia,6,Justos,Si,Público o fiscal,,Regular,Buena,Regular,Injusta,Neutral,De acuerdo,,Si,Seguro,Mucho,,Totalmente en desacuerdo,Tengo un plan de emergencia para toda la familia He participado en simulacros de desastres naturales que se han realizado Conozco los números de emergencia Conozco los sitios seguros de la ciudad,1,0,0,1,1,0,0,0,1,0,0,0,Poco preocupado/a,Con el tiempo necesario,,Ni bien ni mal,Bien,Ni bien ni mal,0.3639383 -80.0381967 18.100000381469727 5.0,0.3639383,-80.0381967,18.10000038,5
Pedernales,Conglomerado 3,Masculino,64,1,1,5,5,1,1,5,Equidad para todos ,5,5,5,1,5,Unas personas de bajos recursos no puedan viajar al lugar que tengan que sufragar ,,1,1,1,1,1,Que el país enfrente altos y bajo en lo económico ,Consciente,Ha disminuido,Líderes o partidos políticos,0,1,0,0,0,0,0,No realmente,Muy agresivo,No realmente,Reduce mucho mi confianza,A veces,Varias veces al día,Facebook TikTok YouTube Whatsapp,1,0,0,1,1,1,0,0,Mayormente equilibrado,A veces,Rara vez,"Sí, ocasionalmente",Si,Inseguro,Noche,Zonas oscuras o alejadas,0,0,0,1,0,0,0,5,1,5,1,5,1,1,No,La pobreza,0,0,0,0,0,1,0,Ineficaz,No,,Desconfianza en las autoridades,"No, no hacen nada ","Sí, pero de forma insuficiente",Evitar salir de noche,1,0,0,0,0,"Sí, pero hay temor",0,0,1,0,Programas sociales para jóvenes,,Igual que el resto del país,Ni buena ni mala,Igual,Ni satisfecho/a ni insatisfecho/a,Igual,Limitada,Limitada,Limitada,Limitada,Limitada,Han aumentado poco,Se ha mantenido igual,Ha aumentado,Ni de acuerdo ni en desacuerdo,Regular,Hospital,7,Justos,No,,,,,,Injusta,Neutral,Ni de acuerdo ni en desacuerdo,,No,,,Difícil,Ni de acuerdo ni en desacuerdo,Conozco las rutas de evacuación establecidas en la ciudad,0,1,0,0,0,0,0,0,0,0,0,0,Moderadamente preocupado/a,Con el tiempo necesario,,Ni bien ni mal,Ni bien ni mal,Ni bien ni mal,0.0656826 -80.054754 29.5 4.65,0.0656826,-80.054754,29.5,4.65
Pedernales,Conglomerado 3,Masculino,42,1,1,1,1,1,1,1,Que haya un gobierno transparente ,5,5,1,1,1,Falta de información hacia los candidatos ,,1,1,1,1,1,El riesgo de atentar contra la vida de los candidatos ,Consciente,"Sí, ha cambiado un poco",Líderes o partidos políticos,0,1,0,0,0,0,0,No realmente,Muy agresivo,No estoy seguro/a,Reduce mucho mi confianza,Rara vez,Varias veces al día,Facebook TikTok YouTube Whatsapp Telegram,1,0,0,1,1,1,1,0,Mayormente equilibrado,A veces,Rara vez,"Sí, ocasionalmente",Si,Inseguro,Noche,Calles principales Zonas oscuras o alejadas,0,0,1,1,0,0,0,5,3,4,1,4,3,1,Prefiero no responder,Falta de trabajo,1,0,0,0,0,0,0,Ineficaz,No,,Temor a represalias,"No, no hacen nada ","Sí, pero de forma insuficiente",Cambiar itinerarios y rutas,0,0,0,1,0,"Sí, pero hay temor",0,0,1,0,Programas sociales para jóvenes,,Igual que el resto del país,Ni buena ni mala,Igual,Ni satisfecho/a ni insatisfecho/a,Peor,Limitada,Limitada,Limitada,Limitada,Limitada,Han aumentado mucho,Se ha mantenido igual,Se ha mantenido igual,Ni de acuerdo ni en desacuerdo,Regular,Hospital,7,Justos,Si,Público o fiscal,,Regular,Muy buena,Buena,Justa,Algo,Ni de acuerdo ni en desacuerdo,,Si,Neutral,Moderadamente,,Ni de acuerdo ni en desacuerdo,Conozco las rutas de evacuación establecidas en la ciudad,0,1,0,0,0,0,0,0,0,0,0,0,Moderadamente preocupado/a,Con el tiempo necesario,,Ni bien ni mal,Ni bien ni mal,Ni bien ni mal,0.061688 -80.0584193 46.89999771118164 2.457,0.061688,-80.0584193,46.89999771,2.457
Pedernales,Conglomerado 3,Femenino,54,1,1,1,1,1,1,1,Corrupción en el sistema ,5,5,5,1,5,Falta de confianza en las instituciones ,,1,1,1,1,1,La violencia ,Consciente,"Sí, ha cambiado un poco",Redes sociales Líderes o partidos políticos,1,1,0,0,0,0,0,No realmente,Muy agresivo,No realmente,Reduce mucho mi confianza,A veces,Varias veces al día,Facebook Instagram TikTok YouTube Whatsapp,1,0,1,1,1,1,0,0,Mayormente equilibrado,A veces,Rara vez,"No, pero me interesaría",Si,Inseguro,Noche,Zonas oscuras o alejadas,0,0,0,1,0,0,0,5,1,5,1,1,1,1,No,Consumo de drogas,0,0,1,0,0,0,0,Ineficaz,Si,4,,"No, no hacen nada ","Sí, pero de forma insuficiente",Evitar salir de noche,1,0,0,0,0,"No, pero hay interés",0,1,0,0,Educación ciudadana,,Igual que el resto del país,Ni buena ni mala,Igual,Ni satisfecho/a ni insatisfecho/a,Igual,Limitada,Limitada,Limitada,Limitada,Limitada,Han aumentado mucho,Se ha mantenido igual,Ha aumentado,Ni de acuerdo ni en desacuerdo,Regular,Hospital,7,Justos,Si,Público o fiscal,,Regular,Buena,Buena,Injusta,Algo,Ni de acuerdo ni en desacuerdo,,Si,Neutral,Moderadamente,,Ni de acuerdo ni en desacuerdo,Tengo un plan de emergencia para toda la familia,1,0,0,0,0,0,0,0,0,0,0,0,Moderadamente preocupado/a,Con el tiempo necesario,,Ni bien ni mal,Ni bien ni mal,Ni bien ni mal,0.0634595 -80.0578785 39.89999771118164 3.462,0.0634595,-80.0578785,39.89999771,3.462
Pedernales,Conglomerado 3,Masculino,59,1,2,2,2,2,2,2,Reformar el sistema electoral y su transparencia ,5,5,5,1,5,Falta de educación en la ciudadanía para las elecciones ,,1,1,1,1,1,Miedo a represarias ,Consciente,Ha disminuido,Líderes o partidos políticos Desigualdad económica,0,1,0,1,0,0,0,No realmente,Muy agresivo,No realmente,Reduce mucho mi confianza,Rara vez,Varias veces al día,Facebook TikTok Whatsapp YouTube,1,0,0,1,1,1,0,0,Parcialmente sesgado,A veces,Rara vez,"No, pero me interesaría",Si,Inseguro,Noche,Zonas oscuras o alejadas,0,0,0,1,0,0,0,5,1,4,1,4,4,1,No,Consumo de drogas,0,0,1,0,0,0,0,Ineficaz,No,,Consideró que no serviría de nada,"No sabe, no responde","Sí, pero de forma insuficiente",Evitar salir de noche,1,0,0,0,0,"Sí, pero hay temor",0,0,1,0,Programas sociales para jóvenes,,Igual que el resto del país,Ni buena ni mala,Igual,Ni satisfecho/a ni insatisfecho/a,Igual,Limitada,Limitada,Limitada,Limitada,Limitada,Han aumentado mucho,Se ha mantenido igual,Ha aumentado,Ni de acuerdo ni en desacuerdo,Regular,Hospital,8,Justos,Si,Público o fiscal,,Regular,Buena,Buena,Justa,Algo,Ni de acuerdo ni en desacuerdo,,Si,Neutral,Poco,,Ni de acuerdo ni en desacuerdo,Conozco los números de emergencia,0,0,0,0,1,0,0,0,0,0,0,0,Moderadamente preocupado/a,Lentamente,,Ni bien ni mal,Ni bien ni mal,Ni bien ni mal,0.0624652 -80.0573054 29.600000381469727 4.9,0.0624652,-80.0573054,29.60000038,4.9
Pedernales,Conglomerado 3,Masculino,49,1,1,1,1,1,1,1,Establecer límites claros hacia los gastos electorales ,5,5,5,1,5,Falta de educación electoral ,,1,1,1,1,3,Falta de confianza electoral ,Consciente,"Sí, ha cambiado un poco",Líderes o partidos políticos,0,1,0,0,0,0,0,No realmente,Muy agresivo,No realmente,Reduce un poco mi confianza,A veces,Varias veces al día,Facebook TikTok YouTube Whatsapp,1,0,0,1,1,1,0,0,Mayormente equilibrado,A veces,No estoy seguro/a,"No, pero me interesaría",Si,Inseguro,Noche,Zonas oscuras o alejadas,0,0,0,1,0,0,0,1,1,4,1,1,5,1,Si,Consumo de drogas,0,0,1,0,0,0,0,Neutral,Si,3,,"No, no hacen nada ","No, no hacen nada ",Evitar salir de noche,1,0,0,0,0,"Sí, pero hay temor",0,0,1,0,Programas sociales para jóvenes,,Igual que el resto del país,Ni buena ni mala,Medianamente mejor,Ni satisfecho/a ni insatisfecho/a,Mejor,Limitada,Limitada,Limitada,Limitada,Limitada,Han aumentado mucho,Se ha mantenido igual,Ha aumentado,Ni de acuerdo ni en desacuerdo,Regular,Hospital,7,Justos,Si,Público o fiscal,,Regular,Buena,Buena,Justa,Algo,Ni de acuerdo ni en desacuerdo,,Si,Inseguro,Poco,,Ni de acuerdo ni en desacuerdo,Conozco los sitios seguros de la ciudad,0,0,0,0,0,0,0,0,1,0,0,0,Moderadamente preocupado/a,Rápidamente,,Ni bien ni mal,Ni bien ni mal,Ni bien ni mal,0.0628867 -80.0563882 25.700000762939453 4.416,0.0628867,-80.0563882,25.70000076,4.416
Atahualpa,,Masculino,57,2,2,2,3,3,3,3,Mas justicia,3,3,3,3,3,No es justa,,2,3,3,3,3,Riesgo de mortalidad,Consciente,"Sí, ha cambiado un poco",Líderes o partidos políticos,0,1,0,0,0,0,0,"Sí, en parte",Poco agresivo,"Sí, en ciertos casos",Neutral,Frecuentemente,Algunas veces por semana,Facebook Whatsapp,1,0,0,0,0,1,0,0,Mayormente equilibrado,"Sí, frecuentemente",No estoy seguro/a,"No, pero me interesaría",Si,Seguro,Mañana,Transporte público,0,1,0,0,0,0,0,2,2,2,2,2,2,2,No,Consumo de drogas,0,0,1,0,0,0,0,Neutral,No,,Temor a represalias,"Sí, pero de forma insuficiente","Sí, pero de forma insuficiente",Evitar salir de noche,1,0,0,0,0,"No, pero hay interés",0,1,0,0,Más patrullas policiales,,Ligeramente peor que el resto del país,Regular,Igual,Satisfecho/a,Igual,Limitada,Limitada,Limitada,Limitada,Limitada,No han cambiado,Ha aumentado poco,Ha aumentado,En desacuerdo,Regular,Centro de salud de la parroquia,6,Justos,No,,,,,,Injusta,Neutral,En desacuerdo,,No,,,Neutral,Ni de acuerdo ni en desacuerdo,He participado en simulacros de desastres naturales que se han realizado,0,0,0,1,0,0,0,0,0,0,0,0,Muy preocupado/a,Rápidamente,,Ni bien ni mal,Ni bien ni mal,Ni bien ni mal,-0.0285905 -79.9700585 71.30000305175781 15.933,-0.0285905,-79.9700585,71.30000305,15.933
Cojimies,,Masculino,73,1,5,3,2,5,5,5,La parte judicial,3,2,3,5,2,Fraudes,,5,5,5,5,5,"La delincuencia, Narcotráfico",Nada consciente,Ha disminuido,Falta de diálogo,0,0,0,0,1,0,0,"No, en absoluto",Muy agresivo,No realmente,Aumenta mi confianza,Nunca,Una vez al día,Facebook TikTok Telegram,1,0,0,1,0,0,1,0,No consumo,No sé,Nunca,No lo sé,No,Seguro,Madrugada,Zonas oscuras o alejadas,0,0,0,1,0,0,0,1,1,1,1,1,1,1,No,Consumo de drogas,0,0,1,0,0,0,0,Neutral,No,,Consideró que no serviría de nada,"Sí, de manera activa","Sí, de manera activa",Evitar salir de noche,1,0,0,0,0,"No, pero hay interés",0,1,0,0,Mayor iluminación pública,,Mucho peor que el resto del país,Regular,Mejor,Insatisfecho/a,Mucho peor,Extremadamente limitada,Extremadamente limitada,Extremadamente limitada,Extremadamente limitada,Extremadamente limitada,Han disminuido mucho,Ha aumentado mucho,Ha aumentado mucho,En desacuerdo,Muy difícil,Centro de salud de la parroquia,2,Muy justos,No,,,,,,Justa,Mucho,En desacuerdo,,Si,Seguro,Nada,,Totalmente en desacuerdo,Estoy informado sobre los riesgos de desastres naturales en mi área,0,0,0,0,0,0,1,0,0,0,0,0,Extremadamente preocupado/a,Rápidamente,,Muy bien,Ni bien ni mal,Muy bien,0.3672322 -80.0327553 15.100000381469727 5.866,0.3672322,-80.0327553,15.10000038,5.866
Cojimies,,Femenino,30,1,1,1,1,1,3,2,Acabar con los asesinatos,3,2,2,5,5,Fraudes electorales,,1,5,1,5,1,Que maten a los políticos,Poco consciente,Ha disminuido,Redes sociales,1,0,0,0,0,0,0,No realmente,Constructivo y respetuoso,"Sí, en ciertos casos",Aumenta mi confianza,Siempre,Varias veces al día,Whatsapp,0,0,0,0,0,1,0,0,No consumo,No sé,"Sí, ocasionalmente","Sí, activamente",Si,Seguro,Noche,Zonas oscuras o alejadas,0,0,0,1,0,0,0,1,3,2,2,2,2,2,No,Consumo de drogas,0,0,1,0,0,0,0,Muy ineficaz,Si,1,,"Sí, de manera activa","Sí, pero de forma insuficiente",Evitar salir de noche,1,0,0,0,0,"Sí, hay grupos de vigilancia",1,0,0,0,Mayor iluminación pública,,Ligeramente mejor que el resto del país,Regular,Mejor,Muy insatisfecho/a,Peor,Suficiente,Suficiente,Muy limitada,Suficiente,Suficiente,Han disminuido mucho,Ha aumentado poco,Ha aumentado mucho,En desacuerdo,Muy difícil,Centro de salud de la parroquia,4,No sabe/no responde,Si,Público o fiscal,,Muy mala,Regular,Muy mala,No sabe/no responde,Nada,Totalmente en desacuerdo,,Si,Neutral,Poco,,En desacuerdo,Tengo un plan de emergencia para toda la familia,1,0,0,0,0,0,0,0,0,0,0,0,Poco preocupado/a,Rápidamente,,Muy bien,Muy mal,Ni bien ni mal,0.3662168 -80.0327537 14.000000953674316 11.511,0.3662168,-80.0327537,14.00000095,11.511
Cojimies,,Masculino,52,1,3,1,3,5,3,2,Acabar con la delincuencia,5,1,1,5,4,Fraudes,,1,3,3,2,1,Crimen,Muy consciente,No ha cambiado,Falta de diálogo,0,0,0,0,1,0,0,"No, en absoluto",Muy agresivo,No estoy seguro/a,No afecta mi confianza,Frecuentemente,Una vez al día,Facebook,1,0,0,0,0,0,0,0,No consumo,A veces,"Sí, ocasionalmente","No, no me importa",Si,Seguro,Madrugada,Zonas oscuras o alejadas,0,0,0,1,0,0,0,5,5,5,1,1,3,1,No,Consumo de drogas,0,0,1,0,0,0,0,Muy ineficaz,No,,Otras,"Sí, de manera activa","Sí, de manera activa",Evitar salir de noche,1,0,0,0,0,"Sí, hay grupos de vigilancia",1,0,0,0,Mayor iluminación pública,,Ligeramente mejor que el resto del país,Ni buena ni mala,Medianamente mejor,Muy insatisfecho/a,Peor,Muy limitada,Limitada,Moderada,Moderada,Moderada,Han disminuido mucho,Ha disminuido mucho,Ha disminuido,En desacuerdo,Difícil,Centro de salud de la parroquia,6,Injustos,Si,Ninguna,,,,,Muy injusta,Poco,Totalmente en desacuerdo,,Si,Muy seguro,Poco,,En desacuerdo,Tengo un plan de emergencia para toda la familia,1,0,0,0,0,0,0,0,0,0,0,0,Nada preocupado/a,Muy lentamente,,Muy bien,Muy mal,Muy mal,0.36747 -80.0338683 15.100000381469727 4.542,0.36747,-80.0338683,15.10000038,4.542
Cojimies,,Masculino,35,2,1,3,1,3,2,1,Acabar con la delincuencia ,5,4,3,2,3,Fraudes,,3,3,4,3,4,Crimen,Poco consciente,No ha cambiado,Falta de diálogo,0,0,0,0,1,0,0,"Sí, en parte",Constructivo y respetuoso,No estoy seguro/a,Reduce un poco mi confianza,Nunca,Rara vez,Facebook,1,0,0,0,0,0,0,0,No consumo,Rara vez,"Sí, ocasionalmente",No lo sé,No,Seguro,Madrugada,Zonas oscuras o alejadas,0,0,0,1,0,0,0,4,2,5,2,2,4,2,No,Falta de presencia policial Consumo de drogas,0,1,1,0,0,0,0,Muy ineficaz,No,,Otras,"Sí, pero de forma insuficiente","Sí, de manera activa",Evitar salir de noche,1,0,0,0,0,"No sabe, no responde",0,0,0,1,Más patrullas policiales,,Ligeramente peor que el resto del país,Ni buena ni mala,Igual,Muy insatisfecho/a,Mejor,Limitada,Suficiente,Suficiente,Moderada,Moderada,Han disminuido poco,Se ha mantenido igual,Se ha mantenido igual,Ni de acuerdo ni en desacuerdo,Regular,Centro de salud de la parroquia,4,Justos,No,,,,,,Justa,Poco,Ni de acuerdo ni en desacuerdo,,No,,,Fácil,De acuerdo,Conozco las rutas de evacuación establecidas en la ciudad,0,1,0,0,0,0,0,0,0,0,0,0,Moderadamente preocupado/a,Muy rápidamente,,Bien,Ni bien ni mal,Ni bien ni mal,0.3658243 -80.0325501 14.100000381469727 2.9,0.3658243,-80.0325501,14.10000038,2.9
Cojimies,,Masculino,54,5,5,5,3,5,4,5,Cambio presidencial,5,5,3,5,5,Fraudes,,1,1,1,1,5,"Arriesgasn sus vidas
",Poco consciente,No ha cambiado,Redes sociales,1,0,0,0,0,0,0,No realmente,Constructivo y respetuoso,"Sí, claramente",Neutral,Siempre,Rara vez,Otras,0,0,0,0,0,0,0,1,No consumo,No sé,Nunca,No lo sé,Si,Seguro,Noche,Transporte público,0,1,0,0,0,0,0,1,3,3,3,2,2,4,No,Falta de trabajo,1,0,0,0,0,0,0,Neutral,Si,1,,"No, no hacen nada ","No, no hacen nada ",Evitar salir de noche,1,0,0,0,0,"Sí, hay grupos de vigilancia",1,0,0,0,Más patrullas policiales,,Mucho peor que el resto del país,Mala,Mejor,Muy insatisfecho/a,Igual,Extremadamente limitada,Extremadamente limitada,Muy limitada,Extremadamente limitada,Extremadamente limitada,Han disminuido mucho,Ha disminuido mucho,Ha aumentado mucho,Totalmente en desacuerdo,Difícil,Hospital,3,Muy injustos,No,,,,,,Injusta,Poco,Totalmente en desacuerdo,,No,,,Fácil,Totalmente en desacuerdo,Tengo un plan de emergencia para toda la familia,1,0,0,0,0,0,0,0,0,0,0,0,Nada preocupado/a,Muy rápidamente,,Ni bien ni mal,Ni bien ni mal,Bien,0.3678755 -80.0337107 15.100000381469727 4.585,0.3678755,-80.0337107,15.10000038,4.585
Cojimies,,Masculino,56,4,3,4,4,4,4,4,Cambiar la delincuenciai,3,2,3,3,3,Fraudes,,4,4,3,4,4,Sicariatos,Neutral,No ha cambiado,Redes sociales,1,0,0,0,0,0,0,No realmente,Muy agresivo,"Sí, en ciertos casos",Aumenta mi confianza,A veces,Rara vez,YouTube,0,0,0,0,1,0,0,0,Mayormente equilibrado,"Sí, frecuentemente",No estoy seguro/a,"No, pero me interesaría",Si,Muy inseguro,Noche,Calles principales,0,0,1,0,0,0,0,4,4,4,4,4,4,4,No,Falta de trabajo,1,0,0,0,0,0,0,Neutral,No,,Consideró que no serviría de nada,"No, no hacen nada ","No, no hacen nada ",Evitar salir de noche,1,0,0,0,0,"No, pero hay interés",0,1,0,0,Programas sociales para jóvenes,,Igual que el resto del país,Ni buena ni mala,Medianamente mejor,Insatisfecho/a,Mejor,Suficiente,Limitada,Suficiente,Suficiente,Suficiente,Han disminuido poco,Se ha mantenido igual,Ha disminuido,De acuerdo,Muy difícil,Centro de salud de la parroquia,7,Injustos,No,,,,,,Justa,Mucho,En desacuerdo,,Si,Neutral,Moderadamente,,Totalmente en desacuerdo,Conozco las rutas de evacuación establecidas en la ciudad,0,1,0,0,0,0,0,0,0,0,0,0,Moderadamente preocupado/a,Muy lentamente,,Muy mal,Ni bien ni mal,Muy mal,0.3649285 -80.0382807 16.299999237060547 4.157,0.3649285,-80.0382807,16.29999924,4.157
Cojimies,,Masculino,45,4,4,4,4,4,4,4,Taller,4,4,4,4,4,Fraudes,,3,3,4,4,4,Sicariatos,Poco consciente,No ha cambiado,Medios tradicionales,0,0,1,0,0,0,0,Neutral,Poco agresivo,No estoy seguro/a,Neutral,Rara vez,Varias veces al día,Facebook,1,0,0,0,0,0,0,0,Mayormente equilibrado,Rara vez,No estoy seguro/a,"No, no me importa",Si,Neutral,Madrugada,Calles principales,0,0,1,0,0,0,0,3,4,4,4,4,4,4,No,Corrupción,0,0,0,1,0,0,0,Eficaz,No,,Temor a represalias,"No, no hacen nada ","No, no hacen nada ",Cambiar itinerarios y rutas,0,0,0,1,0,"Sí, pero hay temor",0,0,1,0,Educación ciudadana,,Mucho peor que el resto del país,Muy Mala,Peor,Satisfecho/a,Mejor,Suficiente,Suficiente,Suficiente,Suficiente,Suficiente,No han cambiado,Se ha mantenido igual,Se ha mantenido igual,De acuerdo,Muy difícil,Centro médico particular,7,Injustos,No,,,,,,Muy injusta,Poco,En desacuerdo,,Si,Inseguro,Totalmente,,De acuerdo,He participado en simulacros de desastres naturales que se han realizado,0,0,0,1,0,0,0,0,0,0,0,0,Muy preocupado/a,Muy lentamente,,No sabe/no responde,Ni bien ni mal,Muy mal,0.3634166 -80.0375992 17.900001525878906 3.171,0.3634166,-80.0375992,17.90000153,3.171
Cojimies,,Masculino,86,3,4,3,4,4,4,4,Fraudes,4,4,4,4,4,Sicariatos ,,4,4,4,4,4,Si ario,Poco consciente,No ha cambiado,Líderes o partidos políticos,0,1,0,0,0,0,0,No realmente,Poco agresivo,No realmente,No afecta mi confianza,Rara vez,Una vez al día,Twitter/X,0,1,0,0,0,0,0,0,Altamente polarizado,A veces,"Sí, ocasionalmente","No, no me importa",No,Inseguro,Tarde,Transporte público,0,1,0,0,0,0,0,4,4,4,4,4,4,4,No,Consumo de drogas,0,0,1,0,0,0,0,Eficaz,No,,Consideró que no serviría de nada,"No, no hacen nada ","No, no hacen nada ",Participar en grupos vecinales,0,0,1,0,0,"Sí, pero hay temor",0,0,1,0,Liderazgo de las autoridades locales,,Mucho peor que el resto del país,Mala,Medianamente mejor,Ni satisfecho/a ni insatisfecho/a,Peor,Suficiente,Muy suficiente,Muy suficiente,Muy suficiente,Muy suficiente,Han aumentado mucho,Ha aumentado poco,Ha disminuido,Ni de acuerdo ni en desacuerdo,Regular,Policlínico,9,Injustos,No,,,,,,Justa,Algo,Totalmente en desacuerdo,,No,,,Difícil,Ni de acuerdo ni en desacuerdo,Conozco las rutas de evacuación establecidas en la ciudad,0,1,0,0,0,0,0,0,0,0,0,0,Moderadamente preocupado/a,Lentamente,,Muy mal,Muy mal,Muy mal,0.3651979 -80.0375304 16.100000381469727 2.483,0.3651979,-80.0375304,16.10000038,2.483
Cojimies,,Femenino,56,3,3,3,3,3,3,3,Consejos,4,3,2,3,3,Sicariatos ,,3,4,4,4,4,Muerte,Neutral,No ha cambiado,Redes sociales,1,0,0,0,0,0,0,"Sí, en parte",Muy agresivo,"No, en absoluto",Neutral,A veces,Una vez al día,Telegram,0,0,0,0,0,0,1,0,No consumo,A veces,Rara vez,"No, pero me interesaría",No,Neutral,Noche,Transporte público,0,1,0,0,0,0,0,4,4,4,4,4,4,4,No,Falta de trabajo,1,0,0,0,0,0,0,Ineficaz,Si,3,,"No sabe, no responde","No, no hacen nada ",Evitar salir de noche,1,0,0,0,0,"Sí, pero hay temor",0,0,1,0,Programas sociales para jóvenes,,Ligeramente peor que el resto del país,Muy Mala,Igual,Muy insatisfecho/a,Peor,Moderada,Suficiente,Suficiente,Suficiente,Suficiente,No han cambiado,Ha aumentado poco,Ha disminuido,Ni de acuerdo ni en desacuerdo,Regular,Policlínico,8,Justos,Si,Público o fiscal,,Muy mala,Buena,Muy buena,Muy justa,Mucho,En desacuerdo,,Si,Inseguro,Poco,,Totalmente en desacuerdo,Tengo un plan de emergencia para toda la familia,1,0,0,0,0,0,0,0,0,0,0,0,Poco preocupado/a,Lentamente,,Ni bien ni mal,Muy mal,Ni bien ni mal,0.3653283 -80.0370346 18.80000114440918 4.716,0.3653283,-80.0370346,18.80000114,4.716
Cojimies,,Masculino,57,2,4,4,3,3,3,3,Consejos ,5,5,5,5,3,Fraudes,,4,4,4,4,3,Sicariatos ,Nada consciente,No ha cambiado,Desigualdad económica,0,0,0,1,0,0,0,"Sí, en parte",Muy agresivo,No realmente,Aumenta mi confianza,Rara vez,Varias veces al día,Facebook,1,0,0,0,0,0,0,0,Parcialmente sesgado,Rara vez,Rara vez,"No, pero me interesaría",Si,Muy inseguro,Noche,Parques,1,0,0,0,0,0,0,4,2,3,3,4,3,4,Si,Falta de trabajo,1,0,0,0,0,0,0,Eficaz,Si,3,,"No, no hacen nada ","Sí, pero de forma insuficiente",Evitar salir de noche,1,0,0,0,0,"No, pero hay interés",0,1,0,0,Más patrullas policiales,,Ligeramente peor que el resto del país,Mala,No sabe/no contesta,Muy insatisfecho/a,Peor,Suficiente,Suficiente,Suficiente,Suficiente,Suficiente,No han cambiado,Ha aumentado poco,Ha aumentado,Totalmente en desacuerdo,Muy fácil,Centro de salud de la parroquia,7,Muy injustos,No,,,,,,Justa,Neutral,Totalmente en desacuerdo,,No,,,Muy difícil,Totalmente en desacuerdo,Conozco las rutas de evacuación establecidas en la ciudad,0,1,0,0,0,0,0,0,0,0,0,0,Muy preocupado/a,Con el tiempo necesario,,Ni bien ni mal,Ni bien ni mal,Muy mal,0.3662668 -80.036372 18.700000762939453 6.066,0.3662668,-80.036372,18.70000076,6.066
Cojimies,,Femenino,68,1,2,2,2,3,3,2,Se necesita más unión comunitario ,4,4,4,5,5,Fraudes,,5,5,5,4,3,Muchos riesgos ,Muy consciente,Ha disminuido,Redes sociales,1,0,0,0,0,0,0,No realmente,Muy agresivo,No realmente,Neutral,Nunca,Nunca,Otras,0,0,0,0,0,0,0,1,Mayormente equilibrado,Rara vez,Nunca,"No, no me importa",No,Inseguro,Noche,Zonas oscuras o alejadas,0,0,0,1,0,0,0,1,4,1,1,4,1,1,No,Falta de trabajo,1,0,0,0,0,0,0,Ineficaz,No,,Temor a represalias,"No, no hacen nada ","No, no hacen nada ",Evitar salir de noche,1,0,0,0,0,"Sí, pero hay temor",0,0,1,0,Liderazgo de las autoridades locales,,Igual que el resto del país,Buena,Mejor,Muy insatisfecho/a,Peor,Muy suficiente,Suficiente,Suficiente,Suficiente,Suficiente,Han disminuido poco,Ha disminuido poco,Se ha mantenido igual,Ni de acuerdo ni en desacuerdo,Difícil,Centro de salud de la parroquia,7,Muy justos,No,,,,,,Justa,Algo,Totalmente en desacuerdo,,Si,Muy inseguro,Nada,,Totalmente en desacuerdo,Conozco las rutas de evacuación establecidas en la ciudad,0,1,0,0,0,0,0,0,0,0,0,0,Moderadamente preocupado/a,No sabe/no responde,,Bien,Ni bien ni mal,Ni bien ni mal,0.3659638 -80.0356588 18.600000381469727 4.56,0.3659638,-80.0356588,18.60000038,4.56
Cojimies,,Femenino,38,4,4,3,3,4,4,4,Cambio de presidente ,3,3,4,3,3,Fraude,,3,4,4,4,3,Cambios de voto ,Nada consciente,No ha cambiado,Líderes o partidos políticos,0,1,0,0,0,0,0,"No, en absoluto",Muy agresivo,No realmente,No afecta mi confianza,Rara vez,Nunca,Facebook Otras,1,0,0,0,0,0,0,1,Altamente polarizado,A veces,Nunca,No lo sé,Si,Seguro,Madrugada,Zonas oscuras o alejadas,0,0,0,1,0,0,0,3,1,4,3,1,1,2,No,Falta de trabajo,1,0,0,0,0,0,0,Muy ineficaz,No,,Temor a represalias,"Sí, pero de forma insuficiente","Sí, pero de forma insuficiente",Evitar salir de noche,1,0,0,0,0,"Sí, hay grupos de vigilancia",1,0,0,0,Mayor iluminación pública,,Mucho peor que el resto del país,Regular,Mejor,Muy insatisfecho/a,Peor,Moderada,Suficiente,Suficiente,Suficiente,Suficiente,Han disminuido mucho,Ha disminuido poco,Ha disminuido,Ni de acuerdo ni en desacuerdo,Muy difícil,Centro de salud de la parroquia,9,Muy justos,Si,Ninguna,,,,,Muy injusta,Nada,Totalmente en desacuerdo,,Si,Neutral,Moderadamente,,En desacuerdo,Tengo un plan de emergencia para toda la familia,1,0,0,0,0,0,0,0,0,0,0,0,Muy preocupado/a,Rápidamente,,Muy mal,Muy mal,Muy mal,0.36554 -80.035736 18.5 4.016,0.36554,-80.035736,18.5,4.016
Cojimies,,Femenino,45,1,4,3,3,3,3,2,De presidente ,4,4,4,4,4,Fraudes ,,2,3,3,3,3,Sicariatos ,Nada consciente,Ha disminuido,Líderes o partidos políticos,0,1,0,0,0,0,0,"No, en absoluto",Muy agresivo,No realmente,No afecta mi confianza,A veces,Varias veces al día,Facebook,1,0,0,0,0,0,0,0,Mayormente equilibrado,Rara vez,Rara vez,"No, no me importa",Si,Inseguro,Tarde,Transporte público,0,1,0,0,0,0,0,1,3,3,4,4,4,4,No,Falta de trabajo,1,0,0,0,0,0,0,Ineficaz,No,,Desconfianza en las autoridades,"Sí, de manera activa","Sí, pero de forma insuficiente",Instalar cámaras o alarmas,0,1,0,0,0,"No, pero hay interés",0,1,0,0,Más patrullas policiales,,Mucho peor que el resto del país,Ni buena ni mala,Medianamente mejor,Ni satisfecho/a ni insatisfecho/a,Peor,Muy suficiente,Suficiente,Suficiente,Suficiente,Suficiente,Han disminuido poco,Ha disminuido poco,Ha aumentado,Totalmente en desacuerdo,Muy difícil,Centro de salud de la parroquia,1,Injustos,Si,Público o fiscal,,Mala,Regular,Buena,Muy justa,Mucho,Totalmente en desacuerdo,,Si,Muy inseguro,Nada,,En desacuerdo,Tengo un plan de emergencia para toda la familia,1,0,0,0,0,0,0,0,0,0,0,0,Poco preocupado/a,Rápidamente,,Bien,Muy mal,Muy mal,0.3660186 -80.0348978 19.400001525878906 2.78,0.3660186,-80.0348978,19.40000153,2.78
Cojimies,,Femenino,72,1,3,1,2,5,5,5,Cambio de presidente ,5,1,2,5,4,Fraude ,,2,3,3,3,2,Sicariatos ,Nada consciente,No sé,Redes sociales,1,0,0,0,0,0,0,"Sí, en parte",Muy agresivo,No realmente,No afecta mi confianza,Nunca,Una vez al día,Otras,0,0,0,0,0,0,0,1,Mayormente equilibrado,No sé,No estoy seguro/a,No lo sé,Si,Seguro,Noche,Transporte público,0,1,0,0,0,0,0,1,1,1,1,2,2,2,No,Falta de trabajo,1,0,0,0,0,0,0,Muy ineficaz,No,,Otras,"No, no hacen nada ","No, no hacen nada ",Evitar salir de noche,1,0,0,0,0,"No, pero hay interés",0,1,0,0,Más patrullas policiales,,Mucho peor que el resto del país,Regular,Mejor,Muy insatisfecho/a,Igual,Suficiente,Moderada,Muy suficiente,Muy suficiente,Moderada,Han disminuido mucho,Ha disminuido mucho,Ha aumentado mucho,Totalmente en desacuerdo,Difícil,Clínica privada,7,Justos,Si,Ninguna,,,,,Injusta,Poco,Ni de acuerdo ni en desacuerdo,,No,,,Muy difícil,Totalmente de acuerdo,Tengo un plan de emergencia para toda la familia,1,0,0,0,0,0,0,0,0,0,0,0,Moderadamente preocupado/a,Rápidamente,,Muy mal,Muy mal,Muy mal,0.3661091 -80.0347876 18.700000762939453 4.676,0.3661091,-80.0347876,18.70000076,4.676
Cojimies,,Masculino,54,3,3,3,3,3,3,3,Cambio presidencial ,3,3,3,3,3,Fraudes,,2,4,4,4,4,Sicariatos ,Nada consciente,Ha disminuido,Líderes o partidos políticos,0,1,0,0,0,0,0,No realmente,Muy agresivo,No realmente,Neutral,Nunca,Una vez al día,Facebook,1,0,0,0,0,0,0,0,Mayormente equilibrado,Rara vez,Rara vez,"No, no me importa",Si,Muy inseguro,Tarde,Parques,1,0,0,0,0,0,0,4,4,3,3,4,4,4,No,Falta de trabajo,1,0,0,0,0,0,0,Ineficaz,No,,Desconfianza en las autoridades,"Sí, pero de forma insuficiente","Sí, pero de forma insuficiente",Instalar cámaras o alarmas,0,1,0,0,0,"No, pero hay interés",0,1,0,0,Programas sociales para jóvenes,,Mucho peor que el resto del país,Ni buena ni mala,Igual,Ni satisfecho/a ni insatisfecho/a,Mejor,Limitada,Muy suficiente,Limitada,Moderada,Suficiente,Han disminuido poco,Ha disminuido poco,Ha aumentado,Totalmente en desacuerdo,Regular,Hospital,3,Justos,No,,,,,,Muy justa,Neutral,Totalmente en desacuerdo,,No,,,Difícil,Totalmente en desacuerdo,Tengo un plan de emergencia para toda la familia,1,0,0,0,0,0,0,0,0,0,0,0,Poco preocupado/a,Rápidamente,,Bien,Muy mal,Ni bien ni mal,0.3653633 -80.0338686 14.800000190734863 4.634,0.3653633,-80.0338686,14.80000019,4.634
Cojimies,,Masculino,39,4,3,2,2,3,4,3,Precidencial ,3,4,3,3,3,Fraudes,,3,3,3,3,3,Sicariatos ,Nada consciente,No ha cambiado,Medios tradicionales,0,0,1,0,0,0,0,"Sí, en parte",Neutral,No realmente,Aumenta mi confianza,Rara vez,Una vez al día,Otras,0,0,0,0,0,0,0,1,No consumo,Rara vez,Rara vez,"No, no me importa",Si,Muy inseguro,Noche,Parques Centros comerciales Calles principales Zonas oscuras o alejadas,1,0,1,1,1,0,0,1,3,4,1,3,4,3,No,Consumo de drogas,0,0,1,0,0,0,0,Muy ineficaz,No,,Desconfianza en las autoridades,"Sí, de manera activa","No, no hacen nada ",Evitar salir de noche,1,0,0,0,0,"Sí, hay grupos de vigilancia",1,0,0,0,Liderazgo de las autoridades locales,,Ligeramente peor que el resto del país,Ni buena ni mala,Igual,Insatisfecho/a,Mejor,Limitada,Muy suficiente,Suficiente,Moderada,Muy suficiente,Han disminuido poco,Se ha mantenido igual,Ha disminuido,En desacuerdo,Muy difícil,Hospital,8,Muy justos,No,,,,,,Muy justa,Mucho,Totalmente en desacuerdo,,No,,,Neutral,Totalmente en desacuerdo,Conozco las rutas de evacuación establecidas en la ciudad,0,1,0,0,0,0,0,0,0,0,0,0,Extremadamente preocupado/a,Muy lentamente,,Bien,Ni bien ni mal,Ni bien ni mal,0.3665953 -80.0337891 15.100000381469727 3.575,0.3665953,-80.0337891,15.10000038,3.575
Cojimies,,Femenino,35,3,3,3,4,4,3,4,Precidencial ,3,2,2,2,2,Fraude ,,5,2,2,3,4,Sicariatos ,Poco consciente,No ha cambiado,Líderes o partidos políticos,0,1,0,0,0,0,0,No realmente,Muy agresivo,No realmente,Neutral,Frecuentemente,Nunca,Otras,0,0,0,0,0,0,0,1,No consumo,Rara vez,Rara vez,"Sí, ocasionalmente",No,Muy inseguro,Mañana,Transporte público,0,1,0,0,0,0,0,4,3,3,3,3,3,3,No,Falta de trabajo,1,0,0,0,0,0,0,Ineficaz,No,,Otras,"No, no hacen nada ","No, no hacen nada ",Otras,0,0,0,0,1,"Sí, pero hay temor",0,0,1,0,Programas sociales para jóvenes,,Mucho peor que el resto del país,No sabe/no contesta,No sabe/no contesta,Satisfecho/a,Igual,Moderada,Suficiente,Suficiente,Suficiente,Suficiente,Han disminuido poco,Se ha mantenido igual,Se ha mantenido igual,En desacuerdo,Difícil,Centro de salud de la parroquia,9,Injustos,No,,,,,,Justa,Poco,Totalmente en desacuerdo,,No contesta,,,,Totalmente en desacuerdo,He participado en simulacros de desastres naturales que se han realizado,0,0,0,1,0,0,0,0,0,0,0,0,Muy preocupado/a,No sabe/no responde,,Ni bien ni mal,Ni bien ni mal,Ni bien ni mal,0.3655006 -80.0334637 16.100000381469727 4.157,0.3655006,-80.0334637,16.10000038,4.157
Cojimies,,Masculino,65,3,3,3,3,3,3,3,Cambio presidencial ,3,3,3,3,3,Fraudes,,2,4,4,4,4,Sicariatos ,Poco consciente,No sé,Medios tradicionales,0,0,1,0,0,0,0,No realmente,Muy agresivo,No realmente,Aumenta mi confianza,A veces,Rara vez,Otras,0,0,0,0,0,0,0,1,No consumo,No sé,Nunca,"No, no me importa",Si,Muy inseguro,Noche,Zonas oscuras o alejadas,0,0,0,1,0,0,0,4,4,3,3,3,3,3,No,Falta de trabajo,1,0,0,0,0,0,0,Ineficaz,No,,Desconfianza en las autoridades,"Sí, de manera activa","No, no hacen nada ",Participar en grupos vecinales,0,0,1,0,0,"No, pero hay interés",0,1,0,0,Más patrullas policiales,,Mucho peor que el resto del país,Muy Mala,No sabe/no contesta,Satisfecho/a,Peor,Suficiente,Suficiente,Suficiente,Suficiente,Suficiente,Han aumentado poco,Ha aumentado poco,Ha disminuido,De acuerdo,Regular,Centro de salud de la parroquia,4,Muy justos,No,,,,,,Muy justa,Mucho,Totalmente en desacuerdo,,No,,,Difícil,Totalmente en desacuerdo,Tengo un plan de emergencia para toda la familia,1,0,0,0,0,0,0,0,0,0,0,0,Muy preocupado/a,Lentamente,,Muy mal,Ni bien ni mal,Ni bien ni mal,0.3656157 -80.0327457 14.40000057220459 3.7,0.3656157,-80.0327457,14.40000057,3.7
Atahualpa,,Femenino,36,5,5,5,3,5,5,3,Mejor preparamiento ,5,2,2,5,3,No ser conocidos ,,3,3,3,2,3,Represalias ,Neutral,No ha cambiado,Redes sociales,1,0,0,0,0,0,0,No realmente,Muy agresivo,"Sí, en ciertos casos",Aumenta mi confianza,A veces,Varias veces al día,Otras,0,0,0,0,0,0,0,1,Parcialmente sesgado,"Sí, frecuentemente",No estoy seguro/a,"Sí, ocasionalmente",No,Neutral,Noche,Parques,1,0,0,0,0,0,0,1,1,5,1,1,4,1,Si,Falta de trabajo,1,0,0,0,0,0,0,Muy ineficaz,No,,Consideró que no serviría de nada,"Sí, pero de forma insuficiente","Sí, pero de forma insuficiente",Evitar salir de noche,1,0,0,0,0,"No, pero hay interés",0,1,0,0,Liderazgo de las autoridades locales,,Igual que el resto del país,Buena,Igual,Ni satisfecho/a ni insatisfecho/a,Mejor,Moderada,Moderada,Moderada,Suficiente,Suficiente,No han cambiado,Ha aumentado poco,Ha aumentado,Ni de acuerdo ni en desacuerdo,Regular,Hospital,9,Injustos,Si,Público o fiscal,,Buena,Buena,Buena,Injusta,Algo,Ni de acuerdo ni en desacuerdo,,No,,,Neutral,En desacuerdo,Conozco las rutas de evacuación establecidas en la ciudad,0,1,0,0,0,0,0,0,0,0,0,0,Poco preocupado/a,Con el tiempo necesario,,No sabe/no responde,No sabe/no responde,No sabe/no responde,-0.027909 -79.970258 50.29999923706055 18.844,-0.027909,-79.970258,50.29999924,18.844
Atahualpa,,Femenino,45,3,3,3,3,3,3,3,Igualdad ,3,3,3,3,3,Clase social ,,4,4,4,4,4,Represaria,Neutral,No sé,Desigualdad económica Líderes o partidos políticos,0,1,0,1,0,0,0,Neutral,Neutral,"Sí, en ciertos casos",Neutral,A veces,Algunas veces por semana,YouTube,0,0,0,0,1,0,0,0,Parcialmente sesgado,"Sí, frecuentemente","Sí, ocasionalmente","No, no me importa",No,Neutral,Noche,Zonas oscuras o alejadas,0,0,0,1,0,0,0,3,3,3,3,3,3,3,No,Falta de presencia policial Crimen organizado,0,1,0,0,1,0,0,Ineficaz,No,,Temor a represalias,"No, no hacen nada ","No, no hacen nada ",Participar en grupos vecinales Instalar cámaras o alarmas,0,1,1,0,0,"No, pero hay interés",0,1,0,0,Programas sociales para jóvenes,,Igual que el resto del país,Ni buena ni mala,Igual,Ni satisfecho/a ni insatisfecho/a,Igual,Suficiente,Suficiente,Suficiente,Muy suficiente,Suficiente,No han cambiado,Se ha mantenido igual,Se ha mantenido igual,En desacuerdo,Regular,Centro de salud de la parroquia,6,Injustos,No,,,,,,Justa,Neutral,Ni de acuerdo ni en desacuerdo,,No,,,Neutral,Ni de acuerdo ni en desacuerdo,Conozco las rutas de evacuación establecidas en la ciudad,0,1,0,0,0,0,0,0,0,0,0,0,Moderadamente preocupado/a,Con el tiempo necesario,,Muy mal,Muy mal,Muy mal,-0.0278344 -79.9695826 50.099998474121094 20.81,-0.0278344,-79.9695826,50.09999847,20.81
Atahualpa,,Masculino,73,3,3,3,3,3,3,3,Mejor información ,5,3,3,3,3,Clase socual,,4,3,3,3,3,Represalias ,Poco consciente,No sé,Medios tradicionales Desigualdad económica,0,0,1,1,0,0,0,"Sí, en parte",Muy agresivo,No realmente,No afecta mi confianza,A veces,Rara vez,Whatsapp,0,0,0,0,0,1,0,0,Mayormente equilibrado,A veces,No estoy seguro/a,"No, no me importa",No,Neutral,Noche,Calles principales Centros comerciales,0,0,1,0,1,0,0,1,2,3,2,3,2,1,No,Falta de trabajo,1,0,0,0,0,0,0,Ineficaz,No,,Temor a represalias,"Sí, pero de forma insuficiente","No, no hacen nada ",Evitar salir de noche,1,0,0,0,0,"No, pero hay interés Sí, hay grupos de vigilancia Sí, pero hay temor No sabe, no responde",1,1,1,1,Más patrullas policiales,,Igual que el resto del país,Buena,Mejor,Satisfecho/a,Igual,Moderada,Suficiente,Moderada,Suficiente,Moderada,Han disminuido poco,Se ha mantenido igual,Ha disminuido,En desacuerdo,Regular,Hospital,10,Injustos,Si,Público o fiscal,,Muy buena,Muy buena,Muy buena,No sabe/no responde,Neutral,En desacuerdo,,No,,,Difícil,De acuerdo,Tengo un plan de emergencia para toda la familia,1,0,0,0,0,0,0,0,0,0,0,0,Moderadamente preocupado/a,Lentamente,,Bien,Muy mal,Muy mal,-0.0272734 -79.9689968 81.30000305175781 17.444,-0.0272734,-79.9689968,81.30000305,17.444
Atahualpa,,Masculino,70,3,4,2,2,1,3,3,Mas fuerte y ,5,2,2,3,5,Que tengas perfíl educativo y q no sean corruptos ,,2,2,2,4,4,Represalias ,Consciente,No ha cambiado,Desigualdad económica Otras,0,0,0,1,0,0,1,"Sí, en parte",Muy agresivo,"Sí, en ciertos casos",Reduce un poco mi confianza,Nunca,Rara vez,Whatsapp,0,0,0,0,0,1,0,0,Parcialmente sesgado,A veces,"Sí, ocasionalmente","No, pero me interesaría",No,Inseguro,Tarde,Parques Calles principales,1,0,1,0,0,0,0,4,2,4,4,4,2,3,No,Consumo de drogas Falta de presencia policial Falta de trabajo,1,1,1,0,0,0,0,Neutral,Si,3,,"Sí, de manera activa","Sí, de manera activa",Evitar salir de noche Instalar cámaras o alarmas,1,1,0,0,0,"No, pero hay interés No sabe, no responde",0,1,0,1,Más patrullas policiales,,Ligeramente mejor que el resto del país,Regular,Mejor,Satisfecho/a,Mejor,Moderada,Moderada,Moderada,Moderada,Limitada,Han aumentado poco,Ha disminuido mucho,Ha aumentado,En desacuerdo,Fácil,Clínica privada,10,Injustos,Si,Público o fiscal,,Mala,Mala,Mala,Injusta,Neutral,De acuerdo,,Si,Neutral,Moderadamente,,De acuerdo,Conozco las rutas de evacuación establecidas en la ciudad,0,1,0,0,0,0,0,0,0,0,0,0,Muy preocupado/a,Lentamente,,Muy mal,Muy mal,Muy mal,-0.0272011 -79.9688441 81.30000305175781 15.95,-0.0272011,-79.9688441,81.30000305,15.95
Atahualpa,,Masculino,72,3,3,3,3,3,3,3,Igualdad ,2,2,2,2,2,Desigualdad ,,5,5,3,3,4,Represaria ,Neutral,"Sí, ha cambiado significativamente",Desigualdad económica Redes sociales,1,0,0,1,0,0,0,Neutral,Muy agresivo,"Sí, en ciertos casos",Reduce un poco mi confianza,Frecuentemente,Varias veces al día,Facebook Whatsapp,1,0,0,0,0,1,0,0,Parcialmente sesgado,A veces,"Sí, ocasionalmente","Sí, ocasionalmente",Si,Inseguro,Noche,Parques Calles principales,1,0,1,0,0,0,0,2,1,3,1,3,2,1,No,Falta de trabajo Corrupción La pobreza Consumo de drogas,1,0,1,1,0,1,0,Ineficaz,No,,Desconfianza en las autoridades,"Sí, de manera activa","Sí, de manera activa",Evitar salir de noche,1,0,0,0,0,"Sí, hay grupos de vigilancia No sabe, no responde",1,0,0,1,Más patrullas policiales,,Mucho peor que el resto del país,Buena,Peor,Ni satisfecho/a ni insatisfecho/a,Peor,Limitada,Limitada,Limitada,Limitada,Limitada,Han disminuido poco,Ha disminuido poco,Ha aumentado,En desacuerdo,Fácil,Clínica privada,10,Injustos,No,,,,,,Injusta,Neutral,Ni de acuerdo ni en desacuerdo,,No,,,Neutral,En desacuerdo,Conozco las rutas de evacuación establecidas en la ciudad,0,1,0,0,0,0,0,0,0,0,0,0,Moderadamente preocupado/a,Lentamente,,Muy mal,Ni bien ni mal,Bien,-0.0281472 -79.9685234 80.5 13.123,-0.0281472,-79.9685234,80.5,13.123
Atahualpa,,Femenino,89,2,2,2,2,1,3,3,Igual social ,3,3,3,3,4,Desigualdad ,,3,3,3,3,3,Violencia ,Neutral,No sé,Desigualdad económica Medios tradicionales,0,0,1,1,0,0,0,"Sí, en parte",Muy agresivo,No realmente,No afecta mi confianza,Frecuentemente,Nunca,Otras,0,0,0,0,0,0,0,1,No consumo,No sé,Nunca,No lo sé,No,Neutral,Mañana,Parques,1,0,0,0,0,0,0,2,4,4,1,3,3,1,No,Falta de trabajo Crimen organizado,1,0,0,0,1,0,0,Neutral,No,,Desconfianza en las autoridades,"No, no hacen nada ","No, no hacen nada ",Evitar salir de noche,1,0,0,0,0,"No, pero hay interés No sabe, no responde",0,1,0,1,Más patrullas policiales,,Igual que el resto del país,Regular,Igual,Ni satisfecho/a ni insatisfecho/a,Mejor,Limitada,Limitada,Limitada,Limitada,Muy limitada,Han aumentado poco,Se ha mantenido igual,Ha aumentado,Ni de acuerdo ni en desacuerdo,Fácil,Clínica privada,6,Injustos,No,,,,,,Injusta,Neutral,Ni de acuerdo ni en desacuerdo,,No contesta,,,,En desacuerdo,"Conozco las rutas de evacuación establecidas en la ciudad Cuento con un kit de emergencia con agua, alimentos, botiquín, abrigos, etc.",0,1,1,0,0,0,0,0,0,0,0,0,Moderadamente preocupado/a,Rápidamente,,Ni bien ni mal,Muy mal,Ni bien ni mal,-0.0283928 -79.9686713 80.19999694824219 12.11,-0.0283928,-79.9686713,80.19999695,12.11
Atahualpa,,Femenino,42,3,3,3,3,3,2,3,Mayor información ,3,3,3,3,3,Gasta de profesionalismo ,,3,3,2,3,3,Crimen organizado ,Poco consciente,No sé,Medios tradicionales Desigualdad económica,0,0,1,1,0,0,0,No realmente,Moderadamente respetuoso,No realmente,Reduce un poco mi confianza,Frecuentemente,Varias veces al día,Facebook Whatsapp YouTube,1,0,0,0,1,1,0,0,Mayormente equilibrado,"Sí, frecuentemente",No estoy seguro/a,"No, pero me interesaría",No,Inseguro,Madrugada,Transporte público Parques,1,1,0,0,0,0,0,5,3,4,1,3,2,1,Prefiero no responder,Falta de trabajo Falta de presencia policial Consumo de drogas,1,1,1,0,0,0,0,Ineficaz,No,,Temor a represalias,"Sí, pero de forma insuficiente","Sí, pero de forma insuficiente",Evitar salir de noche,1,0,0,0,0,"No, pero hay interés No sabe, no responde",0,1,0,1,Más patrullas policiales,,Ligeramente peor que el resto del país,Buena,Igual,Satisfecho/a,Mejor,Suficiente,Moderada,Moderada,Moderada,Moderada,Han disminuido poco,Ha aumentado poco,Se ha mantenido igual,Ni de acuerdo ni en desacuerdo,Regular,Hospital,7,Injustos,Si,Público o fiscal,,Buena,Buena,Buena,Injusta,Neutral,De acuerdo,,Si,Seguro,Moderadamente,,En desacuerdo,Conozco los números de emergencia,0,0,0,0,1,0,0,0,0,0,0,0,Muy preocupado/a,Lentamente,,Ni bien ni mal,Ni bien ni mal,Ni bien ni mal,-0.0272475 -79.9677633 83.0 17.814,-0.0272475,-79.9677633,83,17.814
Atahualpa,,Masculino,50,3,4,4,5,1,4,3,Respeto en las decisiones ,5,2,5,5,5,Falta de entrega y responsabilidad ,,5,5,5,5,1,No sé respeta la voluntad del pueblo ,Consciente,Ha disminuido,Falta de respuesta a las demandas sociales,0,0,0,0,0,1,0,"No, en absoluto",Neutral,"Sí, en ciertos casos",Reduce un poco mi confianza,Rara vez,Rara vez,Whatsapp Facebook,1,0,0,0,0,1,0,0,No consumo,Rara vez,Rara vez,"No, pero me interesaría",No,Seguro,Tarde,Transporte público,0,1,0,0,0,0,0,2,1,5,1,2,2,1,No,Falta de trabajo Consumo de drogas,1,0,1,0,0,0,0,Neutral,No,,Temor a represalias,"Sí, pero de forma insuficiente","Sí, pero de forma insuficiente",Evitar salir de noche,1,0,0,0,0,"No, pero hay interés No sabe, no responde",0,1,0,1,Educación ciudadana,,Ligeramente peor que el resto del país,Mala,Peor,Ni satisfecho/a ni insatisfecho/a,Peor,Extremadamente limitada,Muy limitada,Limitada,Limitada,Limitada,Han aumentado poco,Se ha mantenido igual,Se ha mantenido igual,De acuerdo,Regular,Hospital,4,Injustos,Si,Privada o particular,,Mala,Muy buena,Mala,No sabe/no responde,Neutral,De acuerdo,,No,,,Neutral,Ni de acuerdo ni en desacuerdo,Conozco las rutas de evacuación establecidas en la ciudad,0,1,0,0,0,0,0,0,0,0,0,0,Moderadamente preocupado/a,Lentamente,,Ni bien ni mal,Ni bien ni mal,No sabe/no responde,-0.0267459 -79.9671003 83.0 82.276,-0.0267459,-79.9671003,83,82.276
Atahualpa,,Masculino,62,5,3,3,1,1,4,4,Q de acabe la corrupción ,4,3,2,5,5,Clase social ,,5,3,2,2,1,Malos políticos y delincuentes ,Consciente,No ha cambiado,Falta de diálogo,0,0,0,0,1,0,0,"Sí, totalmente",Muy agresivo,"Sí, claramente",Reduce mucho mi confianza,Frecuentemente,Nunca,Facebook,1,0,0,0,0,0,0,0,No consumo,Rara vez,Nunca,No lo sé,No,Seguro,Madrugada,Mercados de abastos Parques,1,0,0,0,0,0,1,1,1,2,1,1,1,1,No,Consumo de drogas,0,0,1,0,0,0,0,Eficaz,No,,Temor a represalias,"Sí, de manera activa","Sí, de manera activa",Cambiar itinerarios y rutas Evitar salir de noche,1,0,0,1,0,"No, pero hay interés",0,1,0,0,Educación ciudadana,,Ligeramente mejor que el resto del país,Regular,Igual,Satisfecho/a,Mejor,Muy suficiente,Suficiente,Muy suficiente,Muy suficiente,Muy suficiente,Han aumentado poco,Ha aumentado poco,Ha aumentado,En desacuerdo,Difícil,Centro médico particular,8,No sabe/no responde,No,,,,,,No sabe/no responde,Neutral,De acuerdo,,Si,Seguro,Poco,,De acuerdo,Conozco las rutas de evacuación establecidas en la ciudad,0,1,0,0,0,0,0,0,0,0,0,0,Moderadamente preocupado/a,Con el tiempo necesario,,No sabe/no responde,No sabe/no responde,No sabe/no responde,-0.0263333 -79.9671982 83.0999984741211 21.99,-0.0263333,-79.9671982,83.09999847,21.99
Atahualpa,,Femenino,55,2,3,3,4,4,4,4,Mejor igualdad,5,2,2,5,3,Las clases sociales ,,5,3,2,2,2,La violencia ,Poco consciente,"Sí, ha cambiado un poco",Falta de diálogo Redes sociales,1,0,0,0,1,0,0,Neutral,Muy agresivo,No estoy seguro/a,Neutral,Frecuentemente,Nunca,Otras,0,0,0,0,0,0,0,1,No consumo,No sé,Rara vez,No lo sé,No,Inseguro,Noche,Parques Transporte público,1,1,0,0,0,0,0,4,3,3,2,1,1,2,No,Falta de trabajo La pobreza,1,0,0,0,0,1,0,Neutral,No,,Temor a represalias,"Sí, pero de forma insuficiente","Sí, pero de forma insuficiente",Evitar salir de noche,1,0,0,0,0,"No, pero hay interés Sí, pero hay temor",0,1,1,0,Más patrullas policiales,,Ligeramente mejor que el resto del país,Regular,Igual,Satisfecho/a,Mejor,Moderada,Moderada,Moderada,Moderada,Moderada,No han cambiado,Se ha mantenido igual,Ha aumentado,Ni de acuerdo ni en desacuerdo,Regular,Centro de salud de la parroquia,6,Injustos,No,,,,,,Injusta,Algo,En desacuerdo,,No,,,Neutral,En desacuerdo,Conozco las rutas de evacuación establecidas en la ciudad,0,1,0,0,0,0,0,0,0,0,0,0,Muy preocupado/a,Lentamente,,Ni bien ni mal,Ni bien ni mal,Ni bien ni mal,-0.0260316 -79.9664412 81.80000305175781 33.217,-0.0260316,-79.9664412,81.80000305,33.217
Atahualpa,,Femenino,35,3,4,4,4,4,4,4,Que halla mejor formación profesional ,4,4,3,3,4,Falta de ingresos ,,2,3,4,2,3,Falta de economía ,Neutral,No ha cambiado,Medios tradicionales,0,0,1,0,0,0,0,Neutral,Neutral,No realmente,Neutral,Rara vez,Rara vez,Instagram,0,0,1,0,0,0,0,0,Parcialmente sesgado,Rara vez,"Sí, ocasionalmente","No, pero me interesaría",No,Inseguro,Madrugada,Calles principales,0,0,1,0,0,0,0,3,4,4,1,3,1,2,No,Falta de trabajo,1,0,0,0,0,0,0,Eficaz,No,,Temor a represalias,"No, no hacen nada ","No, no hacen nada ",Participar en grupos vecinales Instalar cámaras o alarmas,0,1,1,0,0,"No, pero hay interés No sabe, no responde",0,1,0,1,Programas sociales para jóvenes,,Igual que el resto del país,Buena,Peor,Ni satisfecho/a ni insatisfecho/a,Mejor,Suficiente,Moderada,Muy suficiente,Extremadamente limitada,Suficiente,Han disminuido poco,Ha disminuido poco,Se ha mantenido igual,En desacuerdo,Fácil,Hospital,3,Injustos,Si,Público o fiscal,,Buena,Mala,Mala,Injusta,Neutral,De acuerdo,,Si,Seguro,Moderadamente,,En desacuerdo,Conozco las rutas de evacuación establecidas en la ciudad,0,1,0,0,0,0,0,0,0,0,0,0,Muy preocupado/a,Con el tiempo necesario,,Muy mal,Muy mal,Ni bien ni mal,-0.0258314 -79.9664219 81.80000305175781 14.24,-0.0258314,-79.9664219,81.80000305,14.24
Atahualpa,,Femenino,43,2,5,5,5,3,3,4,Q no sea solo el interés personal ,5,3,3,5,3,Que no haya revalidad ,,3,3,2,2,2,Violencia ,Consciente,Ha disminuido,Falta de diálogo Redes sociales,1,0,0,0,1,0,0,"Sí, totalmente",Muy agresivo,"Sí, en ciertos casos",Reduce un poco mi confianza,Siempre,Varias veces al día,Whatsapp,0,0,0,0,0,1,0,0,Altamente polarizado,"Sí, frecuentemente",No estoy seguro/a,No lo sé,No,Seguro,Noche,Transporte público,0,1,0,0,0,0,0,2,1,1,1,1,1,1,No,Falta de trabajo,1,0,0,0,0,0,0,Neutral,No,,Desconfianza en las autoridades,"Sí, pero de forma insuficiente","Sí, pero de forma insuficiente",Otras,0,0,0,0,1,"Sí, pero hay temor",0,0,1,0,Más patrullas policiales,,Igual que el resto del país,Mala,Igual,Ni satisfecho/a ni insatisfecho/a,Peor,Muy limitada,Limitada,Muy limitada,Moderada,Moderada,No han cambiado,Ha aumentado poco,Se ha mantenido igual,En desacuerdo,Regular,Hospital,8,Justos,Si,Público o fiscal,,Muy buena,Regular,Regular,Injusta,Neutral,Ni de acuerdo ni en desacuerdo,,No,,,Neutral,En desacuerdo,Sé cómo contactar a las autoridades y/o instituciones en caso de desastre Tengo un plan de emergencia para toda la familia Conozco las rutas de evacuación establecidas en la ciudad,1,1,0,0,0,1,0,0,0,0,0,0,Muy preocupado/a,Con el tiempo necesario,,Muy mal,Ni bien ni mal,Ni bien ni mal,-0.0253737 -79.9668661 83.5 35.693,-0.0253737,-79.9668661,83.5,35.693
Atahualpa,,Femenino,49,4,4,3,3,3,3,3,Igualdad ,4,4,4,3,4,Falta de formación ,,4,4,4,3,4,La violencia ,Neutral,"Sí, ha cambiado significativamente",Medios tradicionales,0,0,1,0,0,0,0,"Sí, totalmente",Neutral,"Sí, en ciertos casos",Neutral,A veces,Algunas veces por semana,Twitter/X,0,1,0,0,0,0,0,0,Parcialmente sesgado,"Sí, frecuentemente","Sí, ocasionalmente","Sí, ocasionalmente",No,Inseguro,Noche,Calles principales,0,0,1,0,0,0,0,4,1,2,1,1,1,1,No,Falta de trabajo,1,0,0,0,0,0,0,Neutral,No,,Desconfianza en las autoridades,"Sí, pero de forma insuficiente","Sí, pero de forma insuficiente",Cambiar itinerarios y rutas Participar en grupos vecinales,0,0,1,1,0,"Sí, pero hay temor",0,0,1,0,Educación ciudadana,,Igual que el resto del país,Muy Mala,Peor,Ni satisfecho/a ni insatisfecho/a,Igual,Limitada,Moderada,Suficiente,Suficiente,Moderada,No han cambiado,Se ha mantenido igual,Se ha mantenido igual,En desacuerdo,Regular,Policlínico,4,Injustos,No,,,,,,Injusta,Neutral,En desacuerdo,,No contesta,,,,En desacuerdo,Tengo un plan de emergencia para toda la familia,1,0,0,0,0,0,0,0,0,0,0,0,Moderadamente preocupado/a,Rápidamente,,Ni bien ni mal,Muy mal,Ni bien ni mal,-0.0261323 -79.9654449 81.80000305175781 18.167,-0.0261323,-79.9654449,81.80000305,18.167
Pedernales,Conglomerado 1,Masculino,45,3,5,2,1,1,2,4,Cambiar la leyes,5,5,5,5,1,No hay cualquiera puede participr,,3,1,2,5,1,Delincuencia,Consciente,No ha cambiado,Redes sociales Desigualdad económica,1,0,0,1,0,0,0,"No, en absoluto",Muy agresivo,"Sí, claramente",Reduce mucho mi confianza,Siempre,Varias veces al día,Facebook TikTok,1,0,0,1,0,0,0,0,Mayormente equilibrado,"Sí, siempre","Sí, muy seguido","Sí, ocasionalmente",Si,Neutral,Madrugada,Zonas oscuras o alejadas,0,0,0,1,0,0,0,1,1,1,1,5,5,1,No,Falta de trabajo Consumo de drogas Falta de presencia policial,1,1,1,0,0,0,0,Ineficaz,No,,Otras,"Sí, pero de forma insuficiente","No sabe, no responde",Otras,0,0,0,0,1,"No sabe, no responde",0,0,0,1,Más patrullas policiales,,Igual que el resto del país,Ni buena ni mala,Igual,Satisfecho/a,Mucho mejor,Moderada,Moderada,Moderada,Limitada,Moderada,Han disminuido mucho,Ha disminuido poco,Ha aumentado mucho,En desacuerdo,Fácil,Hospital,7,Justos,Si,Público o fiscal,,Buena,Muy buena,Buena,Injusta,Mucho,En desacuerdo,,Si,Seguro,Nada,,En desacuerdo,Sé cómo contactar a las autoridades y/o instituciones en caso de desastre,0,0,0,0,0,1,0,0,0,0,0,0,Muy preocupado/a,Lentamente,,No sabe/no responde,Bien,No sabe/no responde,0.0783825 -80.0514958 34.89999771118164 4.383,0.0783825,-80.0514958,34.89999771,4.383
Pedernales,Conglomerado 1,Femenino,58,5,1,1,1,3,4,5,Que aya Libertad de expresion,5,3,1,3,5,Desinformacion,,3,1,3,5,1,Fraude,Consciente,No ha cambiado,Desigualdad económica,0,0,0,1,0,0,0,"Sí, en parte",Muy agresivo,"Sí, en ciertos casos",Reduce mucho mi confianza,A veces,Rara vez,Facebook,1,0,0,0,0,0,0,0,No consumo,Rara vez,No estoy seguro/a,"No, no me importa",No,Inseguro,Noche,Zonas oscuras o alejadas,0,0,0,1,0,0,0,1,2,1,1,2,1,1,No,Falta de trabajo La pobreza,1,0,0,0,0,1,0,Ineficaz,No,,Consideró que no serviría de nada,"Sí, pero de forma insuficiente","Sí, pero de forma insuficiente",Cambiar itinerarios y rutas Evitar salir de noche,1,0,0,1,0,"Sí, pero hay temor",0,0,1,0,Más patrullas policiales,,Igual que el resto del país,Regular,Igual,Satisfecho/a,Mejor,Limitada,Limitada,Extremadamente limitada,Extremadamente limitada,Extremadamente limitada,No han cambiado,Se ha mantenido igual,Se ha mantenido igual,En desacuerdo,Difícil,Hospital,5,Justos,Si,Privada o particular,,Regular,Muy buena,Muy buena,Injusta,Poco,En desacuerdo,,Si,Seguro,Poco,,En desacuerdo,Estoy informado sobre los riesgos de desastres naturales en mi área Conozco los números de emergencia He participado en simulacros de desastres naturales que se han realizado,0,0,0,1,1,0,1,0,0,0,0,0,Extremadamente preocupado/a,Lentamente,,Ni bien ni mal,Ni bien ni mal,Ni bien ni mal,0.0791776 -80.0516842 31.6 4.6,0.0791776,-80.0516842,31.6,4.6
Pedernales,Conglomerado 1,Masculino,28,3,3,4,1,1,1,3,La justicia ,5,3,3,3,5,La visión de nuestros votos ,,2,2,5,4,1,La transparencia al voto,Consciente,No ha cambiado,Redes sociales Medios tradicionales Falta de diálogo,1,0,1,0,1,0,0,"Sí, en parte",Neutral,"Sí, en ciertos casos",Reduce un poco mi confianza,Siempre,Varias veces al día,TikTok YouTube Whatsapp Facebook,1,0,0,1,1,1,0,0,Mayormente equilibrado,A veces,No estoy seguro/a,"No, pero me interesaría",Si,Inseguro,Noche,Parques Transporte público Zonas oscuras o alejadas Restaurantes y cafeterías,1,1,0,1,0,1,0,5,2,5,4,2,5,5,No,Consumo de drogas,0,0,1,0,0,0,0,Muy ineficaz,No,,Consideró que no serviría de nada,"Sí, de manera activa","No sabe, no responde",Evitar salir de noche Cambiar itinerarios y rutas,1,0,0,1,0,"Sí, pero hay temor",0,0,1,0,Más patrullas policiales,,Ligeramente peor que el resto del país,Ni buena ni mala,Medianamente mejor,Ni satisfecho/a ni insatisfecho/a,Mejor,Muy suficiente,Muy suficiente,Muy suficiente,Suficiente,Extremadamente suficiente,No han cambiado,Ha disminuido poco,Se ha mantenido igual,Totalmente en desacuerdo,Regular,Hospital,3,Justos,Si,Público o fiscal,,Mala,Muy mala,Muy buena,Injusta,Algo,En desacuerdo,,Si,Neutral,Moderadamente,,Ni de acuerdo ni en desacuerdo,Conozco las rutas de evacuación establecidas en la ciudad Conozco los números de emergencia Mi vivienda está preparada para resistir los embates de un desastre,0,1,0,0,1,0,0,0,0,0,1,0,Poco preocupado/a,Lentamente,,Ni bien ni mal,Muy mal,Muy bien,0.079023 -80.0524673 48.0 2.485,0.079023,-80.0524673,48,2.485
Pedernales,Conglomerado 1,Masculino,51,4,1,1,3,1,2,1,Reformar la Constitución,1,2,2,5,5,Recursos económicos y no apertura de los partidos politicos,,3,2,3,1,1,Fraude y datos no reales,Muy consciente,No ha cambiado,Líderes o partidos políticos,0,1,0,0,0,0,0,"Sí, totalmente",Muy agresivo,"Sí, claramente",Reduce mucho mi confianza,Frecuentemente,Varias veces al día,Facebook YouTube Whatsapp,1,0,0,0,1,1,0,0,Altamente polarizado,"Sí, siempre","Sí, ocasionalmente","Sí, ocasionalmente",Si,Inseguro,Noche,Zonas oscuras o alejadas Restaurantes y cafeterías Calles principales,0,0,1,1,0,1,0,3,2,5,3,3,1,4,No,Falta de trabajo Consumo de drogas Corrupción Crimen organizado,1,0,1,1,1,0,0,Ineficaz,No,,Desconfianza en las autoridades,"Sí, pero de forma insuficiente","Sí, pero de forma insuficiente",Evitar salir de noche Cambiar itinerarios y rutas,1,0,0,1,0,"Sí, pero hay temor",0,0,1,0,Liderazgo de las autoridades locales,,Igual que el resto del país,Buena,Igual,Satisfecho/a,Igual,Limitada,Limitada,Limitada,Limitada,Limitada,Han disminuido poco,Ha disminuido mucho,Ha aumentado,Totalmente en desacuerdo,Regular,Hospital,10,Justos,Si,Público o fiscal,,Buena,Muy buena,Regular,Injusta,Mucho,De acuerdo,,Si,Neutral,Nada,,En desacuerdo,Conozco las rutas de evacuación establecidas en la ciudad He participado en simulacros de desastres naturales que se han realizado Conozco los números de emergencia Sé cómo contactar a las autoridades y/o instituciones en caso de desastre Estoy informado sobre los riesgos de desastres naturales en mi área Tengo los documentos importantes protegidos y resguardados Mi vivienda está preparada para resistir los embates de un desastre Cuento con un fondo económico de emergencia,0,1,0,1,1,1,1,1,0,0,1,1,Moderadamente preocupado/a,Lentamente,,Muy mal,Muy mal,Muy mal,0.0798996 -80.0530463 33.599998474121094 4.2,0.0798996,-80.0530463,33.59999847,4.2
Pedernales,Conglomerado 1,Masculino,37,4,5,5,5,2,5,5,Parar la delincuencia,5,4,4,5,5,Medios de transporte,,3,3,1,3,4,Fraude,Poco consciente,"Sí, ha cambiado un poco",Falta de diálogo Falta de respuesta a las demandas sociales,0,0,0,0,1,1,0,"No, en absoluto",Muy agresivo,"Sí, en ciertos casos",Neutral,Rara vez,Rara vez,Facebook,1,0,0,0,0,0,0,0,Parcialmente sesgado,A veces,"Sí, ocasionalmente",No lo sé,No,Inseguro,Noche,Centros comerciales Transporte público,0,1,0,0,1,0,0,5,3,5,5,4,5,4,Prefiero no responder,Consumo de drogas Falta de presencia policial,0,1,1,0,0,0,0,Ineficaz,No,,Desconfianza en las autoridades,"Sí, pero de forma insuficiente","Sí, pero de forma insuficiente",Evitar salir de noche,1,0,0,0,0,"Sí, pero hay temor",0,0,1,0,Más patrullas policiales,,Igual que el resto del país,Regular,Igual,Insatisfecho/a,Mucho mejor,Moderada,Moderada,Moderada,Moderada,Moderada,Han disminuido poco,Ha disminuido poco,Ha disminuido,Totalmente en desacuerdo,Difícil,Hospital,8,Justos,Si,Público o fiscal,,Regular,Buena,Regular,Justa,Algo,De acuerdo,,Si,Seguro,Moderadamente,,En desacuerdo,Conozco las rutas de evacuación establecidas en la ciudad Conozco los números de emergencia,0,1,0,0,1,0,0,0,0,0,0,0,Muy preocupado/a,Lentamente,,No sabe/no responde,No sabe/no responde,No sabe/no responde,0.0776882 -80.0515151 63.7 4.94,0.0776882,-80.0515151,63.7,4.94
Pedernales,Conglomerado 1,Masculino,40,3,1,1,1,5,1,4,Que el gobierno no se involucre en el CNE,3,3,5,3,5,Que no se involucren las fuerzas armadas,,1,1,1,4,1,Fraudes,Neutral,No ha cambiado,Falta de respuesta a las demandas sociales,0,0,0,0,0,1,0,"Sí, totalmente",Poco agresivo,No realmente,Reduce un poco mi confianza,Frecuentemente,Varias veces al día,Facebook TikTok,1,0,0,1,0,0,0,0,Parcialmente sesgado,"Sí, frecuentemente",No estoy seguro/a,No lo sé,Si,Muy inseguro,Noche,Zonas oscuras o alejadas,0,0,0,1,0,0,0,3,1,5,5,1,5,4,Prefiero no responder,Falta de presencia policial Consumo de drogas,0,1,1,0,0,0,0,Ineficaz,No,,Desconfianza en las autoridades,"No, no hacen nada ","No, no hacen nada ",Evitar salir de noche,1,0,0,0,0,"No, pero hay interés",0,1,0,0,Mayor iluminación pública,,Ligeramente peor que el resto del país,Muy Mala,Igual,Ni satisfecho/a ni insatisfecho/a,Igual,Limitada,Limitada,Extremadamente limitada,Limitada,Limitada,Han disminuido mucho,Se ha mantenido igual,Se ha mantenido igual,Ni de acuerdo ni en desacuerdo,Regular,Otros,4,No sabe/no responde,Si,Público o fiscal,,Regular,Buena,Buena,Muy injusta,Mucho,En desacuerdo,,No contesta,,,,Ni de acuerdo ni en desacuerdo,Conozco las rutas de evacuación establecidas en la ciudad He participado en simulacros de desastres naturales que se han realizado,0,1,0,1,0,0,0,0,0,0,0,0,Extremadamente preocupado/a,Lentamente,,Muy mal,Muy mal,Muy mal,0.0768669 -80.0513863 32.0 4.4,0.0768669,-80.0513863,32,4.4
Pedernales,Conglomerado 1,Masculino,38,5,5,4,5,5,4,5,"En el tema de seguridad, cambios administrativos en las instituciones ",1,3,3,5,5,No hay recursos economicos y personal para llegar a los ciudadanos ,,5,4,5,5,1,Pérdida de la democracia de un pais,Consciente,No ha cambiado,Redes sociales,1,0,0,0,0,0,0,"No, en absoluto",Poco agresivo,"Sí, en ciertos casos",Reduce un poco mi confianza,A veces,Varias veces al día,Facebook YouTube Telegram,1,0,0,0,1,0,1,0,Altamente polarizado,A veces,"Sí, ocasionalmente","Sí, ocasionalmente",No,Muy inseguro,Noche,Calles principales,0,0,1,0,0,0,0,5,2,5,4,3,5,5,Prefiero no responder,Corrupción,0,0,0,1,0,0,0,Neutral,No,,Desconfianza en las autoridades,"Sí, pero de forma insuficiente","No, no hacen nada ",Cambiar itinerarios y rutas,0,0,0,1,0,"Sí, pero hay temor",0,0,1,0,Liderazgo de las autoridades locales,,Ligeramente mejor que el resto del país,Ni buena ni mala,Igual,Ni satisfecho/a ni insatisfecho/a,Mejor,Moderada,Moderada,Moderada,Moderada,Moderada,No han cambiado,Se ha mantenido igual,Se ha mantenido igual,Totalmente en desacuerdo,Fácil,Hospital,7,Muy justos,Si,Público o fiscal,,Muy buena,Muy buena,Muy buena,No sabe/no responde,Neutral,Ni de acuerdo ni en desacuerdo,,Si,Muy seguro,Poco,,En desacuerdo,Estoy informado sobre los riesgos de desastres naturales en mi área Conozco los sitios seguros de la ciudad Conozco las rutas de evacuación establecidas en la ciudad Conozco los números de emergencia,0,1,0,0,1,0,1,0,1,0,0,0,Poco preocupado/a,Muy lentamente,,Muy mal,Ni bien ni mal,Muy bien,0.0790922 -80.051887 45.20000076293945 4.9,0.0790922,-80.051887,45.20000076,4.9
Pedernales,Conglomerado 1,Masculino,36,5,2,1,1,1,2,2,Democracia justa,5,1,1,4,2,Personas que sean pueblo,,3,1,1,4,1,El que tiene la plata gana,Neutral,No ha cambiado,Medios tradicionales Líderes o partidos políticos Falta de diálogo,0,1,1,0,1,0,0,No realmente,Poco agresivo,"Sí, en ciertos casos",Neutral,Siempre,Varias veces al día,Facebook Twitter/X Instagram TikTok YouTube Whatsapp Telegram,1,1,1,1,1,1,1,0,Mayormente equilibrado,A veces,"Sí, muy seguido","Sí, ocasionalmente",No,Muy inseguro,Mañana,Parques Calles principales Transporte público Centros comerciales,1,1,1,0,1,0,0,5,5,5,4,4,5,5,Prefiero no responder,Consumo de drogas Corrupción Crimen organizado La pobreza,0,0,1,1,1,1,0,Ineficaz,No,,Consideró que no serviría de nada,"No sabe, no responde","No, no hacen nada ",Evitar salir de noche Cambiar itinerarios y rutas,1,0,0,1,0,"No sabe, no responde",0,0,0,1,Liderazgo de las autoridades locales,,Mucho peor que el resto del país,Ni buena ni mala,Igual,Satisfecho/a,Igual,Extremadamente limitada,Muy suficiente,Moderada,Limitada,Muy limitada,Han disminuido mucho,Se ha mantenido igual,Ha aumentado mucho,Totalmente en desacuerdo,Muy difícil,Hospital,1,Injustos,Si,Público o fiscal,,Buena,Mala,Buena,Injusta,Algo,Totalmente en desacuerdo,,Si,Seguro,Nada,,De acuerdo,Conozco las rutas de evacuación establecidas en la ciudad He participado en simulacros de desastres naturales que se han realizado Conozco los sitios seguros de la ciudad Cuento con un fondo económico de emergencia,0,1,0,1,0,0,0,0,1,0,0,1,Extremadamente preocupado/a,Con el tiempo necesario,,Muy mal,Muy mal,Muy bien,0.0789989 -80.0531197 50.70000076293945 3.428,0.0789989,-80.0531197,50.70000076,3.428
Pedernales,Conglomerado 4,Femenino,26,4,3,4,3,3,4,3,Buena Implementación ,3,3,4,3,4,Ninguna ,,4,3,3,4,3,Ninguno ,Poco consciente,No ha cambiado,Medios tradicionales,0,0,1,0,0,0,0,No realmente,Muy agresivo,No realmente,Aumenta mi confianza,Rara vez,Una vez al día,Facebook,1,0,0,0,0,0,0,0,Mayormente equilibrado,Rara vez,Rara vez,"No, no me importa",Si,Inseguro,Madrugada,Parques Transporte público,1,1,0,0,0,0,0,4,3,4,3,4,3,4,No,Falta de trabajo,1,0,0,0,0,0,0,Neutral,No,,Otras,"No, no hacen nada ","No, no hacen nada ",Cambiar itinerarios y rutas,0,0,0,1,0,"Sí, pero hay temor",0,0,1,0,Programas sociales para jóvenes,,Mucho peor que el resto del país,Buena,Igual,Ni satisfecho/a ni insatisfecho/a,Peor,Suficiente,Moderada,Suficiente,Moderada,Suficiente,No han cambiado,Ha disminuido poco,Ha aumentado,En desacuerdo,Regular,Policlínico,8,Injustos,No,,,,,,Justa,Algo,En desacuerdo,,Si,Seguro,Moderadamente,,En desacuerdo,Conozco las rutas de evacuación establecidas en la ciudad,0,1,0,0,0,0,0,0,0,0,0,0,Moderadamente preocupado/a,Rápidamente,,Muy mal,Ni bien ni mal,Muy mal,0.0501686 -80.0681442 15.700000762939453 4.5,0.0501686,-80.0681442,15.70000076,4.5
Pedernales,Conglomerado 4,Masculino,30,3,4,3,3,4,3,4,Ninguna ,3,4,3,4,3,Ninguna ,,3,4,3,4,3,Ninguna ,Neutral,No sé,Medios tradicionales,0,0,1,0,0,0,0,Neutral,Poco agresivo,No realmente,No afecta mi confianza,A veces,Una vez al día,Facebook,1,0,0,0,0,0,0,0,Parcialmente sesgado,A veces,Nunca,"No, pero me interesaría",Si,Inseguro,Madrugada,Calles principales,0,0,1,0,0,0,0,4,3,4,3,4,3,4,No,Consumo de drogas,0,0,1,0,0,0,0,Neutral,No,,Otras,"No, no hacen nada ","No, no hacen nada ",Instalar cámaras o alarmas,0,1,0,0,0,"No, pero hay interés",0,1,0,0,Programas sociales para jóvenes,,Mucho peor que el resto del país,Ni buena ni mala,Medianamente mejor,Ni satisfecho/a ni insatisfecho/a,Peor,Muy suficiente,Moderada,Suficiente,Muy suficiente,Suficiente,No han cambiado,Ha disminuido poco,Se ha mantenido igual,En desacuerdo,Regular,Centro de salud de la parroquia,8,Justos,Si,Privada o particular,,Buena,Regular,Buena,Injusta,Neutral,Totalmente en desacuerdo,,No contesta,,,,Ni de acuerdo ni en desacuerdo,Conozco las rutas de evacuación establecidas en la ciudad,0,1,0,0,0,0,0,0,0,0,0,0,Muy preocupado/a,Con el tiempo necesario,,Muy mal,Ni bien ni mal,Muy mal,0.0496291 -80.0688283 15.800000190734863 5.6,0.0496291,-80.0688283,15.80000019,5.6
Pedernales,Conglomerado 4,Masculino,30,4,3,4,4,3,3,4,Ninguno,4,3,4,3,4,Ninguna,,4,3,4,3,4,Ninguna,Neutral,No sé,Medios tradicionales,0,0,1,0,0,0,0,No realmente,Poco agresivo,No estoy seguro/a,No afecta mi confianza,A veces,Algunas veces por semana,Facebook,1,0,0,0,0,0,0,0,Mayormente equilibrado,Rara vez,Rara vez,"No, pero me interesaría",Si,Neutral,Noche,Transporte público,0,1,0,0,0,0,0,4,3,3,4,3,4,3,No,Falta de presencia policial,0,1,0,0,0,0,0,Neutral,No,,Otras,"No, no hacen nada ","No, no hacen nada ",Instalar cámaras o alarmas,0,1,0,0,0,"Sí, hay grupos de vigilancia",1,0,0,0,Programas sociales para jóvenes,,Ligeramente peor que el resto del país,Ni buena ni mala,Igual,Insatisfecho/a,Igual,Suficiente,Suficiente,Muy suficiente,Suficiente,Suficiente,Han disminuido poco,Se ha mantenido igual,Se ha mantenido igual,Ni de acuerdo ni en desacuerdo,Regular,Hospital,8,Injustos,No,,,,,,Injusta,Neutral,En desacuerdo,,Si,Inseguro,Poco,,En desacuerdo,Conozco las rutas de evacuación establecidas en la ciudad,0,1,0,0,0,0,0,0,0,0,0,0,Poco preocupado/a,Con el tiempo necesario,,Muy mal,Ni bien ni mal,Muy mal,0.0472717 -80.071374 24.0 3.8,0.0472717,-80.071374,24,3.8
Pedernales,Conglomerado 4,Masculino,38,4,3,4,3,4,3,4,Ninguna,3,4,3,3,3,Ninguna,,4,4,3,3,4,Ninguna,Neutral,No ha cambiado,Desigualdad económica,0,0,0,1,0,0,0,Neutral,Poco agresivo,No estoy seguro/a,No afecta mi confianza,A veces,Una vez al día,Facebook,1,0,0,0,0,0,0,0,Mayormente equilibrado,Rara vez,No estoy seguro/a,"No, no me importa",Si,Inseguro,Madrugada,Transporte público Calles principales,0,1,1,0,0,0,0,4,3,4,3,4,3,4,No,Falta de trabajo,1,0,0,0,0,0,0,Neutral,No,,Temor a represalias,"No, no hacen nada ","No, no hacen nada ",Evitar salir de noche,1,0,0,0,0,"Sí, hay grupos de vigilancia",1,0,0,0,Programas sociales para jóvenes,,Ligeramente peor que el resto del país,Ni buena ni mala,Igual,Ni satisfecho/a ni insatisfecho/a,Igual,Suficiente,Muy suficiente,Suficiente,Suficiente,Suficiente,Han disminuido poco,Ha disminuido poco,Ha aumentado,Ni de acuerdo ni en desacuerdo,Regular,Hospital,8,Injustos,No,,,,,,Injusta,Neutral,Totalmente en desacuerdo,,Si,Neutral,Moderadamente,,En desacuerdo,Tengo un plan de emergencia para toda la familia,1,0,0,0,0,0,0,0,0,0,0,0,Poco preocupado/a,Rápidamente,,Muy mal,Muy mal,Ni bien ni mal,0.0480573 -80.0704784 15.800000190734863 8.666,0.0480573,-80.0704784,15.80000019,8.666
Pedernales,Conglomerado 5,Femenino,30,3,4,3,4,4,3,4,Ninguna,4,3,4,3,4,Ninguna,,4,3,4,3,4,Ninguna,Poco consciente,"Sí, ha cambiado un poco",Redes sociales,1,0,0,0,0,0,0,No realmente,Poco agresivo,No estoy seguro/a,No afecta mi confianza,A veces,Algunas veces por semana,Facebook,1,0,0,0,0,0,0,0,Mayormente equilibrado,Rara vez,No estoy seguro/a,"No, pero me interesaría",Si,Muy inseguro,Noche,Zonas oscuras o alejadas,0,0,0,1,0,0,0,4,3,4,3,4,3,4,No,Falta de trabajo,1,0,0,0,0,0,0,Neutral,No,,Otras,"Sí, pero de forma insuficiente","No, no hacen nada ",Evitar salir de noche,1,0,0,0,0,"Sí, pero hay temor",0,0,1,0,Programas sociales para jóvenes,,Ligeramente peor que el resto del país,Ni buena ni mala,Medianamente mejor,Ni satisfecho/a ni insatisfecho/a,Igual,Muy suficiente,Suficiente,Suficiente,Suficiente,Suficiente,Han aumentado poco,Se ha mantenido igual,Se ha mantenido igual,Ni de acuerdo ni en desacuerdo,Difícil,Hospital,7,Injustos,No,,,,,,Injusta,Neutral,Ni de acuerdo ni en desacuerdo,,Si,Neutral,Moderadamente,,De acuerdo,He participado en simulacros de desastres naturales que se han realizado,0,0,0,1,0,0,0,0,0,0,0,0,Moderadamente preocupado/a,Con el tiempo necesario,,Muy mal,Ni bien ni mal,Muy mal,0.0097497 -80.0839294 22.900001525878906 11.141,0.0097497,-80.0839294,22.90000153,11.141
Pedernales,Conglomerado 5,Femenino,30,4,4,3,4,4,3,4,Ninguna,4,3,3,3,4,Ninguna,,4,3,4,3,4,Ninguna,Poco consciente,No ha cambiado,Medios tradicionales,0,0,1,0,0,0,0,No realmente,Moderadamente respetuoso,No estoy seguro/a,Neutral,A veces,Algunas veces por semana,Facebook,1,0,0,0,0,0,0,0,Parcialmente sesgado,A veces,"Sí, muy seguido","Sí, activamente",Si,Inseguro,Madrugada,Calles principales,0,0,1,0,0,0,0,4,3,4,4,3,4,3,No,Falta de presencia policial,0,1,0,0,0,0,0,Ineficaz,No,,Temor a represalias,"No, no hacen nada ","No, no hacen nada ",Participar en grupos vecinales,0,0,1,0,0,"Sí, hay grupos de vigilancia",1,0,0,0,Educación ciudadana,,Ligeramente peor que el resto del país,Muy Mala,Medianamente mejor,Insatisfecho/a,Mucho peor,Suficiente,Suficiente,Moderada,Muy suficiente,Suficiente,No han cambiado,Se ha mantenido igual,Se ha mantenido igual,Totalmente en desacuerdo,Muy difícil,Clínica privada,8,Justos,No,,,,,,Injusta,Mucho,Ni de acuerdo ni en desacuerdo,,No,,,Muy difícil,En desacuerdo,He participado en simulacros de desastres naturales que se han realizado,0,0,0,1,0,0,0,0,0,0,0,0,Poco preocupado/a,Con el tiempo necesario,,Muy mal,Ni bien ni mal,Muy mal,0.0092123 -80.0836208 23.200000762939453 8.922,0.0092123,-80.0836208,23.20000076,8.922
Pedernales,Conglomerado 5,Femenino,53,3,4,3,3,4,3,3,Ninguna ,3,2,4,3,4,Ninguna ,,1,3,3,3,3,Ninguna ,Poco consciente,No ha cambiado,Redes sociales,1,0,0,0,0,0,0,"No, en absoluto",Muy agresivo,"No, en absoluto",Neutral,Nunca,Una vez al día,Facebook,1,0,0,0,0,0,0,0,Mayormente equilibrado,Rara vez,Nunca,"No, pero me interesaría",Si,Inseguro,Noche,Calles principales Zonas oscuras o alejadas,0,0,1,1,0,0,0,4,3,4,3,4,3,4,No,Falta de trabajo,1,0,0,0,0,0,0,Eficaz,No,,Otras,"No, no hacen nada ","No, no hacen nada ",Evitar salir de noche,1,0,0,0,0,"No sabe, no responde",0,0,0,1,Programas sociales para jóvenes,,Mucho peor que el resto del país,Regular,Medianamente mejor,Ni satisfecho/a ni insatisfecho/a,Igual,Muy suficiente,Suficiente,Muy suficiente,Suficiente,Suficiente,Han disminuido mucho,Se ha mantenido igual,Se ha mantenido igual,En desacuerdo,Regular,Hospital,8,Injustos,Si,Público o fiscal,,Buena,Regular,Buena,Injusta,Neutral,En desacuerdo,,No,,,Neutral,Ni de acuerdo ni en desacuerdo,Conozco las rutas de evacuación establecidas en la ciudad,0,1,0,0,0,0,0,0,0,0,0,0,Moderadamente preocupado/a,Con el tiempo necesario,,Ni bien ni mal,Muy mal,Ni bien ni mal,0.0098841 -80.0844211 15.0 7.5,0.0098841,-80.0844211,15,7.5
Pedernales,Conglomerado 5,Masculino,74,3,4,3,4,3,3,4,Ninguna ,4,3,4,4,3,Ninguna ,,3,4,3,4,3,Ninguna ,Poco consciente,No ha cambiado,Medios tradicionales,0,0,1,0,0,0,0,"Sí, en parte",Poco agresivo,No estoy seguro/a,Neutral,Frecuentemente,Nunca,Otras,0,0,0,0,0,0,0,1,No consumo,A veces,No estoy seguro/a,"No, pero me interesaría",No,Neutral,Madrugada,Calles principales,0,0,1,0,0,0,0,4,3,4,3,4,4,3,No,Falta de presencia policial,0,1,0,0,0,0,0,Neutral,No,,Otras,"No, no hacen nada ","No, no hacen nada ",Participar en grupos vecinales,0,0,1,0,0,"Sí, pero hay temor",0,0,1,0,Programas sociales para jóvenes,,Igual que el resto del país,Ni buena ni mala,Igual,Ni satisfecho/a ni insatisfecho/a,Igual,Muy suficiente,Suficiente,Muy suficiente,Moderada,Suficiente,No han cambiado,Se ha mantenido igual,Ha disminuido mucho,Ni de acuerdo ni en desacuerdo,Difícil,Hospital,7,Injustos,No,,,,,,Injusta,Neutral,En desacuerdo,,No,,,Neutral,Ni de acuerdo ni en desacuerdo,Conozco las rutas de evacuación establecidas en la ciudad,0,1,0,0,0,0,0,0,0,0,0,0,Moderadamente preocupado/a,Con el tiempo necesario,,Muy mal,Ni bien ni mal,Muy mal,0.0101701 -80.0847886 26.400001525878906 8.795,0.0101701,-80.0847886,26.40000153,8.795
Pedernales,Conglomerado 5,Femenino,26,4,3,4,2,4,3,4,Ninguna ,3,2,4,3,4,Ninguna ,,3,4,2,4,3,Ninguna ,Consciente,Ha disminuido,Falta de diálogo,0,0,0,0,1,0,0,"No, en absoluto",Neutral,"No, en absoluto",Neutral,Frecuentemente,Varias veces al día,Facebook,1,0,0,0,0,0,0,0,Altamente polarizado,Rara vez,Rara vez,"No, no me importa",Si,Inseguro,Noche,Zonas oscuras o alejadas Calles principales,0,0,1,1,0,0,0,4,3,4,3,2,4,3,No,Falta de presencia policial,0,1,0,0,0,0,0,Muy ineficaz,No,,Consideró que no serviría de nada,"No, no hacen nada ","Sí, pero de forma insuficiente",Participar en grupos vecinales,0,0,1,0,0,"Sí, hay grupos de vigilancia",1,0,0,0,Programas sociales para jóvenes,,Mucho peor que el resto del país,Ni buena ni mala,Igual,Ni satisfecho/a ni insatisfecho/a,Mucho peor,Suficiente,Limitada,Suficiente,Moderada,Suficiente,No han cambiado,Ha disminuido poco,Ha aumentado,En desacuerdo,Difícil,Hospital,9,Injustos,Si,Público o fiscal,,Regular,Regular,Regular,Justa,Neutral,Totalmente en desacuerdo,,Si,Seguro,Moderadamente,,Ni de acuerdo ni en desacuerdo,Conozco las rutas de evacuación establecidas en la ciudad,0,1,0,0,0,0,0,0,0,0,0,0,Moderadamente preocupado/a,Con el tiempo necesario,,Ni bien ni mal,Bien,Muy mal,0.0089524 -80.0831084 22.900001525878906 5.765,0.0089524,-80.0831084,22.90000153,5.765
Pedernales,Conglomerado 5,Femenino,52,3,3,4,2,4,2,4,Ninguna ,4,3,4,4,3,Ninguna ,,3,4,3,4,3,Ninguna ,Poco consciente,No ha cambiado,Desigualdad económica,0,0,0,1,0,0,0,Neutral,Neutral,No estoy seguro/a,Neutral,A veces,Algunas veces por semana,Facebook,1,0,0,0,0,0,0,0,Mayormente equilibrado,Rara vez,Rara vez,"No, pero me interesaría",Si,Muy inseguro,Madrugada,Calles principales,0,0,1,0,0,0,0,3,4,3,4,4,3,4,No,Falta de presencia policial,0,1,0,0,0,0,0,Neutral,No,,Otras,"Sí, pero de forma insuficiente","No, no hacen nada ",Cambiar itinerarios y rutas,0,0,0,1,0,"Sí, pero hay temor",0,0,1,0,Programas sociales para jóvenes,,Ligeramente peor que el resto del país,Muy Mala,Medianamente mejor,Satisfecho/a,Mucho peor,Suficiente,Moderada,Muy suficiente,Suficiente,Suficiente,Han aumentado poco,Se ha mantenido igual,Se ha mantenido igual,En desacuerdo,Regular,Centro médico particular,7,Injustos,Si,Público o fiscal,,Regular,Mala,Mala,Injusta,Algo,Ni de acuerdo ni en desacuerdo,,No,,,Difícil,Ni de acuerdo ni en desacuerdo,He participado en simulacros de desastres naturales que se han realizado,0,0,0,1,0,0,0,0,0,0,0,0,Poco preocupado/a,Con el tiempo necesario,,Muy mal,Ni bien ni mal,Muy mal,0.0088811 -80.0830233 23.100000381469727 4.717,0.0088811,-80.0830233,23.10000038,4.717
Pedernales,Conglomerado 5,Masculino,58,2,4,3,3,2,4,2,Ninguna,2,4,2,3,4,Ninguna,,2,4,3,2,4,Ninguna,Muy consciente,No ha cambiado,Falta de diálogo,0,0,0,0,1,0,0,Neutral,Neutral,"Sí, claramente",No afecta mi confianza,Nunca,Nunca,Facebook,1,0,0,0,0,0,0,0,Parcialmente sesgado,No sé,"Sí, ocasionalmente","No, pero me interesaría",Si,Neutral,Madrugada,Transporte público Calles principales,0,1,1,0,0,0,0,3,4,3,4,2,4,3,No,Falta de presencia policial,0,1,0,0,0,0,0,Eficaz,No,,Consideró que no serviría de nada,"Sí, pero de forma insuficiente","No, no hacen nada ",Participar en grupos vecinales,0,0,1,0,0,"No, pero hay interés",0,1,0,0,Programas sociales para jóvenes,,Ligeramente mejor que el resto del país,Regular,Medianamente mejor,Ni satisfecho/a ni insatisfecho/a,Mejor,Moderada,Muy suficiente,Moderada,Suficiente,Moderada,No han cambiado,Se ha mantenido igual,Se ha mantenido igual,De acuerdo,Regular,Centro médico particular,8,Muy injustos,Si,Público o fiscal,,Regular,Buena,Regular,Muy injusta,Poco,De acuerdo,,No,,,Difícil,Totalmente de acuerdo,Tengo un plan de emergencia para toda la familia,1,0,0,0,0,0,0,0,0,0,0,0,Moderadamente preocupado/a,Rápidamente,,Ni bien ni mal,Muy mal,Ni bien ni mal,0.0095103 -80.0832346 23.200000762939453 9.827,0.0095103,-80.0832346,23.20000076,9.827
Pedernales,Conglomerado 5,Masculino,32,5,4,4,5,4,4,3,Ninguna,4,3,4,3,4,Ninguna,,4,3,4,4,4,Ninguna,Consciente,"Sí, ha cambiado un poco",Desigualdad económica,0,0,0,1,0,0,0,"No, en absoluto",Neutral,No realmente,Aumenta mi confianza,Siempre,Varias veces al día,Facebook Instagram TikTok,1,0,1,1,0,0,0,0,Parcialmente sesgado,A veces,Nunca,"No, pero me interesaría",Si,Muy inseguro,Madrugada,Transporte público,0,1,0,0,0,0,0,4,3,4,3,4,3,4,No,Consumo de drogas,0,0,1,0,0,0,0,Neutral,No,,Otras,"No, no hacen nada ","No, no hacen nada ",Evitar salir de noche,1,0,0,0,0,"No, pero hay interés",0,1,0,0,Programas sociales para jóvenes,,Ligeramente peor que el resto del país,Muy Mala,Peor,Insatisfecho/a,Mucho peor,Suficiente,Muy suficiente,Suficiente,Muy suficiente,Suficiente,No han cambiado,Se ha mantenido igual,Se ha mantenido igual,Ni de acuerdo ni en desacuerdo,Fácil,Centro médico particular,8,Injustos,Si,Público o fiscal,,Buena,Muy mala,Muy mala,Injusta,Neutral,Totalmente en desacuerdo,,Si,Seguro,Nada,,Ni de acuerdo ni en desacuerdo,Tengo un plan de emergencia para toda la familia,1,0,0,0,0,0,0,0,0,0,0,0,Moderadamente preocupado/a,Muy rápidamente,,Ni bien ni mal,Muy mal,Ni bien ni mal,0.0096519 -80.0825111 23.0 9.427,0.0096519,-80.0825111,23,9.427
Pedernales,Conglomerado 5,Femenino,45,4,3,4,3,4,3,4,Ninguna,3,4,3,4,3,Ninguna,,4,3,4,3,4,Ninguna,Consciente,Ha disminuido,Medios tradicionales,0,0,1,0,0,0,0,"No, en absoluto",Moderadamente respetuoso,"No, en absoluto",Reduce un poco mi confianza,Rara vez,Algunas veces por semana,Facebook,1,0,0,0,0,0,0,0,Parcialmente sesgado,No sé,Rara vez,No lo sé,Si,Inseguro,Noche,Calles principales,0,0,1,0,0,0,0,4,3,4,3,4,3,4,No,Falta de trabajo,1,0,0,0,0,0,0,Ineficaz,No,,Desconfianza en las autoridades,"No, no hacen nada ","No, no hacen nada ",Participar en grupos vecinales,0,0,1,0,0,"Sí, pero hay temor",0,0,1,0,Educación ciudadana,,Mucho peor que el resto del país,Muy buena,Medianamente mejor,Satisfecho/a,Mucho peor,Suficiente,Muy suficiente,Muy suficiente,Moderada,Muy suficiente,Han aumentado poco,Ha aumentado poco,Ha aumentado,Totalmente en desacuerdo,Muy difícil,Hospital,9,Muy injustos,Si,Público o fiscal,,Buena,Muy mala,Muy mala,Muy injusta,Mucho,Totalmente en desacuerdo,,Si,Seguro,Moderadamente,,Totalmente en desacuerdo,He participado en simulacros de desastres naturales que se han realizado,0,0,0,1,0,0,0,0,0,0,0,0,Muy preocupado/a,Muy rápidamente,,Muy mal,Ni bien ni mal,Muy mal,0.0097727 -80.0817689 23.200000762939453 13.459,0.0097727,-80.0817689,23.20000076,13.459
Pedernales,Conglomerado 5,Femenino,33,2,4,3,4,3,4,3,Ninguna,2,4,3,4,2,Ninguna,,2,4,3,4,3,Ninguna,Consciente,Ha disminuido,Medios tradicionales,0,0,1,0,0,0,0,"No, en absoluto",Poco agresivo,No realmente,Aumenta mi confianza,Rara vez,Algunas veces por semana,TikTok,0,0,0,1,0,0,0,0,Mayormente equilibrado,Rara vez,Rara vez,"No, no me importa",Si,Inseguro,Noche,Calles principales,0,0,1,0,0,0,0,3,4,3,4,4,3,4,No,Falta de trabajo,1,0,0,0,0,0,0,Neutral,No,,Consideró que no serviría de nada,"Sí, pero de forma insuficiente","No, no hacen nada ",Cambiar itinerarios y rutas,0,0,0,1,0,"Sí, pero hay temor",0,0,1,0,Programas sociales para jóvenes,,Mucho peor que el resto del país,Muy Mala,Medianamente mejor,Ni satisfecho/a ni insatisfecho/a,Peor,Suficiente,Moderada,Muy suficiente,Muy suficiente,Suficiente,No han cambiado,Ha aumentado poco,Ha aumentado,Ni de acuerdo ni en desacuerdo,Muy difícil,Hospital,8,Justos,Si,Público o fiscal,,Buena,Muy mala,Muy mala,Injusta,Neutral,En desacuerdo,,Si,Seguro,Moderadamente,,Ni de acuerdo ni en desacuerdo,Tengo un plan de emergencia para toda la familia,1,0,0,0,0,0,0,0,0,0,0,0,Poco preocupado/a,Con el tiempo necesario,,Muy mal,Bien,Muy mal,0.0098291 -80.0808129 24.80000114440918 5.891,0.0098291,-80.0808129,24.80000114,5.891
Pedernales,Conglomerado 2,Femenino,54,4,3,5,3,3,4,3,Que no haya mucha delincuencia y menos corrupción ,5,4,4,5,3,"Los lugares de votación en otras provincia, dificultad para viajar ",,5,3,5,5,3,Efecto del cambio climático ,Neutral,No sé,Redes sociales Falta de respuesta a las demandas sociales,1,0,0,0,0,1,0,Neutral,Muy agresivo,"Sí, claramente",Neutral,Siempre,Varias veces al día,TikTok Facebook,1,0,0,1,0,0,0,0,No consumo,Rara vez,"Sí, muy seguido",No lo sé,No,Inseguro,Noche,Parques Transporte público Calles principales Zonas oscuras o alejadas Centros comerciales Restaurantes y cafeterías Mercados de abastos,1,1,1,1,1,1,1,3,1,1,1,1,1,1,No,Falta de trabajo Falta de presencia policial La pobreza,1,1,0,0,0,1,0,Neutral,No,,Otras,"Sí, pero de forma insuficiente","Sí, pero de forma insuficiente",Evitar salir de noche Otras,1,0,0,0,1,"No, pero hay interés",0,1,0,0,Liderazgo de las autoridades locales,,Igual que el resto del país,Ni buena ni mala,Medianamente mejor,Ni satisfecho/a ni insatisfecho/a,Igual,Muy suficiente,Extremadamente suficiente,Extremadamente suficiente,Extremadamente limitada,Extremadamente limitada,No han cambiado,Se ha mantenido igual,Se ha mantenido igual,En desacuerdo,Regular,Centro de salud de la parroquia,10,Muy justos,Si,Público o fiscal,,Muy buena,Muy buena,Muy buena,No sabe/no responde,Neutral,De acuerdo,,No,,,Fácil,En desacuerdo,Conozco los números de emergencia Mi vivienda está preparada para resistir los embates de un desastre,0,0,0,0,1,0,0,0,0,0,1,0,Extremadamente preocupado/a,No sabe/no responde,,Muy mal,Muy mal,Muy mal,0.0785961 -80.0381802 45.599998474121094 24.777,0.0785961,-80.0381802,45.59999847,24.777
Pedernales,Conglomerado 2,Masculino,66,1,2,2,1,1,1,4,Que no haya corrupción ,4,4,5,5,5,Bastante candidatos para la presidencia ,,5,1,2,2,2,Desconfianza de los partidos políticos ,Nada consciente,No ha cambiado,Redes sociales Falta de respuesta a las demandas sociales Desigualdad económica,1,0,0,1,0,1,0,"No, en absoluto",Muy agresivo,"Sí, en ciertos casos",No afecta mi confianza,Siempre,Una vez al día,Facebook YouTube,1,0,0,0,1,0,0,0,Altamente polarizado,"Sí, siempre","Sí, ocasionalmente","Sí, activamente",Si,Muy inseguro,Noche,Zonas oscuras o alejadas Restaurantes y cafeterías,0,0,0,1,0,1,0,1,1,1,1,1,2,1,No,Falta de presencia policial Corrupción,0,1,0,1,0,0,0,Muy ineficaz,No,,Otras,"No, no hacen nada ","No, no hacen nada ",Otras,0,0,0,0,1,"No, pero hay interés No sabe, no responde",0,1,0,1,Mayor iluminación pública,,Ligeramente peor que el resto del país,Ni buena ni mala,Igual,Satisfecho/a,Peor,Muy limitada,Muy limitada,Muy limitada,Limitada,Limitada,Han disminuido poco,Ha disminuido poco,Ha aumentado mucho,De acuerdo,Regular,Centro de salud de la parroquia,1,Muy injustos,Si,Público o fiscal,,Buena,Buena,Buena,Injusta,Neutral,De acuerdo,,No,,,Fácil,De acuerdo,Conozco las rutas de evacuación establecidas en la ciudad,0,1,0,0,0,0,0,0,0,0,0,0,Moderadamente preocupado/a,Muy lentamente,,Muy mal,Muy mal,Muy mal,0.0780293 -80.0382904 54.29999923706055 22.326,0.0780293,-80.0382904,54.29999924,22.326
Pedernales,Conglomerado 2,Femenino,25,4,3,4,3,2,2,3,Libertad de expresión ,5,3,3,4,3,La parte económica ,,3,3,3,3,3,Los enfrentamiento entre ciudadanos ,Consciente,"Sí, ha cambiado un poco",Redes sociales Líderes o partidos políticos,1,1,0,0,0,0,0,"No, en absoluto",Poco agresivo,"Sí, claramente",Reduce un poco mi confianza,A veces,Varias veces al día,TikTok Facebook Instagram,1,0,1,1,0,0,0,0,No consumo,Rara vez,Rara vez,No lo sé,No,Neutral,Noche,Calles principales,0,0,1,0,0,0,0,3,1,1,1,1,1,1,No,Consumo de drogas Crimen organizado,0,0,1,0,1,0,0,Muy ineficaz,No,,Otras,"No sabe, no responde","No sabe, no responde",Evitar salir de noche,1,0,0,0,0,"No sabe, no responde",0,0,0,1,Liderazgo de las autoridades locales,,Ligeramente peor que el resto del país,Buena,Mejor,Satisfecho/a,Mejor,Extremadamente limitada,Extremadamente limitada,Extremadamente limitada,Extremadamente limitada,Extremadamente limitada,No han cambiado,Ha aumentado poco,Ha aumentado,De acuerdo,Regular,Clínica privada,8,Injustos,No,,,,,,Injusta,Mucho,De acuerdo,,Si,Neutral,Poco,,Totalmente en desacuerdo,Cuento con un fondo económico de emergencia,0,0,0,0,0,0,0,0,0,0,0,1,Moderadamente preocupado/a,No sabe/no responde,,Muy mal,Muy mal,Muy mal,0.077696 -80.0378282 49.39999771118164 22.468,0.077696,-80.0378282,49.39999771,22.468
Pedernales,Conglomerado 2,Femenino,36,4,1,2,3,1,1,1,Cambiar de presidente ,5,3,4,2,5,Que se de mejor atribución a las mujeres para los partidos políticos ,,1,3,1,2,1,Mayor fortalecimiento en las políticas públicas ,Poco consciente,"Sí, ha cambiado un poco",Redes sociales,1,0,0,0,0,0,0,"Sí, en parte",Muy agresivo,"Sí, en ciertos casos",Neutral,Siempre,Varias veces al día,Facebook TikTok,1,0,0,1,0,0,0,0,No consumo,No sé,Rara vez,"No, no me importa",No,Seguro,Madrugada,Zonas oscuras o alejadas,0,0,0,1,0,0,0,2,1,1,1,1,1,1,No,Falta de trabajo Falta de presencia policial Consumo de drogas Corrupción Crimen organizado La pobreza,1,1,1,1,1,1,0,Muy ineficaz,No,,Otras,"No, no hacen nada ","No, no hacen nada ",Evitar salir de noche,1,0,0,0,0,"No, pero hay interés",0,1,0,0,Más patrullas policiales,,Ligeramente peor que el resto del país,Mala,Mejor,Satisfecho/a,Igual,Muy suficiente,Extremadamente suficiente,Suficiente,Muy suficiente,Muy suficiente,Han disminuido poco,Se ha mantenido igual,Ha disminuido mucho,De acuerdo,Difícil,Hospital,1,Injustos,Si,Público o fiscal,,Buena,Buena,Buena,Injusta,Neutral,En desacuerdo,,Si,Neutral,Nada,,En desacuerdo,Conozco las rutas de evacuación establecidas en la ciudad,0,1,0,0,0,0,0,0,0,0,0,0,Moderadamente preocupado/a,Con el tiempo necesario,,Muy mal,Muy mal,Muy mal,0.0789035 -80.0372204 50.29999923706055 16.476,0.0789035,-80.0372204,50.29999924,16.476
Pedernales,Conglomerado 2,Femenino,32,5,5,5,2,1,5,5,Mayor participación ciudadana ,5,5,3,5,5,Falta de información ,,5,5,5,5,5,Riesgo por las  lluvias ,Consciente,"Sí, ha cambiado un poco",Falta de diálogo,0,0,0,0,1,0,0,Neutral,Muy agresivo,"Sí, en ciertos casos",Reduce un poco mi confianza,Nunca,Varias veces al día,TikTok Facebook Instagram,1,0,1,1,0,0,0,0,Mayormente equilibrado,Rara vez,Rara vez,"No, no me importa",No,Seguro,Madrugada,Parques Transporte público Zonas oscuras o alejadas Calles principales Centros comerciales Restaurantes y cafeterías Mercados de abastos,1,1,1,1,1,1,1,1,1,1,1,1,1,1,No,Falta de trabajo,1,0,0,0,0,0,0,Neutral,Si,5,,"No, no hacen nada ","No, no hacen nada ",Cambiar itinerarios y rutas,0,0,0,1,0,"Sí, pero hay temor",0,0,1,0,Programas sociales para jóvenes,,Mucho mejor que el resto del país,Ni buena ni mala,Igual,Satisfecho/a,Mucho mejor,Extremadamente suficiente,Extremadamente suficiente,Extremadamente suficiente,Extremadamente suficiente,Extremadamente suficiente,No han cambiado,Se ha mantenido igual,Se ha mantenido igual,De acuerdo,Regular,Hospital,5,Justos,No,,,,,,No sabe/no responde,Neutral,De acuerdo,,Si,Seguro,Moderadamente,,De acuerdo,Mi vivienda está preparada para resistir los embates de un desastre,0,0,0,0,0,0,0,0,0,0,1,0,Moderadamente preocupado/a,No sabe/no responde,,Ni bien ni mal,Ni bien ni mal,Ni bien ni mal,0.0795874 -80.0374247 37.20000076293945 31.632,0.0795874,-80.0374247,37.20000076,31.632
Cojimies,,Femenino,49,1,1,1,2,2,2,2,Implementar buenas prácticas ,5,4,4,4,4,No dejar participar ,,5,3,3,5,1,Que no sean justas,Neutral,No ha cambiado,Desigualdad económica,0,0,0,1,0,0,0,Neutral,Muy agresivo,"Sí, en ciertos casos",Neutral,Siempre,Nunca,Facebook,1,0,0,0,0,0,0,0,Mayormente equilibrado,A veces,Rara vez,"No, pero me interesaría",No,Seguro,Noche,Calles principales,0,0,1,0,0,0,0,1,1,2,2,2,2,2,No,Corrupción,0,0,0,1,0,0,0,Neutral,No,,Consideró que no serviría de nada,"Sí, pero de forma insuficiente","No, no hacen nada ",Evitar salir de noche,1,0,0,0,0,"Sí, pero hay temor",0,0,1,0,Programas sociales para jóvenes,,Ligeramente peor que el resto del país,Ni buena ni mala,Medianamente mejor,Insatisfecho/a,Igual,Limitada,Suficiente,Moderada,Moderada,Moderada,Han disminuido mucho,Ha disminuido mucho,Ha aumentado mucho,Totalmente en desacuerdo,Muy difícil,Centro de salud de la parroquia,5,Injustos,Si,Público o fiscal,,Muy buena,Muy buena,Muy buena,Justa,Mucho,Ni de acuerdo ni en desacuerdo,,Si,Seguro,Poco,,De acuerdo,Tengo un plan de emergencia para toda la familia,1,0,0,0,0,0,0,0,0,0,0,0,Moderadamente preocupado/a,Lentamente,,Ni bien ni mal,Ni bien ni mal,Ni bien ni mal,0.3677928 -80.0327433 35.72998046875 4.973,0.3677928,-80.0327433,35.72998047,4.973
Cojimies,,Femenino,26,4,3,3,4,3,3,3,Implementar leyes para fortalecer la democracia ,5,4,3,3,4,No dar oportunidades,,4,4,3,3,3,Que no sean justas ,Consciente,"Sí, ha cambiado un poco",Desigualdad económica,0,0,0,1,0,0,0,Neutral,Muy agresivo,"Sí, en ciertos casos",Reduce un poco mi confianza,Rara vez,Varias veces al día,Facebook,1,0,0,0,0,0,0,0,No consumo,Rara vez,No estoy seguro/a,"No, pero me interesaría",Si,Neutral,Madrugada,Calles principales,0,0,1,0,0,0,0,3,3,3,3,3,3,3,No,Falta de presencia policial,0,1,0,0,0,0,0,Eficaz,No,,Otras,"Sí, de manera activa","Sí, de manera activa",Evitar salir de noche,1,0,0,0,0,"No, pero hay interés",0,1,0,0,Más patrullas policiales,,Ligeramente peor que el resto del país,Ni buena ni mala,Medianamente mejor,Ni satisfecho/a ni insatisfecho/a,Igual,Moderada,Moderada,Moderada,Moderada,Muy suficiente,Han aumentado poco,Se ha mantenido igual,Se ha mantenido igual,En desacuerdo,Regular,Centro médico particular,6,Justos,Si,Público o fiscal,,Buena,Buena,Regular,Injusta,Mucho,Ni de acuerdo ni en desacuerdo,,Si,Muy inseguro,Moderadamente,,De acuerdo,"Cuento con un kit de emergencia con agua, alimentos, botiquín, abrigos, etc.",0,0,1,0,0,0,0,0,0,0,0,0,Moderadamente preocupado/a,Con el tiempo necesario,,Ni bien ni mal,Ni bien ni mal,Ni bien ni mal,0.3670161 -80.0336519 34.1923828125 5.997,0.3670161,-80.0336519,34.19238281,5.997
Cojimies,,Masculino,26,1,1,1,1,1,1,1,Que no sean corruptos ,5,5,4,4,5,No hay oportunidad ,,5,4,4,4,4,Que no es justa,Neutral,"Sí, ha cambiado un poco",Medios tradicionales,0,0,1,0,0,0,0,Neutral,Moderadamente respetuoso,"Sí, en ciertos casos",Neutral,A veces,Algunas veces por semana,Facebook,1,0,0,0,0,0,0,0,Mayormente equilibrado,A veces,"Sí, ocasionalmente","Sí, ocasionalmente",Si,Neutral,Madrugada,Calles principales,0,0,1,0,0,0,0,3,3,4,3,2,3,2,No,Consumo de drogas,0,0,1,0,0,0,0,Neutral,No,,Temor a represalias,"No, no hacen nada ","No, no hacen nada ",Participar en grupos vecinales,0,0,1,0,0,"Sí, pero hay temor",0,0,1,0,Programas sociales para jóvenes,,Igual que el resto del país,Ni buena ni mala,Medianamente mejor,Ni satisfecho/a ni insatisfecho/a,Igual,Extremadamente limitada,Moderada,Suficiente,Moderada,Suficiente,Han disminuido poco,Ha disminuido poco,Se ha mantenido igual,En desacuerdo,Regular,Clínica privada,7,Justos,No,,,,,,Injusta,Mucho,En desacuerdo,,Si,Inseguro,Moderadamente,,En desacuerdo,Tengo los documentos importantes protegidos y resguardados,0,0,0,0,0,0,0,1,0,0,0,0,Poco preocupado/a,Rápidamente,,Muy mal,Muy mal,Ni bien ni mal,0.3660889 -80.0330316 15.9971923828125 5.126,0.3660889,-80.0330316,15.99719238,5.126
Cojimies,,Femenino,47,5,2,2,3,3,3,2,Que respeten los derechos ,4,3,3,3,4,No sabe ,,1,3,3,2,2,No sabe,Neutral,No sé,Medios tradicionales,0,0,1,0,0,0,0,Neutral,Muy agresivo,No estoy seguro/a,No afecta mi confianza,Rara vez,Algunas veces por semana,Facebook,1,0,0,0,0,0,0,0,Mayormente equilibrado,Rara vez,Rara vez,"No, no me importa",Si,Seguro,Madrugada,Zonas oscuras o alejadas,0,0,0,1,0,0,0,3,4,3,3,4,2,3,No,Falta de presencia policial,0,1,0,0,0,0,0,Ineficaz,No,,Otras,"Sí, de manera activa","Sí, de manera activa",Evitar salir de noche,1,0,0,0,0,"Sí, pero hay temor No, pero hay interés",0,1,1,0,Más patrullas policiales,,Igual que el resto del país,Ni buena ni mala,Igual,Satisfecho/a,Igual,Suficiente,Moderada,Suficiente,Moderada,Suficiente,Han disminuido poco,Ha disminuido poco,Se ha mantenido igual,Ni de acuerdo ni en desacuerdo,Difícil,Centro de salud de la parroquia,9,Justos,Si,Público o fiscal,,Regular,Buena,Regular,Injusta,Mucho,Ni de acuerdo ni en desacuerdo,,Si,Seguro,Moderadamente,,Ni de acuerdo ni en desacuerdo,Tengo un plan de emergencia para toda la familia,1,0,0,0,0,0,0,0,0,0,0,0,Moderadamente preocupado/a,Rápidamente,,Ni bien ni mal,Ni bien ni mal,Muy mal,0.3652099 -80.0324015 21.28118896484375 7.754,0.3652099,-80.0324015,21.28118896,7.754
Cojimies,,Femenino,29,3,2,3,3,3,4,3,No sabe ,4,3,4,3,3,No sabe ,,3,4,3,4,3,No sabe ,Neutral,No sé,Líderes o partidos políticos,0,1,0,0,0,0,0,No realmente,Neutral,No estoy seguro/a,No afecta mi confianza,A veces,Varias veces al día,Facebook,1,0,0,0,0,0,0,0,Mayormente equilibrado,Rara vez,Rara vez,"No, no me importa",No,Seguro,Madrugada,Calles principales Transporte público,0,1,1,0,0,0,0,3,3,3,2,3,3,3,No,Consumo de drogas,0,0,1,0,0,0,0,Ineficaz,No,,Otras,"No, no hacen nada ","No, no hacen nada ",Evitar salir de noche,1,0,0,0,0,"No, pero hay interés",0,1,0,0,Programas sociales para jóvenes,,Ligeramente peor que el resto del país,Ni buena ni mala,Igual,Insatisfecho/a,Igual,Extremadamente limitada,Moderada,Limitada,Limitada,Moderada,Han disminuido poco,Se ha mantenido igual,Se ha mantenido igual,En desacuerdo,Difícil,Centro de salud de la parroquia,8,Justos,Si,Público o fiscal,,Buena,Regular,Regular,Injusta,Neutral,En desacuerdo,,Si,Inseguro,Moderadamente,,En desacuerdo,Conozco las rutas de evacuación establecidas en la ciudad,0,1,0,0,0,0,0,0,0,0,0,0,Muy preocupado/a,Con el tiempo necesario,,Muy mal,Ni bien ni mal,Muy mal,0.3676717 -80.0338086 20.84002685546875 7.333,0.3676717,-80.0338086,20.84002686,7.333
Cojimies,,Masculino,33,3,4,3,4,4,2,3,Como más seguridad en el la hora del conteo,4,3,4,5,3,Influye mucho el tema económico ,,2,3,4,1,3,Las personas que tienen a participar corren riesgos en la masa popular ,Muy consciente,No ha cambiado,Medios tradicionales,0,0,1,0,0,0,0,Neutral,Neutral,No realmente,No afecta mi confianza,A veces,Una vez al día,Facebook,1,0,0,0,0,0,0,0,Mayormente equilibrado,Rara vez,Rara vez,"No, no me importa",Si,Seguro,Tarde,Parques,1,0,0,0,0,0,0,3,3,3,3,4,4,4,No,Falta de presencia policial,0,1,0,0,0,0,0,Ineficaz,No,,Otras,"No, no hacen nada ","No sabe, no responde",Instalar cámaras o alarmas,0,1,0,0,0,"No, pero hay interés",0,1,0,0,Programas sociales para jóvenes,,Ligeramente peor que el resto del país,Ni buena ni mala,Medianamente mejor,Insatisfecho/a,Igual,Suficiente,Suficiente,Moderada,Muy suficiente,Suficiente,Han disminuido poco,Ha disminuido poco,Se ha mantenido igual,En desacuerdo,Regular,Centro de salud de la parroquia,8,Justos,No,,,,,,Injusta,Mucho,En desacuerdo,,Si,Muy seguro,Moderadamente,,En desacuerdo,Conozco las rutas de evacuación establecidas en la ciudad,0,1,0,0,0,0,0,0,0,0,0,0,Poco preocupado/a,Rápidamente,,Muy mal,Ni bien ni mal,Muy mal,0.3670078 -80.0361417 29.4130859375 12.127,0.3670078,-80.0361417,29.41308594,12.127
Cojimies,,Masculino,78,5,5,4,3,4,4,3,No sabe ,5,4,3,4,3,No sabe,,5,4,3,4,4, No sabe ,Poco consciente,No ha cambiado,Medios tradicionales,0,0,1,0,0,0,0,No realmente,Moderadamente respetuoso,No estoy seguro/a,No afecta mi confianza,A veces,Varias veces al día,Facebook,1,0,0,0,0,0,0,0,Parcialmente sesgado,Rara vez,Rara vez,"No, no me importa",Si,Seguro,Madrugada,Zonas oscuras o alejadas,0,0,0,1,0,0,0,4,3,3,4,4,3,3,No,Consumo de drogas,0,0,1,0,0,0,0,Ineficaz,No,,Otras,"No, no hacen nada ","No, no hacen nada ",Instalar cámaras o alarmas Evitar salir de noche,1,1,0,0,0,"Sí, pero hay temor",0,0,1,0,Más patrullas policiales,,Igual que el resto del país,Muy Mala,Medianamente mejor,Ni satisfecho/a ni insatisfecho/a,Igual,Suficiente,Muy suficiente,Suficiente,Extremadamente suficiente,Suficiente,No han cambiado,Se ha mantenido igual,Ha aumentado,En desacuerdo,Difícil,Centro de salud de la parroquia,10,Justos,Si,Público o fiscal,,Buena,Regular,Buena,Muy injusta,Neutral,En desacuerdo,,No,,,Neutral,En desacuerdo,Tengo un plan de emergencia para toda la familia,1,0,0,0,0,0,0,0,0,0,0,0,Poco preocupado/a,Rápidamente,,Muy mal,Muy mal,Ni bien ni mal,0.3671594 -80.036124 22.1248779296875 5.093,0.3671594,-80.036124,22.12487793,5.093
Cojimies,,Femenino,28,5,4,3,4,4,3,3,Creo que sería la honestidad ,5,4,5,3,4,Creo el no conocer las personas ,,4,4,3,3,4,La violencia ,Consciente,No sé,Falta de diálogo,0,0,0,0,1,0,0,Neutral,Muy agresivo,"Sí, en ciertos casos",No afecta mi confianza,A veces,Varias veces al día,Facebook,1,0,0,0,0,0,0,0,Mayormente equilibrado,Rara vez,Rara vez,"No, pero me interesaría",Si,Seguro,Madrugada,Calles principales,0,0,1,0,0,0,0,4,4,3,4,3,3,4,No,Consumo de drogas,0,0,1,0,0,0,0,Muy ineficaz,No,,Otras,"No sabe, no responde","No, no hacen nada ",Instalar cámaras o alarmas,0,1,0,0,0,"Sí, hay grupos de vigilancia",1,0,0,0,Más patrullas policiales,,Igual que el resto del país,Ni buena ni mala,Medianamente mejor,Insatisfecho/a,Igual,Muy suficiente,Moderada,Suficiente,Moderada,Muy suficiente,Han disminuido poco,Ha disminuido poco,Se ha mantenido igual,En desacuerdo,Difícil,Centro de salud de la parroquia,9,Justos,No,,,,,,Justa,Algo,En desacuerdo,,No,,,Difícil,En desacuerdo,Conozco las rutas de evacuación establecidas en la ciudad,0,1,0,0,0,0,0,0,0,0,0,0,Poco preocupado/a,Con el tiempo necesario,,Muy mal,Ni bien ni mal,Muy mal,0.3675937 -80.0359764 9.10693359375 12.356,0.3675937,-80.0359764,9.106933594,12.356
Cojimies,,Femenino,54,5,4,3,4,4,3,4,No sabe ,4,3,4,3,4,No sabe ,,3,3,4,3,3,No sabe,Nada consciente,No ha cambiado,Líderes o partidos políticos,0,1,0,0,0,0,0,"No, en absoluto",Muy agresivo,No realmente,Aumenta mi confianza,A veces,Varias veces al día,Twitter/X Facebook,1,1,0,0,0,0,0,0,Mayormente equilibrado,Rara vez,Rara vez,"No, pero me interesaría",Si,Seguro,Noche,Zonas oscuras o alejadas,0,0,0,1,0,0,0,4,3,4,3,5,4,4,No,Consumo de drogas,0,0,1,0,0,0,0,Neutral,No,,Temor a represalias,"No, no hacen nada ","No sabe, no responde",Evitar salir de noche Participar en grupos vecinales,1,0,1,0,0,"No, pero hay interés",0,1,0,0,Programas sociales para jóvenes,,Mucho peor que el resto del país,Ni buena ni mala,Medianamente mejor,Ni satisfecho/a ni insatisfecho/a,Peor,Muy suficiente,Muy suficiente,Suficiente,Suficiente,Suficiente,Han disminuido poco,Ha disminuido poco,Ha aumentado,En desacuerdo,Difícil,Centro de salud de la parroquia,9,Justos,Si,Público o fiscal,,Buena,Regular,Buena,Injusta,Neutral,Totalmente en desacuerdo,,No,,,Difícil,En desacuerdo,"Cuento con un kit de emergencia con agua, alimentos, botiquín, abrigos, etc.",0,0,1,0,0,0,0,0,0,0,0,0,Poco preocupado/a,Rápidamente,,Muy mal,Ni bien ni mal,Muy mal,0.3680116 -80.0357951 27.2076416015625 17.019,0.3680116,-80.0357951,27.2076416,17.019
Cojimies,,Femenino,48,3,3,4,3,3,4,3,No sabe,4,3,4,3,4,No sabe ,,3,3,4,3,4,No sabe ,Poco consciente,No ha cambiado,Medios tradicionales,0,0,1,0,0,0,0,No realmente,Muy agresivo,"Sí, en ciertos casos",Aumenta mi confianza,A veces,Varias veces al día,Whatsapp,0,0,0,0,0,1,0,0,Mayormente equilibrado,"Sí, frecuentemente",No estoy seguro/a,"Sí, ocasionalmente",Si,Inseguro,Noche,Centros comerciales Zonas oscuras o alejadas,0,0,0,1,1,0,0,4,3,4,3,4,3,4,No,Corrupción,0,0,0,1,0,0,0,Neutral,No,,Otras,"Sí, pero de forma insuficiente","No, no hacen nada ",Instalar cámaras o alarmas,0,1,0,0,0,"No, pero hay interés",0,1,0,0,Más patrullas policiales,,Igual que el resto del país,Ni buena ni mala,Igual,Ni satisfecho/a ni insatisfecho/a,Mucho peor,Muy suficiente,Suficiente,Suficiente,Muy suficiente,Moderada,Han disminuido poco,Se ha mantenido igual,Se ha mantenido igual,Ni de acuerdo ni en desacuerdo,Regular,Centro de salud de la parroquia,8,Justos,Si,Público o fiscal,,Buena,Regular,Buena,Muy justa,Neutral,Totalmente en desacuerdo,,No,,,Neutral,Ni de acuerdo ni en desacuerdo,Conozco las rutas de evacuación establecidas en la ciudad,0,1,0,0,0,0,0,0,0,0,0,0,Poco preocupado/a,Con el tiempo necesario,,Muy mal,Muy mal,Ni bien ni mal,0.3680444 -80.0339943 13.1279296875 6.387,0.3680444,-80.0339943,13.12792969,6.387
Cojimies,,Masculino,29,3,3,3,3,4,3,4,Mucha libertad ,5,3,4,3,4,Ninguna ,,1,1,4,3,2,Son regulares ,Consciente,Ha disminuido,Medios tradicionales,0,0,1,0,0,0,0,No realmente,Muy agresivo,No realmente,No afecta mi confianza,A veces,Varias veces al día,Facebook Instagram TikTok YouTube Whatsapp Telegram,1,0,1,1,1,1,1,0,Mayormente equilibrado,"Sí, frecuentemente",No estoy seguro/a,"No, pero me interesaría",Si,Seguro,Madrugada,Calles principales,0,0,1,0,0,0,0,3,4,3,4,3,3,4,No,Falta de presencia policial,0,1,0,0,0,0,0,Neutral,No,,Otras,"No, no hacen nada ","No, no hacen nada ",Evitar salir de noche,1,0,0,0,0,"No, pero hay interés",0,1,0,0,Más patrullas policiales,,Ligeramente mejor que el resto del país,Ni buena ni mala,Medianamente mejor,Satisfecho/a,Mejor,Suficiente,Suficiente,Muy suficiente,Suficiente,Suficiente,No han cambiado,Ha disminuido mucho,Ha aumentado,Totalmente en desacuerdo,Muy difícil,Centro de salud de la parroquia,3,Justos,No,,,,,,Muy injusta,Algo,En desacuerdo,,No,,,Neutral,De acuerdo,Conozco las rutas de evacuación establecidas en la ciudad,0,1,0,0,0,0,0,0,0,0,0,0,Poco preocupado/a,Rápidamente,,Muy mal,Muy mal,Muy mal,0.3679049 -80.0346521 -35.320556640625 59.004,0.3679049,-80.0346521,-35.32055664,59.004
Cojimies,,Masculino,33,4,3,5,2,3,3,3,No sabría ,3,4,3,4,3,No sabría ,,3,4,3,3,4,No sabría ,Poco consciente,No ha cambiado,Medios tradicionales,0,0,1,0,0,0,0,"No, en absoluto",Poco agresivo,No realmente,No afecta mi confianza,Frecuentemente,Una vez al día,Facebook,1,0,0,0,0,0,0,0,Mayormente equilibrado,Rara vez,No estoy seguro/a,"No, pero me interesaría",Si,Inseguro,Noche,Calles principales,0,0,1,0,0,0,0,3,4,3,3,4,4,3,No,Consumo de drogas,0,0,1,0,0,0,0,Neutral,No,,Otras,"No, no hacen nada ","No, no hacen nada ",Evitar salir de noche,1,0,0,0,0,"No, pero hay interés",0,1,0,0,Más patrullas policiales,,Ligeramente peor que el resto del país,Ni buena ni mala,Medianamente mejor,Muy insatisfecho/a,Peor,Suficiente,Suficiente,Muy suficiente,Suficiente,Suficiente,Han disminuido poco,Se ha mantenido igual,Ha aumentado,En desacuerdo,Difícil,Centro de salud de la parroquia,8,Justos,No,,,,,,Justa,Neutral,En desacuerdo,,Si,Neutral,Moderadamente,,En desacuerdo,"Cuento con un kit de emergencia con agua, alimentos, botiquín, abrigos, etc.",0,0,1,0,0,0,0,0,0,0,0,0,Moderadamente preocupado/a,Con el tiempo necesario,,Muy mal,Ni bien ni mal,Muy mal,0.365341 -80.0388889 25.873779296875 4.782,0.365341,-80.0388889,25.8737793,4.782
Cojimies,,Masculino,28,3,3,3,4,4,3,3,No sabría ,4,3,4,3,4,No sabría decir ,,3,4,3,4,3,No sabría decir ,Poco consciente,No ha cambiado,Medios tradicionales,0,0,1,0,0,0,0,No realmente,Poco agresivo,No realmente,No afecta mi confianza,Rara vez,Una vez al día,Twitter/X,0,1,0,0,0,0,0,0,Mayormente equilibrado,Rara vez,Rara vez,"No, pero me interesaría",Si,Neutral,Madrugada,Transporte público,0,1,0,0,0,0,0,3,2,3,2,3,3,3,No,Falta de trabajo,1,0,0,0,0,0,0,Neutral,No,,Otras,"Sí, pero de forma insuficiente","No, no hacen nada ",Evitar salir de noche,1,0,0,0,0,"No, pero hay interés",0,1,0,0,Programas sociales para jóvenes,,Ligeramente peor que el resto del país,Ni buena ni mala,Medianamente mejor,Ni satisfecho/a ni insatisfecho/a,Igual,Moderada,Suficiente,Limitada,Suficiente,Moderada,Han disminuido poco,Se ha mantenido igual,Ha aumentado,En desacuerdo,Regular,Centro de salud de la parroquia,7,Justos,No,,,,,,Justa,Neutral,En desacuerdo,,No,,,Neutral,Ni de acuerdo ni en desacuerdo,Tengo un plan de emergencia para toda la familia,1,0,0,0,0,0,0,0,0,0,0,0,Moderadamente preocupado/a,Rápidamente,,Ni bien ni mal,Ni bien ni mal,Muy mal,0.3650851 -80.0395827 37.609375 5.797,0.3650851,-80.0395827,37.609375,5.797
Cojimies,,Masculino,28,3,3,3,3,3,3,3,No sabe ,3,3,3,3,3,No sabe ,,4,3,4,3,3,No sabe ,Poco consciente,No ha cambiado,Líderes o partidos políticos,0,1,0,0,0,0,0,No realmente,Poco agresivo,No realmente,No afecta mi confianza,Rara vez,Una vez al día,Whatsapp,0,0,0,0,0,1,0,0,Mayormente equilibrado,Rara vez,No estoy seguro/a,"No, pero me interesaría",No,Seguro,Madrugada,Zonas oscuras o alejadas,0,0,0,1,0,0,0,3,3,3,3,3,4,3,No,Consumo de drogas,0,0,1,0,0,0,0,Neutral,No,,Otras,"Sí, pero de forma insuficiente","No, no hacen nada ",Participar en grupos vecinales,0,0,1,0,0,"No, pero hay interés",0,1,0,0,Programas sociales para jóvenes,,Ligeramente peor que el resto del país,Ni buena ni mala,Medianamente mejor,Insatisfecho/a,Igual,Suficiente,Moderada,Suficiente,Suficiente,Suficiente,No han cambiado,Se ha mantenido igual,Ha aumentado,Ni de acuerdo ni en desacuerdo,Regular,Centro de salud de la parroquia,8,Justos,No,,,,,,Justa,Neutral,En desacuerdo,,Si,Neutral,Moderadamente,,En desacuerdo,Conozco las rutas de evacuación establecidas en la ciudad,0,1,0,0,0,0,0,0,0,0,0,0,Moderadamente preocupado/a,Con el tiempo necesario,,Muy mal,Ni bien ni mal,Muy mal,0.363456 -80.0387005 28.73876953125 6.212,0.363456,-80.0387005,28.73876953,6.212
Cojimies,,Femenino,30,3,3,4,3,3,4,4,No sabría que decir ,3,4,3,3,4,No sabría ,,3,4,3,3,4,No sabría que decir ,Poco consciente,No ha cambiado,Redes sociales,1,0,0,0,0,0,0,No realmente,Neutral,No estoy seguro/a,Neutral,A veces,Varias veces al día,Facebook,1,0,0,0,0,0,0,0,Mayormente equilibrado,A veces,No estoy seguro/a,"No, pero me interesaría",No,Neutral,Madrugada,Calles principales,0,0,1,0,0,0,0,4,4,4,3,3,3,3,No,Falta de trabajo,1,0,0,0,0,0,0,Neutral,No,,Otras,"Sí, pero de forma insuficiente","No, no hacen nada ",Evitar salir de noche,1,0,0,0,0,"No, pero hay interés",0,1,0,0,Más patrullas policiales,,Ligeramente peor que el resto del país,Buena,Medianamente mejor,Ni satisfecho/a ni insatisfecho/a,Igual,Muy suficiente,Moderada,Moderada,Muy suficiente,Suficiente,No han cambiado,Ha disminuido poco,Se ha mantenido igual,Ni de acuerdo ni en desacuerdo,Regular,Centro de salud de la parroquia,8,Justos,No,,,,,,Justa,Algo,En desacuerdo,,No,,,Neutral,En desacuerdo,Conozco las rutas de evacuación establecidas en la ciudad,0,1,0,0,0,0,0,0,0,0,0,0,Poco preocupado/a,Con el tiempo necesario,,Muy mal,Ni bien ni mal,Muy mal,0.3621112 -80.0389742 30.66851806640625 4.837,0.3621112,-80.0389742,30.66851807,4.837
Cojimies,,Masculino,32,4,3,3,4,3,3,4,Que no haya corrupción,3,4,3,3,3,Ninguna,,3,4,3,4,3,Mucho riesgo,Poco consciente,"Sí, ha cambiado un poco",Desigualdad económica,0,0,0,1,0,0,0,No realmente,Poco agresivo,No estoy seguro/a,Neutral,A veces,Algunas veces por semana,Facebook,1,0,0,0,0,0,0,0,Mayormente equilibrado,Rara vez,Rara vez,"No, no me importa",No,Seguro,Madrugada,Calles principales,0,0,1,0,0,0,0,3,3,4,3,4,3,4,No,La pobreza,0,0,0,0,0,1,0,Neutral,No,,Otras,"No sabe, no responde","No, no hacen nada ",Instalar cámaras o alarmas Evitar salir de noche,1,1,0,0,0,"Sí, hay grupos de vigilancia",1,0,0,0,Más patrullas policiales,,Ligeramente peor que el resto del país,Ni buena ni mala,Medianamente mejor,Ni satisfecho/a ni insatisfecho/a,Igual,Muy suficiente,Suficiente,Suficiente,Suficiente,Muy suficiente,No han cambiado,Se ha mantenido igual,Se ha mantenido igual,Ni de acuerdo ni en desacuerdo,Regular,Centro de salud de la parroquia,5,Justos,No,,,,,,Justa,Algo,En desacuerdo,,Si,Seguro,Moderadamente,,De acuerdo,"Cuento con un kit de emergencia con agua, alimentos, botiquín, abrigos, etc.",0,0,1,0,0,0,0,0,0,0,0,0,Moderadamente preocupado/a,Con el tiempo necesario,,Muy mal,Ni bien ni mal,Muy mal,0.3570877 -80.0394579 -5.689727783203125 10.095,0.3570877,-80.0394579,-5.689727783,10.095
Cojimies,,Masculino,48,1,1,1,2,3,3,3,Cambiar de presidente ,2,3,3,3,3,No lo se,,3,3,3,3,3,Muchas cosas ,Poco consciente,No ha cambiado,Medios tradicionales,0,0,1,0,0,0,0,Neutral,Neutral,No estoy seguro/a,Neutral,A veces,Algunas veces por semana,Facebook,1,0,0,0,0,0,0,0,Mayormente equilibrado,A veces,No estoy seguro/a,"No, pero me interesaría",No,Neutral,Noche,Calles principales,0,0,1,0,0,0,0,3,3,3,3,3,3,3,No,Consumo de drogas,0,0,1,0,0,0,0,Neutral,No,,Consideró que no serviría de nada,"Sí, pero de forma insuficiente","Sí, pero de forma insuficiente",Participar en grupos vecinales,0,0,1,0,0,"No, pero hay interés",0,1,0,0,Programas sociales para jóvenes,,Ligeramente peor que el resto del país,Ni buena ni mala,Peor,Ni satisfecho/a ni insatisfecho/a,Igual,Limitada,Limitada,Moderada,Moderada,Moderada,No han cambiado,Se ha mantenido igual,Se ha mantenido igual,Ni de acuerdo ni en desacuerdo,Regular,Policlínico,5,Justos,Si,Público o fiscal,,Regular,Regular,Regular,Justa,Algo,En desacuerdo,,No,,,Neutral,Ni de acuerdo ni en desacuerdo,Conozco las rutas de evacuación establecidas en la ciudad,0,1,0,0,0,0,0,0,0,0,0,0,Moderadamente preocupado/a,Con el tiempo necesario,,Bien,Ni bien ni mal,Ni bien ni mal,0.3664949 -80.0359166 18.400001525878906 3.8,0.3664949,-80.0359166,18.40000153,3.8
Cojimies,,Masculino,72,2,2,2,2,2,2,2,Dar más oportunidad ,2,2,2,2,2,Cumplir las propuestas ,,2,2,2,2,2,No se,Poco consciente,No ha cambiado,Medios tradicionales,0,0,1,0,0,0,0,Neutral,Neutral,No estoy seguro/a,Neutral,A veces,Una vez al día,Facebook,1,0,0,0,0,0,0,0,Mayormente equilibrado,Rara vez,Rara vez,"No, no me importa",No,Inseguro,Tarde,Transporte público,0,1,0,0,0,0,0,2,2,2,2,2,2,2,No,Consumo de drogas,0,0,1,0,0,0,0,Neutral,No,,Temor a represalias,"Sí, pero de forma insuficiente","Sí, pero de forma insuficiente",Instalar cámaras o alarmas,0,1,0,0,0,"No, pero hay interés",0,1,0,0,Programas sociales para jóvenes,,Ligeramente peor que el resto del país,Ni buena ni mala,Igual,Ni satisfecho/a ni insatisfecho/a,Igual,Limitada,Moderada,Moderada,Moderada,Suficiente,Han disminuido poco,Ha disminuido poco,Se ha mantenido igual,Ni de acuerdo ni en desacuerdo,Regular,Centro de salud de la parroquia,4,Injustos,Si,Privada o particular,,Mala,Mala,Mala,Injusta,Neutral,En desacuerdo,,No,,,Neutral,En desacuerdo,"Conozco las rutas de evacuación establecidas en la ciudad Cuento con un kit de emergencia con agua, alimentos, botiquín, abrigos, etc.",0,1,1,0,0,0,0,0,0,0,0,0,Moderadamente preocupado/a,Con el tiempo necesario,,Ni bien ni mal,Ni bien ni mal,Ni bien ni mal,0.3679739 -80.0364925 18.200000762939453 2.7,0.3679739,-80.0364925,18.20000076,2.7
Cojimies,,Femenino,45,3,2,3,3,2,3,3,Muchos cambios ,2,2,3,2,3,Hacer cambios en las elecciones ,,2,2,2,3,3,Riesgos de política ,Neutral,No sé,Medios tradicionales,0,0,1,0,0,0,0,Neutral,Neutral,No estoy seguro/a,Neutral,A veces,Una vez al día,Instagram YouTube Whatsapp,0,0,1,0,1,1,0,0,Parcialmente sesgado,"Sí, frecuentemente",No estoy seguro/a,"No, pero me interesaría",No,Inseguro,Noche,Calles principales,0,0,1,0,0,0,0,3,3,3,3,3,3,3,No,Corrupción,0,0,0,1,0,0,0,Eficaz,No,,Consideró que no serviría de nada,"Sí, pero de forma insuficiente","Sí, pero de forma insuficiente",Cambiar itinerarios y rutas,0,0,0,1,0,"Sí, pero hay temor",0,0,1,0,Programas sociales para jóvenes,,Ligeramente peor que el resto del país,Ni buena ni mala,Peor,Ni satisfecho/a ni insatisfecho/a,Igual,Moderada,Limitada,Limitada,Moderada,Moderada,No han cambiado,Se ha mantenido igual,Ha disminuido,Ni de acuerdo ni en desacuerdo,Regular,Policlínico,4,Injustos,No,,,,,,Justa,Neutral,En desacuerdo,,No,,,Difícil,En desacuerdo,Conozco las rutas de evacuación establecidas en la ciudad,0,1,0,0,0,0,0,0,0,0,0,0,Moderadamente preocupado/a,Con el tiempo necesario,,Ni bien ni mal,Ni bien ni mal,Ni bien ni mal,0.3681184 -80.037095 10.90000057220459 4.1,0.3681184,-80.037095,10.90000057,4.1
Cojimies,,Femenino,56,3,3,3,2,3,4,3,Cambios de dar oportunidad a mujeres ,2,2,3,3,3,Más propuestas ,,3,3,3,3,3,Robo de los presidentes ,Poco consciente,No ha cambiado,Medios tradicionales,0,0,1,0,0,0,0,Neutral,Neutral,No estoy seguro/a,Neutral,A veces,Algunas veces por semana,Facebook TikTok YouTube Whatsapp,1,0,0,1,1,1,0,0,Parcialmente sesgado,A veces,No estoy seguro/a,"No, pero me interesaría",No,Seguro,Noche,Transporte público,0,1,0,0,0,0,0,1,1,1,1,1,1,1,No,Falta de trabajo,1,0,0,0,0,0,0,Ineficaz,No,,Temor a represalias,"Sí, pero de forma insuficiente","Sí, pero de forma insuficiente",Instalar cámaras o alarmas,0,1,0,0,0,"No, pero hay interés",0,1,0,0,Programas sociales para jóvenes,,Ligeramente peor que el resto del país,Ni buena ni mala,Igual,Ni satisfecho/a ni insatisfecho/a,Igual,Moderada,Limitada,Limitada,Limitada,Suficiente,No han cambiado,Se ha mantenido igual,Se ha mantenido igual,Ni de acuerdo ni en desacuerdo,Regular,Hospital,4,Justos,Si,Privada o particular,,Regular,Mala,Mala,Justa,Neutral,En desacuerdo,,Si,Seguro,Moderadamente,,En desacuerdo,Conozco las rutas de evacuación establecidas en la ciudad,0,1,0,0,0,0,0,0,0,0,0,0,Poco preocupado/a,Rápidamente,,Bien,Bien,Bien,0.3674928 -80.0373668 10.90000057220459 7.505,0.3674928,-80.0373668,10.90000057,7.505
Cojimies,,Femenino,39,2,3,4,2,2,2,4,No lo se ,2,2,3,2,3,Más oportunidad a los ciudadanos ,,2,3,3,3,3,Muchos riesgos en la política ,Neutral,No ha cambiado,Medios tradicionales,0,0,1,0,0,0,0,Neutral,Poco agresivo,No estoy seguro/a,Neutral,A veces,Algunas veces por semana,Instagram TikTok YouTube Whatsapp,0,0,1,1,1,1,0,0,No consumo,A veces,Rara vez,"No, no me importa",No,Inseguro,Tarde,Transporte público,0,1,0,0,0,0,0,1,1,1,1,1,1,1,No,Falta de trabajo La pobreza,1,0,0,0,0,1,0,Neutral,No,,Consideró que no serviría de nada,"Sí, pero de forma insuficiente","Sí, pero de forma insuficiente",Evitar salir de noche,1,0,0,0,0,"No, pero hay interés",0,1,0,0,Más patrullas policiales,,Ligeramente peor que el resto del país,Ni buena ni mala,Igual,Ni satisfecho/a ni insatisfecho/a,Igual,Moderada,Moderada,Moderada,Moderada,Moderada,Han disminuido poco,Se ha mantenido igual,Se ha mantenido igual,Ni de acuerdo ni en desacuerdo,Regular,Policlínico,5,Injustos,Si,Privada o particular,,Mala,Mala,Mala,Justa,Neutral,En desacuerdo,,No,,,Muy difícil,Totalmente en desacuerdo,Tengo un plan de emergencia para toda la familia,1,0,0,0,0,0,0,0,0,0,0,0,Nada preocupado/a,Muy rápidamente,,Ni bien ni mal,Ni bien ni mal,Ni bien ni mal,0.3659978 -80.0372422 16.5 3.0,0.3659978,-80.0372422,16.5,3
Cojimies,,Femenino,25,3,3,3,3,3,3,3,Luchar contra la corrupción ,4,4,4,4,4,Falta de representación ,,2,2,2,2,3,Varios ,Neutral,No sé,Desigualdad económica,0,0,0,1,0,0,0,"Sí, en parte",Neutral,No estoy seguro/a,Reduce un poco mi confianza,Frecuentemente,Rara vez,Instagram TikTok YouTube Whatsapp,0,0,1,1,1,1,0,0,Parcialmente sesgado,"Sí, frecuentemente","Sí, ocasionalmente","Sí, ocasionalmente",Si,Seguro,Noche,Transporte público,0,1,0,0,0,0,0,1,1,1,1,1,1,1,No,La pobreza Falta de trabajo,1,0,0,0,0,1,0,Eficaz,No,,Consideró que no serviría de nada,"Sí, de manera activa","Sí, de manera activa",Evitar salir de noche,1,0,0,0,0,"Sí, hay grupos de vigilancia",1,0,0,0,Mayor iluminación pública,,Igual que el resto del país,Buena,Igual,Insatisfecho/a,Peor,Moderada,Limitada,Moderada,Suficiente,Moderada,Han disminuido mucho,Ha disminuido poco,Ha aumentado,Ni de acuerdo ni en desacuerdo,Regular,Policlínico,4,Justos,No,,,,,,Justa,Algo,En desacuerdo,,No,,,Difícil,En desacuerdo,Conozco las rutas de evacuación establecidas en la ciudad,0,1,0,0,0,0,0,0,0,0,0,0,Moderadamente preocupado/a,Con el tiempo necesario,,Bien,Ni bien ni mal,Ni bien ni mal,0.3659541 -80.0376355 16.200000762939453 26.475,0.3659541,-80.0376355,16.20000076,26.475
Cojimies,,Femenino,40,3,3,3,2,3,3,2,Modernizar el sistema electoral,3,2,3,3,3,Pobreza y falta de acceso,,2,2,2,2,2,Riesgos percibidos  en la integridad de las elecciones,Neutral,No sé,Falta de diálogo,0,0,0,0,1,0,0,Neutral,Moderadamente respetuoso,No estoy seguro/a,Neutral,A veces,Algunas veces por semana,Facebook Instagram YouTube,1,0,1,0,1,0,0,0,Mayormente equilibrado,"Sí, frecuentemente",No estoy seguro/a,"No, pero me interesaría",No,Seguro,Madrugada,Transporte público,0,1,0,0,0,0,0,1,1,1,1,1,1,1,No,Falta de trabajo,1,0,0,0,0,0,0,Neutral,No,,Consideró que no serviría de nada,"Sí, de manera activa","Sí, de manera activa",Evitar salir de noche,1,0,0,0,0,"Sí, pero hay temor",0,0,1,0,Mayor iluminación pública,,Mucho mejor que el resto del país,Ni buena ni mala,Igual,Ni satisfecho/a ni insatisfecho/a,Mejor,Moderada,Moderada,Moderada,Moderada,Moderada,No han cambiado,Ha aumentado poco,Se ha mantenido igual,Ni de acuerdo ni en desacuerdo,Fácil,Policlínico,6,Injustos,Si,Público o fiscal,,Buena,Buena,Buena,Justa,Neutral,Ni de acuerdo ni en desacuerdo,,No,,,Neutral,Ni de acuerdo ni en desacuerdo,Tengo los documentos importantes protegidos y resguardados Cuento con un fondo económico de emergencia,0,0,0,0,0,0,0,1,0,0,0,1,Poco preocupado/a,Rápidamente,,Bien,Ni bien ni mal,Ni bien ni mal,0.3648631 -80.0384329 16.299999237060547 3.857,0.3648631,-80.0384329,16.29999924,3.857
Cojimies,,Femenino,24,1,2,3,4,5,1,2,Fortalecimiento de las instituciones,5,5,5,5,5,Desconfianza en el partido político,,3,3,3,3,3,Corrupción,Neutral,No sé,Redes sociales,1,0,0,0,0,0,0,No realmente,Poco agresivo,No realmente,Neutral,A veces,Una vez al día,Whatsapp,0,0,0,0,0,1,0,0,Parcialmente sesgado,A veces,"Sí, ocasionalmente","No, no me importa",No,Seguro,Noche,Transporte público,0,1,0,0,0,0,0,1,1,1,1,1,1,1,No,Falta de trabajo,1,0,0,0,0,0,0,Neutral,No,,Consideró que no serviría de nada,"Sí, de manera activa","Sí, de manera activa",Evitar salir de noche,1,0,0,0,0,"No, pero hay interés",0,1,0,0,Más patrullas policiales,,Mucho mejor que el resto del país,Ni buena ni mala,Medianamente mejor,Ni satisfecho/a ni insatisfecho/a,Mejor,Suficiente,Suficiente,Suficiente,Suficiente,Suficiente,Han disminuido poco,Ha disminuido poco,Ha aumentado,Ni de acuerdo ni en desacuerdo,Regular,Hospital,10,Justos,No,,,,,,Injusta,Algo,Ni de acuerdo ni en desacuerdo,,Si,Neutral,Moderadamente,,Ni de acuerdo ni en desacuerdo,Conozco los sitios seguros de la ciudad,0,0,0,0,0,0,0,0,1,0,0,0,Moderadamente preocupado/a,Con el tiempo necesario,,No sabe/no responde,No sabe/no responde,No sabe/no responde,0.364874 -80.0384117 16.399999618530273 8.097,0.364874,-80.0384117,16.39999962,8.097
Cojimies,,Femenino,65,4,4,5,4,4,4,4,Mejorar la participación ciudadana,5,5,5,5,5,Falta de educación cívica,,4,4,4,3,3,Intervención del crimen organizado,Consciente,No sé,Redes sociales Falta de diálogo,1,0,0,0,1,0,0,Neutral,Neutral,No estoy seguro/a,Neutral,A veces,Algunas veces por semana,Instagram TikTok YouTube Whatsapp,0,0,1,1,1,1,0,0,Mayormente equilibrado,A veces,No estoy seguro/a,"No, pero me interesaría",No,Seguro,Noche,Transporte público Zonas oscuras o alejadas,0,1,0,1,0,0,0,1,1,1,1,1,1,1,No,La pobreza Falta de trabajo,1,0,0,0,0,1,0,Neutral,No,,Consideró que no serviría de nada,"Sí, de manera activa","Sí, de manera activa",Instalar cámaras o alarmas,0,1,0,0,0,"No, pero hay interés",0,1,0,0,Más patrullas policiales,,Mucho mejor que el resto del país,Ni buena ni mala,Medianamente mejor,Ni satisfecho/a ni insatisfecho/a,Mejor,Suficiente,Suficiente,Suficiente,Suficiente,Suficiente,Han disminuido poco,Se ha mantenido igual,Se ha mantenido igual,Ni de acuerdo ni en desacuerdo,Regular,Hospital,8,Justos,Si,Público o fiscal,,Regular,Regular,Regular,No sabe/no responde,Neutral,Ni de acuerdo ni en desacuerdo,,No contesta,,,,Ni de acuerdo ni en desacuerdo,Conozco las rutas de evacuación establecidas en la ciudad,0,1,0,0,0,0,0,0,0,0,0,0,Nada preocupado/a,Con el tiempo necesario,,Ni bien ni mal,Ni bien ni mal,Ni bien ni mal,0.3647012 -80.0387747 18.200000762939453 5.633,0.3647012,-80.0387747,18.20000076,5.633
Cojimies,,Femenino,25,3,3,3,3,3,5,5,Combatir la corrupción,4,4,4,3,3,Inseguridad,,3,3,3,3,3,Desinformación,Neutral,No sé,Desigualdad económica,0,0,0,1,0,0,0,Neutral,Neutral,No estoy seguro/a,Neutral,A veces,Algunas veces por semana,Instagram TikTok YouTube Whatsapp,0,0,1,1,1,1,0,0,Mayormente equilibrado,A veces,"Sí, ocasionalmente","No, pero me interesaría",No,Seguro,Noche,Transporte público Centros comerciales,0,1,0,0,1,0,0,1,1,1,1,1,1,1,No,Falta de trabajo Corrupción,1,0,0,1,0,0,0,Eficaz,No,,Consideró que no serviría de nada,"Sí, pero de forma insuficiente","Sí, pero de forma insuficiente",Evitar salir de noche,1,0,0,0,0,"No, pero hay interés",0,1,0,0,Más patrullas policiales,,Mucho mejor que el resto del país,Buena,Medianamente mejor,Ni satisfecho/a ni insatisfecho/a,Mejor,Suficiente,Suficiente,Suficiente,Suficiente,Suficiente,No han cambiado,Se ha mantenido igual,Se ha mantenido igual,Ni de acuerdo ni en desacuerdo,Regular,Hospital,8,Justos,No,,,,,,Justa,Neutral,Ni de acuerdo ni en desacuerdo,,No contesta,,,,Ni de acuerdo ni en desacuerdo,Conozco los sitios seguros de la ciudad,0,0,0,0,0,0,0,0,1,0,0,0,Muy preocupado/a,Con el tiempo necesario,,Ni bien ni mal,Ni bien ni mal,Ni bien ni mal,0.365609 -80.0375774 18.30000114440918 11.269,0.365609,-80.0375774,18.30000114,11.269
Cojimies,,Femenino,40,4,4,4,5,5,5,5,Reforma del sistema electoral,5,5,5,3,5,Desinformación y manipulación,,4,4,4,3,3,Violencia política,Poco consciente,No sé,Desigualdad económica Redes sociales,1,0,0,1,0,0,0,"Sí, en parte",Poco agresivo,No realmente,No afecta mi confianza,A veces,Algunas veces por semana,Instagram TikTok YouTube Whatsapp Telegram Facebook,1,0,1,1,1,1,1,0,Mayormente equilibrado,Rara vez,Rara vez,"No, no me importa",No,Seguro,Noche,Transporte público,0,1,0,0,0,0,0,1,1,1,1,1,1,1,No,Falta de trabajo Corrupción La pobreza,1,0,0,1,0,1,0,Neutral,No,,Consideró que no serviría de nada,"Sí, pero de forma insuficiente","Sí, de manera activa",Evitar salir de noche,1,0,0,0,0,"No sabe, no responde",0,0,0,1,Programas sociales para jóvenes,,Mucho mejor que el resto del país,Regular,No sabe/no contesta,Ni satisfecho/a ni insatisfecho/a,Mejor,Moderada,Moderada,Moderada,Moderada,Moderada,Han disminuido mucho,Ha disminuido mucho,Ha disminuido,Ni de acuerdo ni en desacuerdo,Regular,Hospital,9,Justos,Si,Público o fiscal,,Buena,Buena,Buena,Injusta,Neutral,Ni de acuerdo ni en desacuerdo,,No,,,Difícil,Ni de acuerdo ni en desacuerdo,Conozco los sitios seguros de la ciudad,0,0,0,0,0,0,0,0,1,0,0,0,Poco preocupado/a,No sabe/no responde,,Bien,Bien,Bien,0.3651758 -80.0375168 16.100000381469727 9.795,0.3651758,-80.0375168,16.10000038,9.795
Cojimies,,Masculino,68,5,5,5,5,5,3,5,Mejorar la participación ciudadana ,5,4,4,5,4,Problemas de acceso geográfico ,,5,4,5,4,4,Debilidades en el funciamiento  del consejo nacional electoral ,Consciente,"Sí, ha cambiado un poco",Falta de diálogo,0,0,0,0,1,0,0,"Sí, en parte",Neutral,No estoy seguro/a,Neutral,Frecuentemente,Rara vez,Whatsapp Facebook,1,0,0,0,0,1,0,0,Mayormente equilibrado,Rara vez,Rara vez,"No, no me importa",No,Seguro,Noche,Transporte público,0,1,0,0,0,0,0,1,1,1,1,1,1,1,No,Falta de trabajo La pobreza Corrupción Falta de presencia policial,1,1,0,1,0,1,0,Neutral,No,,Consideró que no serviría de nada,"Sí, pero de forma insuficiente","Sí, pero de forma insuficiente",Evitar salir de noche,1,0,0,0,0,"No, pero hay interés No sabe, no responde",0,1,0,1,Más patrullas policiales,,Ligeramente mejor que el resto del país,Regular,Medianamente mejor,Ni satisfecho/a ni insatisfecho/a,Igual,Suficiente,Suficiente,Suficiente,Suficiente,Suficiente,Han disminuido mucho,Ha disminuido mucho,Ha disminuido,Ni de acuerdo ni en desacuerdo,Regular,Hospital,8,Justos,Si,Público o fiscal,,Regular,Regular,Regular,Justa,Neutral,Ni de acuerdo ni en desacuerdo,,Si,Neutral,Moderadamente,,Ni de acuerdo ni en desacuerdo,Conozco las rutas de evacuación establecidas en la ciudad,0,1,0,0,0,0,0,0,0,0,0,0,Moderadamente preocupado/a,Lentamente,,Ni bien ni mal,Ni bien ni mal,Ni bien ni mal,0.3654711 -80.0388484 16.600000381469727 3.1,0.3654711,-80.0388484,16.60000038,3.1
Cojimies,,Femenino,45,5,5,5,3,4,4,4,Combatir la corrupción ,3,3,3,3,3,Más seguridad ,,3,3,3,3,3,La inseguridad ,Neutral,No sé,Medios tradicionales Desigualdad económica,0,0,1,1,0,0,0,Neutral,Neutral,No estoy seguro/a,Neutral,A veces,Algunas veces por semana,Instagram TikTok YouTube,0,0,1,1,1,0,0,0,Mayormente equilibrado,A veces,No estoy seguro/a,"No, pero me interesaría",No,Neutral,Noche,Transporte público,0,1,0,0,0,0,0,1,1,1,1,1,1,1,No,Corrupción,0,0,0,1,0,0,0,Neutral,No,,Consideró que no serviría de nada,"Sí, de manera activa","Sí, de manera activa",Participar en grupos vecinales,0,0,1,0,0,"No, pero hay interés",0,1,0,0,Programas sociales para jóvenes,,Ligeramente mejor que el resto del país,Ni buena ni mala,Igual,Ni satisfecho/a ni insatisfecho/a,Igual,Suficiente,Suficiente,Suficiente,Suficiente,Suficiente,No han cambiado,Se ha mantenido igual,Se ha mantenido igual,Ni de acuerdo ni en desacuerdo,Regular,Hospital,8,Justos,Si,Público o fiscal,,Regular,Regular,Regular,Justa,Neutral,En desacuerdo,,No,,,Neutral,Ni de acuerdo ni en desacuerdo,"Cuento con un kit de emergencia con agua, alimentos, botiquín, abrigos, etc. Conozco los sitios seguros de la ciudad",0,0,1,0,0,0,0,0,1,0,0,0,Moderadamente preocupado/a,Con el tiempo necesario,,Ni bien ni mal,Ni bien ni mal,Ni bien ni mal,0.3649604 -80.0389302 17.100000381469727 5.466,0.3649604,-80.0389302,17.10000038,5.466
Cojimies,,Masculino,25,5,5,4,4,4,5,5,Reforma del sistema electoral ,4,4,4,4,4,Violencia ,,4,4,4,4,4,Noticias falsas ,Neutral,No sé,Desigualdad económica,0,0,0,1,0,0,0,Neutral,Poco agresivo,No estoy seguro/a,Neutral,A veces,Algunas veces por semana,Instagram TikTok Twitter/X YouTube Whatsapp,0,1,1,1,1,1,0,0,Parcialmente sesgado,A veces,No estoy seguro/a,"Sí, ocasionalmente",No,Seguro,Noche,Zonas oscuras o alejadas,0,0,0,1,0,0,0,1,1,1,1,1,1,1,No,Falta de presencia policial Falta de trabajo,1,1,0,0,0,0,0,Neutral,No,,Consideró que no serviría de nada,"Sí, pero de forma insuficiente","Sí, pero de forma insuficiente",Evitar salir de noche,1,0,0,0,0,"No, pero hay interés",0,1,0,0,Mayor iluminación pública,,Ligeramente mejor que el resto del país,Ni buena ni mala,Medianamente mejor,Ni satisfecho/a ni insatisfecho/a,Mucho mejor,Muy suficiente,Suficiente,Suficiente,Suficiente,Suficiente,No han cambiado,Se ha mantenido igual,Se ha mantenido igual,Ni de acuerdo ni en desacuerdo,Regular,Hospital,7,Justos,No,,,,,,Injusta,Neutral,Ni de acuerdo ni en desacuerdo,,No,,,Neutral,Ni de acuerdo ni en desacuerdo,Conozco los sitios seguros de la ciudad,0,0,0,0,0,0,0,0,1,0,0,0,Moderadamente preocupado/a,Con el tiempo necesario,,Ni bien ni mal,Ni bien ni mal,Ni bien ni mal,0.3650496 -80.0396026 12.100000381469727 11.609,0.3650496,-80.0396026,12.10000038,11.609
Cojimies,,Masculino,56,5,5,5,5,4,4,4,Independiente de podres ,5,5,5,4,4,"Funcionamiento del sistema democrático, especialmente en jovenes ",,5,4,4,4,4,Compra de votos,Consciente,No ha cambiado,Medios tradicionales Desigualdad económica,0,0,1,1,0,0,0,Neutral,Neutral,"Sí, en ciertos casos",Reduce un poco mi confianza,Frecuentemente,Rara vez,Instagram TikTok YouTube Whatsapp,0,0,1,1,1,1,0,0,Mayormente equilibrado,A veces,No estoy seguro/a,"No, pero me interesaría",No,Seguro,Noche,Transporte público,0,1,0,0,0,0,0,1,1,1,1,1,1,1,No,Falta de trabajo Corrupción,1,0,0,1,0,0,0,Eficaz,No,,Consideró que no serviría de nada,"Sí, pero de forma insuficiente","Sí, pero de forma insuficiente",Evitar salir de noche,1,0,0,0,0,"No sabe, no responde",0,0,0,1,Programas sociales para jóvenes,,Igual que el resto del país,Ni buena ni mala,Medianamente mejor,Ni satisfecho/a ni insatisfecho/a,Igual,Suficiente,Suficiente,Suficiente,Moderada,Suficiente,No han cambiado,Ha aumentado poco,Se ha mantenido igual,Ni de acuerdo ni en desacuerdo,Regular,Hospital,8,Justos,Si,Ninguna,,,,,No sabe/no responde,Neutral,De acuerdo,,Si,Seguro,Moderadamente,,Ni de acuerdo ni en desacuerdo,Estoy informado sobre los riesgos de desastres naturales en mi área,0,0,0,0,0,0,1,0,0,0,0,0,Poco preocupado/a,Con el tiempo necesario,,Ni bien ni mal,Ni bien ni mal,Ni bien ni mal,0.3645638 -80.0391593 17.399999618530273 8.05,0.3645638,-80.0391593,17.39999962,8.05
Cojimies,,Masculino,29,5,5,5,4,4,4,4,Impulsar mecanismos para los funcionarios ,5,4,3,3,3,Desigualdades económica y sociales ,,4,4,4,4,4,Desigualdad en el acceso a medios y propaganda ,Poco consciente,"Sí, ha cambiado un poco",Falta de diálogo,0,0,0,0,1,0,0,"Sí, en parte",Neutral,No estoy seguro/a,Neutral,Frecuentemente,Algunas veces por semana,Instagram TikTok YouTube Whatsapp,0,0,1,1,1,1,0,0,Mayormente equilibrado,A veces,No estoy seguro/a,"No, pero me interesaría",No,Seguro,Noche,Transporte público,0,1,0,0,0,0,0,1,1,1,1,1,1,1,Prefiero no responder,Falta de trabajo Corrupción La pobreza,1,0,0,1,0,1,0,Eficaz,No,,Consideró que no serviría de nada,"Sí, pero de forma insuficiente","Sí, pero de forma insuficiente",Instalar cámaras o alarmas,0,1,0,0,0,"No, pero hay interés",0,1,0,0,Más patrullas policiales,,Ligeramente mejor que el resto del país,Ni buena ni mala,Igual,Ni satisfecho/a ni insatisfecho/a,Igual,Suficiente,Suficiente,Suficiente,Muy suficiente,Suficiente,No han cambiado,Se ha mantenido igual,Se ha mantenido igual,Ni de acuerdo ni en desacuerdo,Regular,Policlínico,9,Injustos,Si,Público o fiscal,,Muy buena,Muy buena,Buena,Justa,Neutral,Ni de acuerdo ni en desacuerdo,,Si,Neutral,Moderadamente,,Ni de acuerdo ni en desacuerdo,Tengo suficientes provisiones de medicamentos en caso de emergencia,0,0,0,0,0,0,0,0,0,1,0,0,Moderadamente preocupado/a,Con el tiempo necesario,,Ni bien ni mal,Ni bien ni mal,Ni bien ni mal,0.3646128 -80.0394826 17.900001525878906 6.25,0.3646128,-80.0394826,17.90000153,6.25
Cojimies,,Masculino,59,5,5,5,5,5,5,5,Espacios de participación ,4,4,4,4,4,Acceso a la justicia ,,4,4,4,4,4,Generar una competencia desigual ,Neutral,No sé,Desigualdad económica,0,0,0,1,0,0,0,Neutral,Neutral,No estoy seguro/a,Neutral,A veces,Algunas veces por semana,Instagram TikTok YouTube Whatsapp Twitter/X,0,1,1,1,1,1,0,0,Mayormente equilibrado,A veces,No estoy seguro/a,"No, pero me interesaría",No,Seguro,Noche,Transporte público Zonas oscuras o alejadas,0,1,0,1,0,0,0,1,1,1,1,1,1,1,No,Falta de trabajo,1,0,0,0,0,0,0,Neutral,No,,Consideró que no serviría de nada,"No, no hacen nada ","No, no hacen nada ",Evitar salir de noche,1,0,0,0,0,"No, pero hay interés",0,1,0,0,Programas sociales para jóvenes,,Ligeramente peor que el resto del país,Ni buena ni mala,Igual,Ni satisfecho/a ni insatisfecho/a,Igual,Suficiente,Suficiente,Suficiente,Suficiente,Suficiente,No han cambiado,Se ha mantenido igual,Se ha mantenido igual,Ni de acuerdo ni en desacuerdo,Regular,Centro de salud de la parroquia,7,Justos,Si,Público o fiscal,,Buena,Buena,Buena,Justa,Neutral,Ni de acuerdo ni en desacuerdo,,Si,Seguro,Mucho,,Ni de acuerdo ni en desacuerdo,Conozco los sitios seguros de la ciudad,0,0,0,0,0,0,0,0,1,0,0,0,Moderadamente preocupado/a,Con el tiempo necesario,,Muy mal,Muy mal,Muy mal,0.3646228 -80.0386918 16.399999618530273 66.489,0.3646228,-80.0386918,16.39999962,66.489
Cojimies,,Femenino,45,2,2,1,2,1,2,1,Ma conocimientos,4,4,4,4,4,Poco acceso,,2,2,1,1,2,Compra votos,Neutral,No ha cambiado,Falta de respuesta a las demandas sociales Líderes o partidos políticos Redes sociales,1,1,0,0,0,1,0,Neutral,Poco agresivo,No estoy seguro/a,Neutral,A veces,Varias veces al día,Facebook Whatsapp YouTube,1,0,0,0,1,1,0,0,Mayormente equilibrado,A veces,No estoy seguro/a,"No, no me importa",No,Neutral,Madrugada,Transporte público Parques,1,1,0,0,0,0,0,2,1,2,1,2,1,1,No,Falta de trabajo Falta de presencia policial,1,1,0,0,0,0,0,Neutral,No,,Consideró que no serviría de nada,"No, no hacen nada ","Sí, pero de forma insuficiente",Participar en grupos vecinales Evitar salir de noche,1,0,1,0,0,"Sí, pero hay temor",0,0,1,0,Mayor iluminación pública,,Igual que el resto del país,Ni buena ni mala,Medianamente mejor,Ni satisfecho/a ni insatisfecho/a,Igual,Moderada,Moderada,Moderada,Moderada,Moderada,No han cambiado,Se ha mantenido igual,Se ha mantenido igual,Ni de acuerdo ni en desacuerdo,Difícil,Centro de salud de la parroquia,6,Justos,No,,,,,,Justa,Neutral,Ni de acuerdo ni en desacuerdo,,No,,,Neutral,Ni de acuerdo ni en desacuerdo,"Tengo un plan de emergencia para toda la familia Conozco las rutas de evacuación establecidas en la ciudad Cuento con un kit de emergencia con agua, alimentos, botiquín, abrigos, etc.",1,1,1,0,0,0,0,0,0,0,0,0,Moderadamente preocupado/a,Con el tiempo necesario,,Bien,Bien,Bien,0.3654068 -80.0373029 18.0 5.0,0.3654068,-80.0373029,18,5
Cojimies,,Masculino,55,2,2,1,2,1,2,1,Falta de honestidad,4,4,3,3,3,Falta de capacitación,,2,1,2,1,2,Compra de votos,Neutral,No ha cambiado,Redes sociales Líderes o partidos políticos,1,1,0,0,0,0,0,Neutral,Poco agresivo,No realmente,Neutral,A veces,Varias veces al día,Facebook YouTube Whatsapp,1,0,0,0,1,1,0,0,Parcialmente sesgado,A veces,No estoy seguro/a,No lo sé,No,Neutral,Madrugada,Parques Transporte público,1,1,0,0,0,0,0,2,1,1,1,2,1,1,No,Falta de trabajo Falta de presencia policial,1,1,0,0,0,0,0,Neutral,Si,3,,"Sí, pero de forma insuficiente","Sí, pero de forma insuficiente",Instalar cámaras o alarmas Evitar salir de noche,1,1,0,0,0,"No, pero hay interés",0,1,0,0,Mayor iluminación pública,,Igual que el resto del país,Mala,Igual,Ni satisfecho/a ni insatisfecho/a,Igual,Limitada,Limitada,Moderada,Limitada,Moderada,No han cambiado,Se ha mantenido igual,Se ha mantenido igual,Ni de acuerdo ni en desacuerdo,Regular,Hospital,7,Justos,No,,,,,,Justa,Neutral,Ni de acuerdo ni en desacuerdo,,No,,,Neutral,Ni de acuerdo ni en desacuerdo,"Tengo un plan de emergencia para toda la familia Conozco las rutas de evacuación establecidas en la ciudad Cuento con un kit de emergencia con agua, alimentos, botiquín, abrigos, etc.",1,1,1,0,0,0,0,0,0,0,0,0,Moderadamente preocupado/a,Lentamente,,Bien,Bien,Bien,0.3640448 -80.0379806 18.30000114440918 2.666,0.3640448,-80.0379806,18.30000114,2.666
Cojimies,,Femenino,30,3,4,3,4,3,4,3,No sabe,3,4,3,4,3,No sabe,,3,4,3,4,3,No sabe,Poco consciente,No ha cambiado,Medios tradicionales,0,0,1,0,0,0,0,No realmente,Poco agresivo,No realmente,Neutral,A veces,Algunas veces por semana,Facebook,1,0,0,0,0,0,0,0,Mayormente equilibrado,Rara vez,No estoy seguro/a,"No, pero me interesaría",Si,Inseguro,Madrugada,Transporte público Zonas oscuras o alejadas,0,1,0,1,0,0,0,3,4,3,4,3,4,3,No,Consumo de drogas,0,0,1,0,0,0,0,Neutral,No,,Temor a represalias,"No, no hacen nada ","No, no hacen nada ",Evitar salir de noche,1,0,0,0,0,"Sí, hay grupos de vigilancia",1,0,0,0,Más patrullas policiales,,Ligeramente peor que el resto del país,Ni buena ni mala,Medianamente mejor,Insatisfecho/a,Peor,Suficiente,Moderada,Muy suficiente,Suficiente,Muy suficiente,Han disminuido poco,Ha disminuido poco,Se ha mantenido igual,Ni de acuerdo ni en desacuerdo,Regular,Centro de salud de la parroquia,8,Justos,No,,,,,,Justa,Neutral,Ni de acuerdo ni en desacuerdo,,No,,,Neutral,En desacuerdo,Conozco las rutas de evacuación establecidas en la ciudad,0,1,0,0,0,0,0,0,0,0,0,0,Moderadamente preocupado/a,Con el tiempo necesario,,Muy mal,Muy mal,Ni bien ni mal,0.3638671 -80.0389481 18.700000762939453 3.083,0.3638671,-80.0389481,18.70000076,3.083
Cojimies,,Masculino,40,2,1,2,1,2,1,2,Mejorar la educación,4,3,3,3,3,Falta de recursos,,3,2,3,2,3,Corrupción,Neutral,No ha cambiado,Redes sociales Líderes o partidos políticos,1,1,0,0,0,0,0,Neutral,Neutral,No realmente,Neutral,A veces,Varias veces al día,Facebook Whatsapp YouTube,1,0,0,0,1,1,0,0,Parcialmente sesgado,A veces,No estoy seguro/a,"Sí, ocasionalmente",No,Neutral,Madrugada,Parques Transporte público,1,1,0,0,0,0,0,2,1,2,1,2,1,2,No,Falta de trabajo Falta de presencia policial,1,1,0,0,0,0,0,Neutral,No,,Consideró que no serviría de nada,"Sí, pero de forma insuficiente","Sí, pero de forma insuficiente",Evitar salir de noche Instalar cámaras o alarmas,1,1,0,0,0,"No, pero hay interés",0,1,0,0,Mayor iluminación pública,,Igual que el resto del país,Ni buena ni mala,Peor,Ni satisfecho/a ni insatisfecho/a,Igual,Moderada,Moderada,Moderada,Moderada,Moderada,No han cambiado,Se ha mantenido igual,Se ha mantenido igual,Ni de acuerdo ni en desacuerdo,Regular,Centro de salud de la parroquia,7,Justos,Si,Privada o particular,,Buena,Muy buena,Buena,Injusta,Neutral,Ni de acuerdo ni en desacuerdo,,Si,Neutral,Moderadamente,,Ni de acuerdo ni en desacuerdo,"Tengo un plan de emergencia para toda la familia Conozco las rutas de evacuación establecidas en la ciudad Cuento con un kit de emergencia con agua, alimentos, botiquín, abrigos, etc.",1,1,1,0,0,0,0,0,0,0,0,0,Moderadamente preocupado/a,Lentamente,,Ni bien ni mal,Ni bien ni mal,Ni bien ni mal,0.3649393 -80.0398321 11.90000057220459 4.5,0.3649393,-80.0398321,11.90000057,4.5
Cojimies,,Masculino,36,2,2,2,2,2,2,2,Falta de transparencia,4,3,4,3,4,No see honesto en el conteo de votos,,2,3,2,3,2,Corrupción,Neutral,No sé,Redes sociales Líderes o partidos políticos,1,1,0,0,0,0,0,Neutral,Neutral,"Sí, en ciertos casos",Neutral,Frecuentemente,Varias veces al día,Facebook Whatsapp YouTube,1,0,0,0,1,1,0,0,Parcialmente sesgado,A veces,No estoy seguro/a,"Sí, ocasionalmente",No,Neutral,Madrugada,Transporte público Parques,1,1,0,0,0,0,0,2,1,2,1,2,1,2,No,Corrupción Falta de trabajo,1,0,0,1,0,0,0,Neutral,No,,Consideró que no serviría de nada,"Sí, pero de forma insuficiente","Sí, pero de forma insuficiente",Evitar salir de noche,1,0,0,0,0,"No, pero hay interés",0,1,0,0,Más patrullas policiales,,Igual que el resto del país,Buena,Igual,Ni satisfecho/a ni insatisfecho/a,Igual,Limitada,Moderada,Limitada,Limitada,Limitada,No han cambiado,Se ha mantenido igual,Se ha mantenido igual,En desacuerdo,Regular,Centro de salud de la parroquia,8,Justos,Si,Público o fiscal,,Buena,Muy buena,Buena,Injusta,Neutral,Ni de acuerdo ni en desacuerdo,,No,,,Neutral,Ni de acuerdo ni en desacuerdo,"Tengo un plan de emergencia para toda la familia Conozco las rutas de evacuación establecidas en la ciudad Cuento con un kit de emergencia con agua, alimentos, botiquín, abrigos, etc.",1,1,1,0,0,0,0,0,0,0,0,0,Moderadamente preocupado/a,Lentamente,,Ni bien ni mal,Ni bien ni mal,Ni bien ni mal,0.367022 -80.0386093 16.399999618530273 4.8,0.367022,-80.0386093,16.39999962,4.8
Cojimies,,Femenino,47,2,1,2,1,2,1,2,Mas transparencia en las urnas,4,3,4,3,4,Corrupción,,2,3,2,3,2,Mal conteo de votos,Neutral,No ha cambiado,Redes sociales Líderes o partidos políticos,1,1,0,0,0,0,0,No realmente,Neutral,No estoy seguro/a,Neutral,A veces,Varias veces al día,Facebook Whatsapp Telegram,1,0,0,0,0,1,1,0,Mayormente equilibrado,A veces,No estoy seguro/a,"No, pero me interesaría",No,Neutral,Madrugada,Parques Calles principales Transporte público,1,1,1,0,0,0,0,2,1,2,1,2,1,2,No,Falta de trabajo Falta de presencia policial,1,1,0,0,0,0,0,Neutral,No,,Consideró que no serviría de nada,"Sí, pero de forma insuficiente","Sí, pero de forma insuficiente",Evitar salir de noche Instalar cámaras o alarmas,1,1,0,0,0,"No, pero hay interés Sí, pero hay temor",0,1,1,0,Mayor iluminación pública,,Igual que el resto del país,Ni buena ni mala,Igual,Ni satisfecho/a ni insatisfecho/a,Igual,Limitada,Moderada,Limitada,Limitada,Moderada,No han cambiado,Se ha mantenido igual,Se ha mantenido igual,Ni de acuerdo ni en desacuerdo,Difícil,Hospital,7,Injustos,Si,Público o fiscal,,Buena,Buena,Buena,Injusta,Neutral,Ni de acuerdo ni en desacuerdo,,Si,Neutral,Moderadamente,,Ni de acuerdo ni en desacuerdo,Tengo un plan de emergencia para toda la familia Conozco las rutas de evacuación establecidas en la ciudad He participado en simulacros de desastres naturales que se han realizado,1,1,0,1,0,0,0,0,0,0,0,0,Moderadamente preocupado/a,Con el tiempo necesario,,Bien,Ni bien ni mal,Ni bien ni mal,0.3667804 -80.0377541 16.299999237060547 5.0,0.3667804,-80.0377541,16.29999924,5
Cojimies,,Femenino,48,1,2,2,2,1,2,2,Reformar el sistema electoral,4,4,5,4,4,Partidos políticos contrarios,,2,2,3,2,3,Corrupción,Neutral,No sé,Redes sociales Líderes o partidos políticos,1,1,0,0,0,0,0,Neutral,Poco agresivo,No estoy seguro/a,Neutral,A veces,Varias veces al día,Facebook Whatsapp YouTube,1,0,0,0,1,1,0,0,Parcialmente sesgado,A veces,No estoy seguro/a,"Sí, ocasionalmente",No,Neutral,Madrugada,Zonas oscuras o alejadas Parques Transporte público,1,1,0,1,0,0,0,1,2,1,2,1,2,1,No,Falta de trabajo Falta de presencia policial,1,1,0,0,0,0,0,Neutral,Si,3,,"Sí, pero de forma insuficiente","Sí, pero de forma insuficiente",Evitar salir de noche Instalar cámaras o alarmas,1,1,0,0,0,"No, pero hay interés",0,1,0,0,Más patrullas policiales,,Igual que el resto del país,Ni buena ni mala,Igual,Ni satisfecho/a ni insatisfecho/a,Igual,Limitada,Moderada,Limitada,Limitada,Moderada,No han cambiado,Se ha mantenido igual,Se ha mantenido igual,Ni de acuerdo ni en desacuerdo,Difícil,Centro de salud de la parroquia,9,Justos,Si,Público o fiscal,,Buena,Muy buena,Buena,Justa,Neutral,Ni de acuerdo ni en desacuerdo,,Si,Neutral,Moderadamente,,Ni de acuerdo ni en desacuerdo,Conozco los números de emergencia Conozco las rutas de evacuación establecidas en la ciudad,0,1,0,0,1,0,0,0,0,0,0,0,Moderadamente preocupado/a,Con el tiempo necesario,,Ni bien ni mal,Ni bien ni mal,Ni bien ni mal,0.3680379 -80.0365118 16.399999618530273 4.3,0.3680379,-80.0365118,16.39999962,4.3
Cojimies,,Femenino,47,3,2,3,2,3,2,3,Mas participación ciudadana,4,4,4,4,4,Falta de tiempo,,2,2,2,2,2,Corrupción,Neutral,No sé,Redes sociales Líderes o partidos políticos,1,1,0,0,0,0,0,Neutral,Neutral,No estoy seguro/a,No afecta mi confianza,A veces,Varias veces al día,Instagram TikTok YouTube,0,0,1,1,1,0,0,0,Parcialmente sesgado,A veces,"Sí, ocasionalmente","No, pero me interesaría",No,Neutral,Madrugada,Parques Transporte público,1,1,0,0,0,0,0,2,1,1,1,2,1,1,No,Falta de trabajo Falta de presencia policial,1,1,0,0,0,0,0,Neutral,Si,4,,"Sí, pero de forma insuficiente","Sí, pero de forma insuficiente",Instalar cámaras o alarmas Evitar salir de noche,1,1,0,0,0,"No, pero hay interés Sí, pero hay temor",0,1,1,0,Mayor iluminación pública,,Igual que el resto del país,Mala,Igual,Ni satisfecho/a ni insatisfecho/a,Igual,Limitada,Moderada,Moderada,Limitada,Limitada,No han cambiado,Se ha mantenido igual,Se ha mantenido igual,Ni de acuerdo ni en desacuerdo,Regular,Hospital,8,Justos,No,,,,,,Injusta,Neutral,Ni de acuerdo ni en desacuerdo,,No,,,Neutral,Ni de acuerdo ni en desacuerdo,Tengo un plan de emergencia para toda la familia Sé cómo contactar a las autoridades y/o instituciones en caso de desastre He participado en simulacros de desastres naturales que se han realizado,1,0,0,1,0,1,0,0,0,0,0,0,Moderadamente preocupado/a,Con el tiempo necesario,,Bien,Bien,Bien,0.368192 -80.0348052 16.200000762939453 4.9,0.368192,-80.0348052,16.20000076,4.9
Cojimies,,Femenino,28,2,2,2,2,2,2,2,Fomentar la participación,4,4,4,4,4,Mal conteo de votos,,3,2,3,2,2,Corrupción,Neutral,No ha cambiado,Redes sociales Líderes o partidos políticos,1,1,0,0,0,0,0,No realmente,Neutral,No estoy seguro/a,Neutral,A veces,Algunas veces por semana,Whatsapp Facebook YouTube,1,0,0,0,1,1,0,0,Parcialmente sesgado,A veces,No estoy seguro/a,"No, pero me interesaría",No,Neutral,Madrugada,Parques Transporte público Zonas oscuras o alejadas,1,1,0,1,0,0,0,2,1,2,1,1,2,1,No,Falta de trabajo Falta de presencia policial,1,1,0,0,0,0,0,Neutral,No,,Consideró que no serviría de nada,"Sí, pero de forma insuficiente","Sí, pero de forma insuficiente",Instalar cámaras o alarmas Evitar salir de noche,1,1,0,0,0,"Sí, pero hay temor",0,0,1,0,Mayor iluminación pública,,Igual que el resto del país,Ni buena ni mala,Igual,Ni satisfecho/a ni insatisfecho/a,Igual,Moderada,Limitada,Limitada,Moderada,Limitada,No han cambiado,Se ha mantenido igual,Ha aumentado,Ni de acuerdo ni en desacuerdo,Regular,Centro de salud de la parroquia,8,Justos,No,,,,,,Justa,Neutral,Ni de acuerdo ni en desacuerdo,,Si,Neutral,Moderadamente,,Ni de acuerdo ni en desacuerdo,Conozco las rutas de evacuación establecidas en la ciudad,0,1,0,0,0,0,0,0,0,0,0,0,Moderadamente preocupado/a,Con el tiempo necesario,,Bien,Bien,Bien,0.366439 -80.0325914 14.000000953674316 4.7,0.366439,-80.0325914,14.00000095,4.7
Cojimies,,Masculino,47,3,4,3,4,3,4,3,No sabe,3,4,3,4,3,No sabe,,4,3,4,3,4,No sabe,Neutral,No sé,Medios tradicionales,0,0,1,0,0,0,0,"No, en absoluto",Neutral,No estoy seguro/a,No afecta mi confianza,Frecuentemente,Algunas veces por semana,Facebook,1,0,0,0,0,0,0,0,Parcialmente sesgado,A veces,No estoy seguro/a,"No, pero me interesaría",Si,Seguro,Madrugada,Zonas oscuras o alejadas,0,0,0,1,0,0,0,3,4,3,4,3,4,3,No,Falta de presencia policial Corrupción,0,1,0,1,0,0,0,Neutral,No,,Otras,"No, no hacen nada ","No, no hacen nada ",Evitar salir de noche,1,0,0,0,0,"No, pero hay interés",0,1,0,0,Programas sociales para jóvenes,,Ligeramente peor que el resto del país,Ni buena ni mala,Medianamente mejor,Ni satisfecho/a ni insatisfecho/a,Igual,Suficiente,Muy suficiente,Suficiente,Muy suficiente,Suficiente,No han cambiado,Se ha mantenido igual,Se ha mantenido igual,Ni de acuerdo ni en desacuerdo,Regular,Centro de salud de la parroquia,8,Injustos,No,,,,,,Injusta,Neutral,Ni de acuerdo ni en desacuerdo,,Si,Neutral,Moderadamente,,Ni de acuerdo ni en desacuerdo,Tengo un plan de emergencia para toda la familia,1,0,0,0,0,0,0,0,0,0,0,0,Poco preocupado/a,Con el tiempo necesario,,Muy mal,Ni bien ni mal,Muy mal,0.3673244 -80.0328672 13.90000057220459 5.0,0.3673244,-80.0328672,13.90000057,5
Cojimies,,Masculino,47,3,4,3,4,3,4,3,No sabe,3,3,3,3,3,No sabe,,3,3,3,3,3,No sabe,Consciente,"Sí, ha cambiado un poco",Líderes o partidos políticos,0,1,0,0,0,0,0,No realmente,Poco agresivo,No estoy seguro/a,No afecta mi confianza,A veces,Varias veces al día,Facebook,1,0,0,0,0,0,0,0,Mayormente equilibrado,A veces,Rara vez,"No, pero me interesaría",Si,Neutral,Madrugada,Zonas oscuras o alejadas,0,0,0,1,0,0,0,3,4,3,4,3,4,3,No,Falta de presencia policial,0,1,0,0,0,0,0,Neutral,No,,Desconfianza en las autoridades,"No, no hacen nada ","No, no hacen nada ",Instalar cámaras o alarmas,0,1,0,0,0,"No, pero hay interés",0,1,0,0,Más patrullas policiales,,Ligeramente peor que el resto del país,Ni buena ni mala,Medianamente mejor,Ni satisfecho/a ni insatisfecho/a,Mejor,Suficiente,Suficiente,Moderada,Muy suficiente,Muy suficiente,No han cambiado,Se ha mantenido igual,Se ha mantenido igual,Ni de acuerdo ni en desacuerdo,Regular,Centro de salud de la parroquia,9,Injustos,Si,Público o fiscal,,Buena,Muy mala,Muy mala,Injusta,Neutral,Ni de acuerdo ni en desacuerdo,,Si,Seguro,Moderadamente,,Ni de acuerdo ni en desacuerdo,Conozco las rutas de evacuación establecidas en la ciudad,0,1,0,0,0,0,0,0,0,0,0,0,Moderadamente preocupado/a,Rápidamente,,Ni bien ni mal,Muy mal,Ni bien ni mal,0.3673342 -80.0342172 16.200000762939453 5.0,0.3673342,-80.0342172,16.20000076,5
Cojimies,,Masculino,32,3,4,3,4,3,4,3,No sabe,3,4,3,4,3,No sabe,,3,4,3,4,3,No sabe,Neutral,No ha cambiado,Medios tradicionales Redes sociales,1,0,1,0,0,0,0,No realmente,Neutral,No estoy seguro/a,Neutral,Rara vez,Algunas veces por semana,Facebook,1,0,0,0,0,0,0,0,Mayormente equilibrado,Rara vez,No estoy seguro/a,"No, pero me interesaría",Si,Seguro,Madrugada,Zonas oscuras o alejadas,0,0,0,1,0,0,0,3,4,3,4,3,4,3,No,Falta de presencia policial,0,1,0,0,0,0,0,Neutral,No,,Otras,"No, no hacen nada ","No, no hacen nada ",Instalar cámaras o alarmas,0,1,0,0,0,"No, pero hay interés",0,1,0,0,Más patrullas policiales,,Ligeramente peor que el resto del país,Ni buena ni mala,Igual,Ni satisfecho/a ni insatisfecho/a,Igual,Suficiente,Suficiente,Suficiente,Muy suficiente,Muy suficiente,No han cambiado,Se ha mantenido igual,Ha aumentado,En desacuerdo,Regular,Centro médico particular,8,Muy injustos,No,,,,,,Injusta,Neutral,En desacuerdo,,Si,Seguro,Moderadamente,,Totalmente en desacuerdo,"Cuento con un kit de emergencia con agua, alimentos, botiquín, abrigos, etc.",0,0,1,0,0,0,0,0,0,0,0,0,Moderadamente preocupado/a,Con el tiempo necesario,,Ni bien ni mal,Muy mal,Ni bien ni mal,0.3669176 -80.0349942 16.399999618530273 4.166,0.3669176,-80.0349942,16.39999962,4.166
Cojimies,,Masculino,38,2,3,3,2,2,3,2,No sabe,3,3,3,3,3,No sabe,,3,3,4,3,4,No sabe,Neutral,Ha disminuido,Medios tradicionales,0,0,1,0,0,0,0,No realmente,Poco agresivo,No realmente,No afecta mi confianza,A veces,Una vez al día,Instagram,0,0,1,0,0,0,0,0,Parcialmente sesgado,No sé,No estoy seguro/a,"No, no me importa",Si,Neutral,Madrugada,Zonas oscuras o alejadas,0,0,0,1,0,0,0,3,4,2,2,2,4,3,No,Crimen organizado,0,0,0,0,1,0,0,Eficaz,No,,Otras,"No sabe, no responde","No sabe, no responde",Participar en grupos vecinales,0,0,1,0,0,"No, pero hay interés",0,1,0,0,Educación ciudadana,,Mucho peor que el resto del país,Mala,Medianamente mejor,Insatisfecho/a,Igual,Suficiente,Suficiente,Suficiente,Muy suficiente,Suficiente,Han disminuido poco,Se ha mantenido igual,Se ha mantenido igual,Ni de acuerdo ni en desacuerdo,Regular,Centro de salud de la parroquia,9,Injustos,No,,,,,,Injusta,Neutral,En desacuerdo,,Si,Seguro,Moderadamente,,En desacuerdo,"Cuento con un kit de emergencia con agua, alimentos, botiquín, abrigos, etc.",0,0,1,0,0,0,0,0,0,0,0,0,Poco preocupado/a,Con el tiempo necesario,,Muy mal,Muy mal,Muy mal,0.3661724 -80.0358141 18.600000381469727 4.971,0.3661724,-80.0358141,18.60000038,4.971
Cojimies,,Femenino,45,3,4,3,4,3,3,3,No sabe,3,4,3,4,3,No sabe,,4,3,4,3,4,No sabe,Poco consciente,No ha cambiado,Medios tradicionales Redes sociales,1,0,1,0,0,0,0,No realmente,Poco agresivo,No realmente,Neutral,Rara vez,Una vez al día,Instagram,0,0,1,0,0,0,0,0,Mayormente equilibrado,No sé,Rara vez,"No, pero me interesaría",Si,Seguro,Madrugada,Parques,1,0,0,0,0,0,0,3,5,4,4,3,4,3,No,Falta de presencia policial,0,1,0,0,0,0,0,Neutral,No,,Otras,"No sabe, no responde","No sabe, no responde",Cambiar itinerarios y rutas,0,0,0,1,0,"Sí, pero hay temor",0,0,1,0,Programas sociales para jóvenes,,Mucho peor que el resto del país,Ni buena ni mala,Medianamente mejor,Insatisfecho/a,Igual,Muy suficiente,Suficiente,Muy suficiente,Suficiente,Suficiente,No han cambiado,Ha aumentado poco,Se ha mantenido igual,En desacuerdo,Regular,Centro médico particular,8,Injustos,No,,,,,,Injusta,Neutral,En desacuerdo,,Si,Neutral,Moderadamente,,En desacuerdo,Conozco las rutas de evacuación establecidas en la ciudad,0,1,0,0,0,0,0,0,0,0,0,0,Moderadamente preocupado/a,Rápidamente,,Muy mal,Muy mal,Muy mal,0.3661406 -80.036707 18.30000114440918 4.9,0.3661406,-80.036707,18.30000114,4.9
Cojimies,,Femenino,42,2,2,3,3,2,3,3,No sabe,3,4,3,4,4,No sabe,,3,4,3,4,4,No sabe,Poco consciente,No ha cambiado,Medios tradicionales,0,0,1,0,0,0,0,No realmente,Neutral,No realmente,Neutral,A veces,Varias veces al día,Facebook,1,0,0,0,0,0,0,0,Mayormente equilibrado,A veces,Rara vez,"No, pero me interesaría",Si,Seguro,Madrugada,Zonas oscuras o alejadas,0,0,0,1,0,0,0,3,3,4,3,4,3,4,No,Corrupción,0,0,0,1,0,0,0,Neutral,No,,Temor a represalias,"No, no hacen nada ","No, no hacen nada ",Instalar cámaras o alarmas,0,1,0,0,0,"Sí, hay grupos de vigilancia",1,0,0,0,Más patrullas policiales,,Ligeramente peor que el resto del país,Ni buena ni mala,Medianamente mejor,Ni satisfecho/a ni insatisfecho/a,Igual,Suficiente,Moderada,Suficiente,Suficiente,Suficiente,No han cambiado,Ha aumentado poco,Se ha mantenido igual,Ni de acuerdo ni en desacuerdo,Regular,Centro de salud de la parroquia,8,Justos,No,,,,,,Justa,Algo,En desacuerdo,,Si,Neutral,Poco,,En desacuerdo,Conozco las rutas de evacuación establecidas en la ciudad,0,1,0,0,0,0,0,0,0,0,0,0,Moderadamente preocupado/a,Con el tiempo necesario,,Muy mal,Muy mal,Muy mal,0.3658322 -80.0375913 16.0 4.7,0.3658322,-80.0375913,16,4.7
Cojimies,,Masculino,40,2,1,2,2,1,2,1,Mejorar los sistemas electorales,4,4,3,4,3,Poco acceso,,2,2,1,2,1,Corrupción,Neutral,No sé,Redes sociales Líderes o partidos políticos,1,1,0,0,0,0,0,Neutral,Neutral,No estoy seguro/a,No afecta mi confianza,A veces,Varias veces al día,Facebook Whatsapp YouTube,1,0,0,0,1,1,0,0,Mayormente equilibrado,A veces,"Sí, ocasionalmente","No, pero me interesaría",No,Neutral,Madrugada,Parques Transporte público,1,1,0,0,0,0,0,1,2,1,2,1,1,1,No,Falta de trabajo Falta de presencia policial,1,1,0,0,0,0,0,Neutral,No,,Desconfianza en las autoridades,"Sí, pero de forma insuficiente","Sí, pero de forma insuficiente",Evitar salir de noche Instalar cámaras o alarmas,1,1,0,0,0,"Sí, pero hay temor",0,0,1,0,Mayor iluminación pública,,Igual que el resto del país,Ni buena ni mala,Igual,Ni satisfecho/a ni insatisfecho/a,Igual,Limitada,Moderada,Limitada,Moderada,Limitada,No han cambiado,Se ha mantenido igual,Se ha mantenido igual,Ni de acuerdo ni en desacuerdo,Difícil,Hospital,7,Justos,Si,Público o fiscal,,Buena,Muy buena,Buena,Justa,Neutral,Ni de acuerdo ni en desacuerdo,,Si,Neutral,Moderadamente,,Ni de acuerdo ni en desacuerdo,"Tengo un plan de emergencia para toda la familia Conozco las rutas de evacuación establecidas en la ciudad Cuento con un kit de emergencia con agua, alimentos, botiquín, abrigos, etc.",1,1,1,0,0,0,0,0,0,0,0,0,Moderadamente preocupado/a,Con el tiempo necesario,,Bien,Bien,Bien,0.365368 -80.038605 16.299999237060547 4.1,0.365368,-80.038605,16.29999924,4.1
Cojimies,,Femenino,45,2,2,2,2,1,1,1,Incluir alos ciudadananos,4,4,4,4,4,Desconfianza,,2,2,2,2,2,Corrupción,Neutral,No ha cambiado,Redes sociales Líderes o partidos políticos,1,1,0,0,0,0,0,Neutral,Neutral,No estoy seguro/a,Neutral,A veces,Varias veces al día,Facebook Whatsapp YouTube,1,0,0,0,1,1,0,0,Parcialmente sesgado,A veces,Rara vez,"No, pero me interesaría",No,Neutral,Madrugada,Parques Transporte público,1,1,0,0,0,0,0,2,2,1,2,1,2,1,No,Falta de trabajo Falta de presencia policial,1,1,0,0,0,0,0,Neutral,No,,Consideró que no serviría de nada,"Sí, de manera activa","No, no hacen nada ",Evitar salir de noche Instalar cámaras o alarmas,1,1,0,0,0,"No, pero hay interés",0,1,0,0,Mayor iluminación pública,,Igual que el resto del país,Ni buena ni mala,Igual,Ni satisfecho/a ni insatisfecho/a,Igual,Moderada,Moderada,Suficiente,Moderada,Suficiente,No han cambiado,Se ha mantenido igual,Se ha mantenido igual,Ni de acuerdo ni en desacuerdo,Difícil,Centro de salud de la parroquia,8,Injustos,Si,Público o fiscal,,Buena,Muy buena,Buena,Justa,Neutral,Ni de acuerdo ni en desacuerdo,,Si,Neutral,Moderadamente,,Ni de acuerdo ni en desacuerdo,"Conozco las rutas de evacuación establecidas en la ciudad Cuento con un kit de emergencia con agua, alimentos, botiquín, abrigos, etc. Tengo un plan de emergencia para toda la familia",1,1,1,0,0,0,0,0,0,0,0,0,Moderadamente preocupado/a,Con el tiempo necesario,,Bien,Bien,Bien,0.3651432 -80.0377023 16.200000762939453 4.7,0.3651432,-80.0377023,16.20000076,4.7
Pedernales,Conglomerado 2,Femenino,44,5,5,5,5,5,5,5,Ninguna ,4,4,3,4,4,Ninguna ,,5,5,5,5,5,Ninguno ,Neutral,No sé,Redes sociales,1,0,0,0,0,0,0,Neutral,Neutral,"No, en absoluto",Neutral,A veces,Nunca,Telegram Facebook Instagram TikTok,1,0,1,1,0,0,1,0,No consumo,No sé,Nunca,No lo sé,No,Neutral,Noche,Parques Transporte público,1,1,0,0,0,0,0,1,1,1,1,1,1,1,No,Falta de trabajo Falta de presencia policial La pobreza,1,1,0,0,0,1,0,Neutral,No,,Otras,"No sabe, no responde","Sí, pero de forma insuficiente",Evitar salir de noche Cambiar itinerarios y rutas,1,0,0,1,0,"No, pero hay interés",0,1,0,0,Mayor iluminación pública,,Igual que el resto del país,Ni buena ni mala,Igual,Ni satisfecho/a ni insatisfecho/a,Igual,Suficiente,Muy limitada,Muy suficiente,Muy suficiente,Limitada,Han disminuido poco,Ha disminuido poco,Ha aumentado mucho,En desacuerdo,Regular,Hospital,9,Injustos,No,,,,,,Injusta,Neutral,Ni de acuerdo ni en desacuerdo,,Si,Neutral,Moderadamente,,De acuerdo,"Tengo un plan de emergencia para toda la familia Conozco las rutas de evacuación establecidas en la ciudad Cuento con un kit de emergencia con agua, alimentos, botiquín, abrigos, etc. Cuento con un fondo económico de emergencia",1,1,1,0,0,0,0,0,0,0,0,1,Extremadamente preocupado/a,Rápidamente,,Muy mal,Muy bien,No sabe/no responde,0.0787255 -80.0379601 45.599998474121094 3.225,0.0787255,-80.0379601,45.59999847,3.225
Pedernales,Conglomerado 2,Femenino,53,5,5,5,5,5,5,5,Ninguna ,4,4,4,4,2,Ninguna ,,5,5,5,5,5,Ninguna ,Neutral,No sé,Otras,0,0,0,0,0,0,1,Neutral,Neutral,"No, en absoluto",Neutral,A veces,Rara vez,TikTok Whatsapp,0,0,0,1,0,1,0,0,No consumo,No sé,Nunca,"No, pero me interesaría",No,Neutral,Noche,Parques,1,0,0,0,0,0,0,1,1,1,1,1,1,1,No,Falta de trabajo Falta de presencia policial La pobreza,1,1,0,0,0,1,0,Neutral,No,,Otras,"No sabe, no responde","Sí, de manera activa",Evitar salir de noche Cambiar itinerarios y rutas,1,0,0,1,0,"Sí, hay grupos de vigilancia",1,0,0,0,Mayor iluminación pública,,Ligeramente peor que el resto del país,Ni buena ni mala,Igual,Ni satisfecho/a ni insatisfecho/a,Igual,Muy suficiente,Moderada,Suficiente,Suficiente,Suficiente,Han disminuido mucho,Ha disminuido poco,Ha aumentado,Ni de acuerdo ni en desacuerdo,Regular,Centro de salud de la parroquia,8,Injustos,No,,,,,,Injusta,Neutral,Ni de acuerdo ni en desacuerdo,,No,,,Neutral,Ni de acuerdo ni en desacuerdo,Conozco las rutas de evacuación establecidas en la ciudad,0,1,0,0,0,0,0,0,0,0,0,0,Muy preocupado/a,Muy rápidamente,,Muy mal,Bien,Muy mal,0.0786977 -80.0378774 44.29999923706055 2.45,0.0786977,-80.0378774,44.29999924,2.45
Pedernales,Conglomerado 2,Femenino,49,5,5,5,5,5,5,5,Ninguna ,3,3,2,2,2,Ninguna ,,5,4,3,3,3,Ninguna ,Neutral,No sé,Redes sociales,1,0,0,0,0,0,0,Neutral,Neutral,"No, en absoluto",Neutral,Nunca,Varias veces al día,Otras,0,0,0,0,0,0,0,1,No consumo,No sé,Nunca,No lo sé,No,Neutral,Noche,Parques Transporte público Calles principales,1,1,1,0,0,0,0,1,1,1,1,1,1,1,No,Otras La pobreza Falta de trabajo Falta de presencia policial,1,1,0,0,0,1,1,Neutral,No,,Otras,"Sí, pero de forma insuficiente","No sabe, no responde",Evitar salir de noche,1,0,0,0,0,"No, pero hay interés",0,1,0,0,Mayor iluminación pública,,Mucho peor que el resto del país,Ni buena ni mala,Igual,Insatisfecho/a,Igual,Muy suficiente,Muy limitada,Limitada,Moderada,Suficiente,Han disminuido mucho,Ha disminuido poco,Ha disminuido,En desacuerdo,Regular,Hospital,4,Injustos,No,,,,,,Injusta,Neutral,En desacuerdo,,No,,,Neutral,Ni de acuerdo ni en desacuerdo,"Cuento con un kit de emergencia con agua, alimentos, botiquín, abrigos, etc.",0,0,1,0,0,0,0,0,0,0,0,0,Extremadamente preocupado/a,Con el tiempo necesario,,Bien,No sabe/no responde,Muy bien,0.0789747 -80.0378482 43.5 3.95,0.0789747,-80.0378482,43.5,3.95
Pedernales,Conglomerado 2,Femenino,33,5,5,5,5,5,5,5,Ninguna ,4,4,2,4,3,Ninguna ,,5,5,3,5,5,Ninguna ,Neutral,No sé,Redes sociales,1,0,0,0,0,0,0,Neutral,Muy agresivo,"No, en absoluto",Neutral,A veces,Varias veces al día,Facebook TikTok Whatsapp,1,0,0,1,0,1,0,0,No consumo,A veces,Rara vez,No lo sé,No,Neutral,Noche,Parques,1,0,0,0,0,0,0,1,1,1,1,1,1,1,No,Falta de trabajo Falta de presencia policial La pobreza,1,1,0,0,0,1,0,Neutral,No,,Otras,"Sí, pero de forma insuficiente","No, no hacen nada ",Evitar salir de noche Cambiar itinerarios y rutas,1,0,0,1,0,"No sabe, no responde",0,0,0,1,Mayor iluminación pública,,Mucho peor que el resto del país,Mala,Igual,Ni satisfecho/a ni insatisfecho/a,Igual,Muy limitada,Extremadamente limitada,Moderada,Muy limitada,Moderada,Han disminuido mucho,Ha disminuido poco,Ha aumentado,En desacuerdo,Regular,Hospital,4,Injustos,Si,Público o fiscal,,Buena,Regular,Muy buena,Injusta,Neutral,Ni de acuerdo ni en desacuerdo,,No,,,Neutral,Ni de acuerdo ni en desacuerdo,"Tengo un plan de emergencia para toda la familia Cuento con un kit de emergencia con agua, alimentos, botiquín, abrigos, etc.",1,0,1,0,0,0,0,0,0,0,0,0,Extremadamente preocupado/a,Lentamente,,No sabe/no responde,No sabe/no responde,Ni bien ni mal,0.0793382 -80.0379913 42.89999771118164 4.0,0.0793382,-80.0379913,42.89999771,4
Pedernales,Conglomerado 2,Masculino,42,5,5,5,5,5,5,5,Ninguna ,2,5,3,4,3,Ninguna ,,5,3,3,3,3,Ninguna ,Neutral,No sé,Redes sociales,1,0,0,0,0,0,0,Neutral,Neutral,No estoy seguro/a,Neutral,A veces,Rara vez,TikTok Facebook Whatsapp Twitter/X Instagram Telegram YouTube Otras,1,1,1,1,1,1,1,1,No consumo,Rara vez,Rara vez,"Sí, ocasionalmente",No,Neutral,Noche,Calles principales,0,0,1,0,0,0,0,1,1,1,1,1,1,1,No,Falta de trabajo Falta de presencia policial La pobreza,1,1,0,0,0,1,0,Neutral,No,,Desconfianza en las autoridades,"No, no hacen nada ","Sí, de manera activa",Evitar salir de noche Cambiar itinerarios y rutas,1,0,0,1,0,"No, pero hay interés",0,1,0,0,Más patrullas policiales,,Ligeramente peor que el resto del país,Mala,Igual,Ni satisfecho/a ni insatisfecho/a,Igual,Muy limitada,Muy limitada,Muy limitada,Moderada,Limitada,No han cambiado,Ha disminuido mucho,Ha aumentado,Ni de acuerdo ni en desacuerdo,Regular,Centro médico particular,8,Injustos,Si,Privada o particular,,Buena,Muy buena,Buena,Injusta,Neutral,En desacuerdo,,Si,Neutral,Poco,,Ni de acuerdo ni en desacuerdo,"Conozco las rutas de evacuación establecidas en la ciudad Cuento con un kit de emergencia con agua, alimentos, botiquín, abrigos, etc. Tengo un plan de emergencia para toda la familia",1,1,1,0,0,0,0,0,0,0,0,0,Moderadamente preocupado/a,Rápidamente,,Muy mal,Muy mal,Muy mal,0.0792681 -80.0375039 42.70000076293945 4.4,0.0792681,-80.0375039,42.70000076,4.4
Pedernales,Conglomerado 2,Masculino,63,1,1,1,1,2,2,1,Más conocimiento ,5,5,4,5,4,Ejercer el voto asistido ,,5,4,4,4,5,Las elecciones en otro lado ,Neutral,No sé,Redes sociales Líderes o partidos políticos,1,1,0,0,0,0,0,Neutral,Muy agresivo,No realmente,Neutral,Nunca,Varias veces al día,Facebook Whatsapp TikTok,1,0,0,1,0,1,0,0,Mayormente equilibrado,No sé,Rara vez,No lo sé,No,Neutral,Noche,Parques Transporte público,1,1,0,0,0,0,0,1,1,1,1,1,1,1,No,Falta de trabajo Falta de presencia policial La pobreza,1,1,0,0,0,1,0,Neutral,No,,Otras,"No, no hacen nada ","Sí, pero de forma insuficiente",Cambiar itinerarios y rutas Evitar salir de noche,1,0,0,1,0,"No, pero hay interés",0,1,0,0,Más patrullas policiales,,Mucho peor que el resto del país,Ni buena ni mala,Igual,Ni satisfecho/a ni insatisfecho/a,Igual,Suficiente,Moderada,Limitada,Muy limitada,Muy limitada,Han disminuido mucho,Ha disminuido mucho,Se ha mantenido igual,En desacuerdo,Difícil,Hospital,5,Injustos,No,,,,,,Justa,Neutral,En desacuerdo,,No,,,Neutral,En desacuerdo,Tengo un plan de emergencia para toda la familia Cuento con un fondo económico de emergencia,1,0,0,0,0,0,0,0,0,0,0,1,Poco preocupado/a,Muy rápidamente,,Ni bien ni mal,Muy mal,Muy mal,0.0783684 -80.0381008 45.79999923706055 4.855,0.0783684,-80.0381008,45.79999924,4.855
Pedernales,Conglomerado 2,Femenino,51,1,1,1,1,1,1,1,Nueva forma de manejar la democracia ,5,4,4,3,2, Nuevas instalaciones ,,5,5,5,5,5,Ninguna ,Neutral,No sé,Redes sociales Líderes o partidos políticos Otras,1,1,0,0,0,0,1,Neutral,Neutral,"No, en absoluto",Neutral,Siempre,Varias veces al día,Twitter/X Facebook Whatsapp TikTok,1,1,0,1,0,1,0,0,No consumo,No sé,Rara vez,No lo sé,No,Neutral,Noche,Parques Transporte público,1,1,0,0,0,0,0,1,1,1,1,1,1,1,No,Falta de trabajo La pobreza Falta de presencia policial,1,1,0,0,0,1,0,Neutral,No,,Otras,"No sabe, no responde","No, no hacen nada ",Evitar salir de noche Cambiar itinerarios y rutas,1,0,0,1,0,"Sí, hay grupos de vigilancia",1,0,0,0,Más patrullas policiales,,Mucho peor que el resto del país,Ni buena ni mala,Igual,Ni satisfecho/a ni insatisfecho/a,Igual,Muy suficiente,Limitada,Moderada,Muy suficiente,Moderada,Han disminuido poco,Ha disminuido poco,Ha aumentado,En desacuerdo,Regular,Hospital,5,Justos,No,,,,,,Injusta,Neutral,En desacuerdo,,No,,,Neutral,En desacuerdo,Tengo un plan de emergencia para toda la familia,1,0,0,0,0,0,0,0,0,0,0,0,Moderadamente preocupado/a,Muy rápidamente,,No sabe/no responde,Muy bien,No sabe/no responde,0.0784331 -80.0382388 45.599998474121094 3.757,0.0784331,-80.0382388,45.59999847,3.757
Pedernales,Conglomerado 2,Masculino,66,5,5,5,5,5,5,5,Ninguna ,5,3,3,3,3,Ninguna ,,5,5,3,3,5,Ninguna ,Neutral,No sé,Líderes o partidos políticos Redes sociales,1,1,0,0,0,0,0,Neutral,Neutral,No estoy seguro/a,Neutral,A veces,Una vez al día,Otras,0,0,0,0,0,0,0,1,No consumo,No sé,Nunca,No lo sé,No,Neutral,Noche,Parques Transporte público,1,1,0,0,0,0,0,1,1,1,1,1,1,1,No,Falta de trabajo Falta de presencia policial La pobreza,1,1,0,0,0,1,0,Neutral,No,,Desconfianza en las autoridades,"No sabe, no responde","Sí, pero de forma insuficiente",Evitar salir de noche Cambiar itinerarios y rutas,1,0,0,1,0,"No, pero hay interés",0,1,0,0,Más patrullas policiales,,Mucho peor que el resto del país,Ni buena ni mala,Igual,Ni satisfecho/a ni insatisfecho/a,Igual,Muy suficiente,Muy limitada,Muy suficiente,Moderada,Suficiente,Han disminuido poco,Ha disminuido poco,Ha aumentado,En desacuerdo,Regular,Hospital,9,Muy injustos,No,,,,,,Injusta,Neutral,En desacuerdo,,No,,,Neutral,Ni de acuerdo ni en desacuerdo,Tengo un plan de emergencia para toda la familia Cuento con un fondo económico de emergencia,1,0,0,0,0,0,0,0,0,0,0,1,Extremadamente preocupado/a,Con el tiempo necesario,,No sabe/no responde,Muy bien,No sabe/no responde,0.0779827 -80.0381814 49.39999771118164 4.55,0.0779827,-80.0381814,49.39999771,4.55
Pedernales,Conglomerado 2,Femenino,43,5,5,5,5,5,5,5,Ninguna ,5,3,3,4,4,Ninguna ,,2,3,2,4,4,Ninguna ,Neutral,No sé,Redes sociales Líderes o partidos políticos,1,1,0,0,0,0,0,Neutral,Muy agresivo,No estoy seguro/a,Neutral,A veces,Rara vez,Facebook Whatsapp,1,0,0,0,0,1,0,0,No consumo,No sé,No estoy seguro/a,No lo sé,No,Neutral,Noche,Parques Transporte público,1,1,0,0,0,0,0,1,1,1,1,1,1,1,No,Falta de trabajo Falta de presencia policial La pobreza,1,1,0,0,0,1,0,Neutral,No,,Otras,"No sabe, no responde","No, no hacen nada ",Evitar salir de noche Cambiar itinerarios y rutas,1,0,0,1,0,"No sabe, no responde",0,0,0,1,Mayor iluminación pública,,Igual que el resto del país,Ni buena ni mala,Igual,Ni satisfecho/a ni insatisfecho/a,Igual,Moderada,Extremadamente suficiente,Extremadamente limitada,Extremadamente suficiente,Moderada,Han disminuido poco,Ha disminuido poco,Ha aumentado,Ni de acuerdo ni en desacuerdo,Regular,Hospital,8,Injustos,No,,,,,,Injusta,Neutral,Ni de acuerdo ni en desacuerdo,,Si,Neutral,Nada,,Ni de acuerdo ni en desacuerdo,Tengo un plan de emergencia para toda la familia Cuento con un fondo económico de emergencia,1,0,0,0,0,0,0,0,0,0,0,1,Moderadamente preocupado/a,Rápidamente,,Muy mal,Muy bien,No sabe/no responde,0.0778189 -80.0379659 49.39999771118164 3.1,0.0778189,-80.0379659,49.39999771,3.1
Pedernales,Conglomerado 2,Masculino,66,5,5,5,5,5,5,5,Ninguna ,4,2,3,4,3,Ninguna ,,5,2,3,2,4,Ninguna ,Neutral,No sé,Otras,0,0,0,0,0,0,1,Neutral,Muy agresivo,No realmente,Neutral,Rara vez,Rara vez,Otras,0,0,0,0,0,0,0,1,No consumo,No sé,Nunca,"No, no me importa",No,Neutral,Tarde,Parques Transporte público,1,1,0,0,0,0,0,1,1,1,1,1,1,1,No,Falta de trabajo Falta de presencia policial La pobreza,1,1,0,0,0,1,0,Neutral,No,,Otras,"No sabe, no responde","Sí, pero de forma insuficiente",Otras,0,0,0,0,1,"No sabe, no responde",0,0,0,1,Mayor iluminación pública,,Ligeramente peor que el resto del país,Ni buena ni mala,Igual,Ni satisfecho/a ni insatisfecho/a,Igual,Suficiente,Limitada,Limitada,Moderada,Muy suficiente,Han disminuido poco,Ha disminuido poco,Ha aumentado mucho,Ni de acuerdo ni en desacuerdo,Regular,Hospital,4,Injustos,Si,Público o fiscal,,Mala,Mala,Buena,Injusta,Neutral,Totalmente en desacuerdo,,Si,Neutral,Moderadamente,,Totalmente en desacuerdo,"Tengo un plan de emergencia para toda la familia Conozco las rutas de evacuación establecidas en la ciudad Cuento con un kit de emergencia con agua, alimentos, botiquín, abrigos, etc. Cuento con un fondo económico de emergencia",1,1,1,0,0,0,0,0,0,0,0,1,Moderadamente preocupado/a,Rápidamente,,No sabe/no responde,Muy bien,Ni bien ni mal,0.0782159 -80.0386668 54.70000076293945 4.771,0.0782159,-80.0386668,54.70000076,4.771
Pedernales,Conglomerado 2,Masculino,38,5,5,5,5,5,5,5,Ninguna ,4,4,3,2,5,Ninguna ,,4,3,4,3,3,Ninguna ,Neutral,No sé,Redes sociales,1,0,0,0,0,0,0,Neutral,Neutral,"No, en absoluto",Neutral,A veces,Rara vez,Facebook Otras,1,0,0,0,0,0,0,1,No consumo,No sé,Nunca,No lo sé,No,Neutral,Noche,Parques Transporte público,1,1,0,0,0,0,0,1,1,1,1,1,1,1,No,Falta de trabajo La pobreza Falta de presencia policial,1,1,0,0,0,1,0,Neutral,No,,Otras,"No, no hacen nada ","Sí, pero de forma insuficiente",Evitar salir de noche Cambiar itinerarios y rutas,1,0,0,1,0,"No sabe, no responde",0,0,0,1,Mayor iluminación pública,,Mucho peor que el resto del país,Ni buena ni mala,Igual,Ni satisfecho/a ni insatisfecho/a,Igual,Muy suficiente,Extremadamente suficiente,Muy limitada,Extremadamente suficiente,Muy limitada,Han disminuido mucho,Ha disminuido mucho,Ha aumentado mucho,Ni de acuerdo ni en desacuerdo,Regular,Hospital,3,Injustos,No,,,,,,Injusta,Neutral,Ni de acuerdo ni en desacuerdo,,No,,,Neutral,Totalmente en desacuerdo,"Tengo un plan de emergencia para toda la familia Cuento con un kit de emergencia con agua, alimentos, botiquín, abrigos, etc. Cuento con un fondo económico de emergencia",1,0,1,0,0,0,0,0,0,0,0,1,Muy preocupado/a,Rápidamente,,No sabe/no responde,Bien,Muy mal,0.0776879 -80.0385922 54.70000076293945 4.885,0.0776879,-80.0385922,54.70000076,4.885
Pedernales,Conglomerado 2,Femenino,27,5,5,5,5,5,5,5,Ninguna ,4,3,3,4,2,Ninguna ,,4,2,3,4,4,Ninguna ,Neutral,No sé,Redes sociales,1,0,0,0,0,0,0,"Sí, en parte",Neutral,"No, en absoluto",Neutral,Nunca,Varias veces al día,Facebook TikTok Whatsapp Otras,1,0,0,1,0,1,0,1,No consumo,No sé,Nunca,No lo sé,No,Neutral,Noche,Parques Transporte público Calles principales,1,1,1,0,0,0,0,1,1,1,1,1,1,1,No,Falta de trabajo Falta de presencia policial La pobreza,1,1,0,0,0,1,0,Neutral,No,,Otras,"No sabe, no responde","Sí, pero de forma insuficiente",Evitar salir de noche Cambiar itinerarios y rutas,1,0,0,1,0,"No, pero hay interés",0,1,0,0,Mayor iluminación pública,,Mucho peor que el resto del país,Ni buena ni mala,Igual,Ni satisfecho/a ni insatisfecho/a,Igual,Suficiente,Muy limitada,Limitada,Muy suficiente,Limitada,Han disminuido poco,Ha disminuido mucho,Ha aumentado,En desacuerdo,Regular,Hospital,4,Injustos,Si,Público o fiscal,,Regular,Muy buena,Muy mala,Injusta,Neutral,En desacuerdo,,No,,,Neutral,Ni de acuerdo ni en desacuerdo,"Tengo un plan de emergencia para toda la familia Cuento con un kit de emergencia con agua, alimentos, botiquín, abrigos, etc. Cuento con un fondo económico de emergencia",1,0,1,0,0,0,0,0,0,0,0,1,Extremadamente preocupado/a,Muy rápidamente,,No sabe/no responde,Bien,Muy bien,0.0772652 -80.0387161 52.70000076293945 4.9,0.0772652,-80.0387161,52.70000076,4.9
Pedernales,Conglomerado 1,Masculino,54,1,2,1,2,1,1,1,Reformas electorales justas,1,1,2,1,1,Falta de educacion,,2,1,2,1,2,Compra de votos,Consciente,No sé,Redes sociales,1,0,0,0,0,0,0,Neutral,Neutral,No estoy seguro/a,Neutral,A veces,Algunas veces por semana,Facebook,1,0,0,0,0,0,0,0,Parcialmente sesgado,A veces,No estoy seguro/a,"No, pero me interesaría",No,Neutral,Noche,Zonas oscuras o alejadas,0,0,0,1,0,0,0,3,2,2,2,3,3,1,No,Corrupción Consumo de drogas Falta de presencia policial,0,1,1,1,0,0,0,Neutral,No,,Otras,"Sí, pero de forma insuficiente","Sí, pero de forma insuficiente",Instalar cámaras o alarmas,0,1,0,0,0,"No, pero hay interés",0,1,0,0,Programas sociales para jóvenes,,Mucho peor que el resto del país,Buena,Igual,Ni satisfecho/a ni insatisfecho/a,Peor,Moderada,Limitada,Limitada,Limitada,Limitada,Han disminuido poco,Se ha mantenido igual,Ha aumentado,En desacuerdo,Difícil,Centro de salud de la parroquia,4,Justos,Si,Público o fiscal,,Buena,Buena,Buena,Justa,Neutral,Ni de acuerdo ni en desacuerdo,,No,,,Neutral,Ni de acuerdo ni en desacuerdo,Conozco las rutas de evacuación establecidas en la ciudad,0,1,0,0,0,0,0,0,0,0,0,0,Moderadamente preocupado/a,Con el tiempo necesario,,Ni bien ni mal,Muy mal,Muy mal,0.0746935 -80.0559917 18.600000381469727 24.591,0.0746935,-80.0559917,18.60000038,24.591
Pedernales,Conglomerado 1,Masculino,56,3,3,3,3,3,3,2,Educación cívica,2,3,4,3,3,Desconfianza en los politicas,,2,3,2,3,2,Manipulación en los resultados,Neutral,No sé,Redes sociales,1,0,0,0,0,0,0,Neutral,Poco agresivo,No estoy seguro/a,No afecta mi confianza,A veces,Una vez al día,Facebook,1,0,0,0,0,0,0,0,Mayormente equilibrado,A veces,No estoy seguro/a,"No, no me importa",No,Inseguro,Madrugada,Transporte público,0,1,0,0,0,0,0,2,2,1,3,2,2,1,No,Falta de trabajo Falta de presencia policial Consumo de drogas,1,1,1,0,0,0,0,Neutral,No,,Otras,"No, no hacen nada ","Sí, pero de forma insuficiente",Participar en grupos vecinales,0,0,1,0,0,"No, pero hay interés",0,1,0,0,Programas sociales para jóvenes,,Ligeramente peor que el resto del país,Mala,Igual,Ni satisfecho/a ni insatisfecho/a,Igual,Suficiente,Moderada,Moderada,Limitada,Suficiente,Han disminuido poco,Ha disminuido poco,Se ha mantenido igual,Ni de acuerdo ni en desacuerdo,Regular,Centro de salud de la parroquia,7,Injustos,No,,,,,,Justa,Neutral,Ni de acuerdo ni en desacuerdo,,No,,,Neutral,Ni de acuerdo ni en desacuerdo,Tengo un plan de emergencia para toda la familia,1,0,0,0,0,0,0,0,0,0,0,0,Moderadamente preocupado/a,Con el tiempo necesario,,Muy mal,Ni bien ni mal,Ni bien ni mal,0.0751524 -80.0564371 17.100000381469727 20.802,0.0751524,-80.0564371,17.10000038,20.802
Pedernales,Conglomerado 1,Masculino,39,3,4,3,3,3,2,3,Transparencia,3,3,2,3,2,Poca información de los candidatos,,3,3,4,2,4,Noticias falsas,Neutral,No sé,Desigualdad económica,0,0,0,1,0,0,0,Neutral,Neutral,No estoy seguro/a,Neutral,A veces,Algunas veces por semana,Facebook,1,0,0,0,0,0,0,0,Mayormente equilibrado,A veces,No estoy seguro/a,"No, pero me interesaría",No,Neutral,Noche,Transporte público,0,1,0,0,0,0,0,4,4,3,3,3,4,3,No,Consumo de drogas Falta de presencia policial Falta de trabajo,1,1,1,0,0,0,0,Neutral,No,,Otras,"No, no hacen nada ","Sí, pero de forma insuficiente",Otras,0,0,0,0,1,"Sí, pero hay temor",0,0,1,0,Programas sociales para jóvenes,,Ligeramente peor que el resto del país,Ni buena ni mala,Igual,Ni satisfecho/a ni insatisfecho/a,Igual,Suficiente,Moderada,Suficiente,Suficiente,Moderada,No han cambiado,Se ha mantenido igual,Se ha mantenido igual,Ni de acuerdo ni en desacuerdo,Difícil,Hospital,8,Injustos,No,,,,,,Justa,Neutral,En desacuerdo,,No,,,Difícil,En desacuerdo,Conozco las rutas de evacuación establecidas en la ciudad,0,1,0,0,0,0,0,0,0,0,0,0,Moderadamente preocupado/a,Con el tiempo necesario,,Ni bien ni mal,Muy mal,Ni bien ni mal,0.0755573 -80.0557956 15.40000057220459 18.871,0.0755573,-80.0557956,15.40000057,18.871
Pedernales,Conglomerado 1,Masculino,45,3,3,4,3,2,3,3,Participación ciudadana activa,3,4,3,3,4,Pocas propuestas,,4,3,4,2,3,Corrupcion,Neutral,No sé,Redes sociales,1,0,0,0,0,0,0,Neutral,Neutral,No estoy seguro/a,Neutral,Rara vez,Algunas veces por semana,Facebook,1,0,0,0,0,0,0,0,Mayormente equilibrado,A veces,Rara vez,"No, pero me interesaría",No,Neutral,Noche,Parques Transporte público Zonas oscuras o alejadas,1,1,0,1,0,0,0,3,4,2,2,3,1,1,Prefiero no responder,Falta de trabajo,1,0,0,0,0,0,0,Neutral,No,,Otras,"No, no hacen nada ","No, no hacen nada ",Evitar salir de noche,1,0,0,0,0,"No, pero hay interés",0,1,0,0,Programas sociales para jóvenes,,Ligeramente peor que el resto del país,Ni buena ni mala,Igual,Ni satisfecho/a ni insatisfecho/a,Igual,Suficiente,Limitada,Moderada,Moderada,Suficiente,No han cambiado,Ha disminuido poco,Se ha mantenido igual,Ni de acuerdo ni en desacuerdo,Difícil,Hospital,9,Injustos,No,,,,,,Injusta,Neutral,En desacuerdo,,No,,,Neutral,Totalmente en desacuerdo,Tengo un plan de emergencia para toda la familia,1,0,0,0,0,0,0,0,0,0,0,0,Poco preocupado/a,Con el tiempo necesario,,Muy mal,Ni bien ni mal,Ni bien ni mal,0.0788781 -80.0550428 29.900001525878906 68.4,0.0788781,-80.0550428,29.90000153,68.4
Pedernales,Conglomerado 1,Masculino,35,4,4,4,3,4,3,4,La lucha contra la corrupcion,4,3,4,3,4,Lejanía para ir a sufragar,,4,4,3,4,3,Corrupcion en organismos electorales,Neutral,No ha cambiado,Redes sociales,1,0,0,0,0,0,0,"No, en absoluto",Poco agresivo,No realmente,Neutral,A veces,Una vez al día,Facebook,1,0,0,0,0,0,0,0,Parcialmente sesgado,A veces,No estoy seguro/a,"No, pero me interesaría",No,Inseguro,Noche,Zonas oscuras o alejadas,0,0,0,1,0,0,0,3,3,3,2,1,2,1,Prefiero no responder,Falta de trabajo Falta de presencia policial Crimen organizado La pobreza,1,1,0,0,1,1,0,Neutral,No,,Otras,"No sabe, no responde","No, no hacen nada ",Evitar salir de noche,1,0,0,0,0,"No, pero hay interés",0,1,0,0,Programas sociales para jóvenes,,Mucho peor que el resto del país,Muy Mala,Peor,Ni satisfecho/a ni insatisfecho/a,Igual,Suficiente,Muy suficiente,Moderada,Suficiente,Moderada,No han cambiado,Se ha mantenido igual,Se ha mantenido igual,De acuerdo,Regular,Centro médico particular,8,Injustos,No,,,,,,Injusta,Poco,En desacuerdo,,No contesta,,,,En desacuerdo,Conozco las rutas de evacuación establecidas en la ciudad,0,1,0,0,0,0,0,0,0,0,0,0,Muy preocupado/a,Lentamente,,Muy mal,Muy mal,Ni bien ni mal,0.076191 -80.0546995 35.20000076293945 25.343,0.076191,-80.0546995,35.20000076,25.343
Pedernales,Conglomerado 1,Femenino,59,4,3,4,4,3,3,3,Fortalecer a los partidos politicos,4,3,3,4,3,Violencia,,4,3,3,4,3,Exclusión de grupos,Neutral,No sé,Falta de diálogo,0,0,0,0,1,0,0,"Sí, en parte",Neutral,"Sí, en ciertos casos",Reduce un poco mi confianza,A veces,Algunas veces por semana,Facebook,1,0,0,0,0,0,0,0,Parcialmente sesgado,"Sí, frecuentemente","Sí, ocasionalmente","No, pero me interesaría",No,Neutral,Noche,Parques Calles principales Centros comerciales,1,0,1,0,1,0,0,4,3,4,4,3,4,3,Si,Falta de trabajo Consumo de drogas Crimen organizado,1,0,1,0,1,0,0,Neutral,No,,Temor a represalias,"No, no hacen nada ","No, no hacen nada ",Instalar cámaras o alarmas,0,1,0,0,0,"No, pero hay interés",0,1,0,0,Educación ciudadana,,Igual que el resto del país,Mala,Igual,Ni satisfecho/a ni insatisfecho/a,Peor,Muy suficiente,Suficiente,Suficiente,Moderada,Muy suficiente,No han cambiado,Se ha mantenido igual,Se ha mantenido igual,En desacuerdo,Fácil,Policlínico,8,Injustos,No,,,,,,Injusta,Neutral,Ni de acuerdo ni en desacuerdo,,No contesta,,,,En desacuerdo,Conozco las rutas de evacuación establecidas en la ciudad,0,1,0,0,0,0,0,0,0,0,0,0,Muy preocupado/a,Lentamente,,Muy mal,Ni bien ni mal,Ni bien ni mal,0.0775504 -80.0544576 34.70000076293945 20.359,0.0775504,-80.0544576,34.70000076,20.359
Pedernales,Conglomerado 1,Masculino,50,4,3,4,4,3,3,4,Protección a la libertad de expresion,4,3,4,3,3,Desinterés politico,,3,3,3,4,3,Violencia en el proceso electoral,Neutral,"Sí, ha cambiado un poco",Medios tradicionales,0,0,1,0,0,0,0,Neutral,Moderadamente respetuoso,"Sí, claramente",Neutral,Frecuentemente,Rara vez,Facebook,1,0,0,0,0,0,0,0,Parcialmente sesgado,"Sí, frecuentemente","Sí, ocasionalmente","Sí, activamente",No,Neutral,Noche,Calles principales,0,0,1,0,0,0,0,4,3,4,3,4,3,4,Prefiero no responder,Falta de trabajo Corrupción Consumo de drogas,1,0,1,1,0,0,0,Neutral,No,,Consideró que no serviría de nada,"Sí, pero de forma insuficiente","No, no hacen nada ",Evitar salir de noche Participar en grupos vecinales,1,0,1,0,0,"No, pero hay interés",0,1,0,0,Educación ciudadana,,Ligeramente peor que el resto del país,Mala,No sabe/no contesta,Satisfecho/a,Igual,Muy suficiente,Suficiente,Muy suficiente,Muy suficiente,Suficiente,Han aumentado poco,Se ha mantenido igual,Se ha mantenido igual,Ni de acuerdo ni en desacuerdo,Regular,Centro de salud de la parroquia,8,Injustos,No,,,,,,Injusta,Algo,De acuerdo,,No contesta,,,,En desacuerdo,Conozco las rutas de evacuación establecidas en la ciudad,0,1,0,0,0,0,0,0,0,0,0,0,Muy preocupado/a,Lentamente,,Muy mal,Ni bien ni mal,Muy mal,0.0800039 -80.0539805 38.0 18.347,0.0800039,-80.0539805,38,18.347
Pedernales,Conglomerado 1,Femenino,37,4,3,3,3,3,4,3,Partidos politicos con propuestas claras,4,4,4,4,3,Temor a conflictos,,4,3,4,3,4,Ofrecer dinero a favor de un voto,Neutral,"Sí, ha cambiado significativamente",Desigualdad económica Líderes o partidos políticos,0,1,0,1,0,0,0,Neutral,Poco agresivo,No estoy seguro/a,Reduce un poco mi confianza,Frecuentemente,Rara vez,Facebook Whatsapp,1,0,0,0,0,1,0,0,Parcialmente sesgado,"Sí, frecuentemente","Sí, ocasionalmente","Sí, activamente",No,Muy seguro,Noche,Calles principales,0,0,1,0,0,0,0,4,4,3,3,3,3,4,Prefiero no responder,La pobreza,0,0,0,0,0,1,0,Eficaz,No,,Otras,"Sí, pero de forma insuficiente","No, no hacen nada ",Otras,0,0,0,0,1,"No sabe, no responde",0,0,0,1,Programas sociales para jóvenes,,Mucho peor que el resto del país,Muy Mala,Peor,Satisfecho/a,Igual,Suficiente,Suficiente,Suficiente,Moderada,Suficiente,Han aumentado poco,Ha aumentado poco,Ha disminuido,Ni de acuerdo ni en desacuerdo,Fácil,Policlínico,8,Injustos,No,,,,,,Justa,Neutral,En desacuerdo,,No,,,Neutral,Ni de acuerdo ni en desacuerdo,Conozco las rutas de evacuación establecidas en la ciudad,0,1,0,0,0,0,0,0,0,0,0,0,Moderadamente preocupado/a,Con el tiempo necesario,,Muy mal,Ni bien ni mal,Ni bien ni mal,0.0792188 -80.0526888 38.099998474121094 82.5,0.0792188,-80.0526888,38.09999847,82.5
Pedernales,Conglomerado 1,Masculino,39,4,3,4,3,3,4,4,Acceso a medios de comunicación,4,3,4,3,3,Poca información para poder votar correctamente,,4,4,3,4,4,Obstáculo para votar libremente,Neutral,No ha cambiado,Desigualdad económica,0,0,0,1,0,0,0,"Sí, en parte",Constructivo y respetuoso,"Sí, en ciertos casos",Neutral,Frecuentemente,Rara vez,Facebook Whatsapp,1,0,0,0,0,1,0,0,No consumo,A veces,No estoy seguro/a,"No, pero me interesaría",No,Seguro,Madrugada,Zonas oscuras o alejadas Parques Transporte público,1,1,0,1,0,0,0,2,2,1,1,2,1,1,Prefiero no responder,Falta de trabajo Corrupción La pobreza,1,0,0,1,0,1,0,Eficaz,No,,Otras,"Sí, pero de forma insuficiente","No, no hacen nada ",Cambiar itinerarios y rutas,0,0,0,1,0,"Sí, pero hay temor",0,0,1,0,Liderazgo de las autoridades locales,,Ligeramente peor que el resto del país,Mala,No sabe/no contesta,Satisfecho/a,Mejor,Suficiente,Suficiente,Moderada,Moderada,Suficiente,Han disminuido poco,Se ha mantenido igual,Se ha mantenido igual,De acuerdo,Regular,Centro médico particular,8,Injustos,No,,,,,,Injusta,Neutral,En desacuerdo,,No contesta,,,,En desacuerdo,Conozco las rutas de evacuación establecidas en la ciudad,0,1,0,0,0,0,0,0,0,0,0,0,Moderadamente preocupado/a,Lentamente,,Ni bien ni mal,Ni bien ni mal,Ni bien ni mal,0.0788754 -80.0550477 29.900001525878906 40.118,0.0788754,-80.0550477,29.90000153,40.118
Pedernales,Conglomerado 1,Masculino,42,4,3,3,3,4,3,3,Enseñar desde las escuelas,4,3,3,4,4,Promesas incumplidas,,4,3,3,4,3,Sistemas de votación inseguros,Neutral,"Sí, ha cambiado un poco",Desigualdad económica Redes sociales,1,0,0,1,0,0,0,Neutral,Moderadamente respetuoso,"Sí, en ciertos casos",No afecta mi confianza,Siempre,Algunas veces por semana,Facebook Whatsapp,1,0,0,0,0,1,0,0,Parcialmente sesgado,"Sí, frecuentemente",No estoy seguro/a,"Sí, ocasionalmente",No,Neutral,Madrugada,Parques Transporte público Zonas oscuras o alejadas,1,1,0,1,0,0,0,4,3,2,1,3,1,1,Prefiero no responder,Corrupción Falta de trabajo,1,0,0,1,0,0,0,Neutral,No,,Consideró que no serviría de nada,"Sí, pero de forma insuficiente","Sí, pero de forma insuficiente",Instalar cámaras o alarmas Evitar salir de noche,1,1,0,0,0,"No, pero hay interés",0,1,0,0,Programas sociales para jóvenes,,Ligeramente peor que el resto del país,Muy Mala,No sabe/no contesta,Satisfecho/a,Igual,Limitada,Limitada,Limitada,Limitada,Limitada,Han disminuido poco,Se ha mantenido igual,Ha disminuido,De acuerdo,Fácil,Centro de salud de la parroquia,6,Justos,Si,Público o fiscal,,Regular,Mala,Regular,Justa,Neutral,Ni de acuerdo ni en desacuerdo,,No contesta,,,,En desacuerdo,Conozco las rutas de evacuación establecidas en la ciudad,0,1,0,0,0,0,0,0,0,0,0,0,Moderadamente preocupado/a,Con el tiempo necesario,,Ni bien ni mal,Bien,Ni bien ni mal,0.0799807 -80.0547398 29.900001525878906 22.679,0.0799807,-80.0547398,29.90000153,22.679
Cojimies,,Femenino,43,3,3,3,3,3,3,3,"Mejorar el apoyo, y quitar la hipocresía ",3,4,3,3,3,"Mejorar el conocimiento de partidos políticos, y eligen a cualquier individuo ",,2,2,3,2,2,"No hay transparencia, y hacen trampa ",Consciente,"Sí, ha cambiado significativamente",Redes sociales Líderes o partidos políticos Falta de diálogo,1,1,0,0,1,0,0,"Sí, totalmente",Muy agresivo,"Sí, en ciertos casos",Reduce un poco mi confianza,Siempre,Varias veces al día,Facebook Whatsapp,1,0,0,0,0,1,0,0,Mayormente equilibrado,Rara vez,"Sí, ocasionalmente","No, pero me interesaría",No,Muy inseguro,Noche,Zonas oscuras o alejadas Parques Transporte público,1,1,0,1,0,0,0,3,3,3,2,2,3,3,No,Falta de trabajo Falta de presencia policial Corrupción,1,1,0,1,0,0,0,Neutral,No,,Otras,"Sí, pero de forma insuficiente","Sí, pero de forma insuficiente",Instalar cámaras o alarmas Evitar salir de noche,1,1,0,0,0,"No, pero hay interés",0,1,0,0,Liderazgo de las autoridades locales,,Ligeramente peor que el resto del país,Ni buena ni mala,Igual,Ni satisfecho/a ni insatisfecho/a,Peor,Moderada,Moderada,Moderada,Moderada,Moderada,Han disminuido poco,Ha disminuido poco,Se ha mantenido igual,Ni de acuerdo ni en desacuerdo,Regular,Centro de salud de la parroquia,7,Injustos,Si,Público o fiscal,,Regular,Regular,Regular,No sabe/no responde,Neutral,En desacuerdo,,Si,Inseguro,Poco,,Totalmente en desacuerdo,Conozco los números de emergencia,0,0,0,0,1,0,0,0,0,0,0,0,Muy preocupado/a,Muy lentamente,,Ni bien ni mal,Ni bien ni mal,Ni bien ni mal,0.3621363 -80.0388678 19.30000114440918 23.035,0.3621363,-80.0388678,19.30000114,23.035
Cojimies,,Femenino,32,4,3,4,3,4,4,3,Mejorar la participación ciudadana ,4,4,3,4,4,Mejorar la participación de cada candidato y su partido ,,3,4,3,3,1,Atentados y violentados,Neutral,No sé,Falta de diálogo Líderes o partidos políticos Redes sociales,1,1,0,0,1,0,0,Neutral,Muy agresivo,"No, en absoluto",Reduce mucho mi confianza,Siempre,Varias veces al día,Facebook TikTok Whatsapp Twitter/X Instagram,1,1,1,1,0,1,0,0,Altamente polarizado,Rara vez,"Sí, ocasionalmente",No lo sé,No,Neutral,Noche,Calles principales Zonas oscuras o alejadas,0,0,1,1,0,0,0,3,1,1,1,2,1,2,No,Falta de trabajo Consumo de drogas,1,0,1,0,0,0,0,Ineficaz,No,,Desconfianza en las autoridades,"Sí, pero de forma insuficiente","Sí, de manera activa",Evitar salir de noche,1,0,0,0,0,"Sí, pero hay temor",0,0,1,0,Educación ciudadana,,Mucho mejor que el resto del país,Regular,Peor,Ni satisfecho/a ni insatisfecho/a,Igual,Suficiente,Moderada,Moderada,Moderada,Limitada,Han disminuido poco,Se ha mantenido igual,Se ha mantenido igual,De acuerdo,Muy difícil,Centro de salud de la parroquia,7,Injustos,Si,Público o fiscal,,Buena,Buena,Regular,Injusta,Neutral,En desacuerdo,,Si,Seguro,Moderadamente,,Totalmente de acuerdo,"Cuento con un kit de emergencia con agua, alimentos, botiquín, abrigos, etc. He participado en simulacros de desastres naturales que se han realizado Conozco los números de emergencia Tengo los documentos importantes protegidos y resguardados Tengo suficientes provisiones de medicamentos en caso de emergencia",0,0,1,1,1,0,0,1,0,1,0,0,Muy preocupado/a,Muy lentamente,,No sabe/no responde,No sabe/no responde,No sabe/no responde,0.3620824 -80.0395433 25.4 4.883,0.3620824,-80.0395433,25.4,4.883
Cojimies,,Masculino,62,3,3,3,3,3,3,3,Que hagan los cambios de todos los ministros dentro del Ecuador ,3,3,3,3,3,Que se preocupen más por la participación de los ciudadanos ,,3,3,3,3,3,"Paros de los gremios, falta de transparencia ",Neutral,No sé,Redes sociales Líderes o partidos políticos Falta de diálogo Desigualdad económica Otras,1,1,0,1,1,0,1,Neutral,Neutral,No estoy seguro/a,Reduce un poco mi confianza,A veces,Varias veces al día,Facebook YouTube,1,0,0,0,1,0,0,0,Mayormente equilibrado,A veces,No estoy seguro/a,"Sí, ocasionalmente",Si,Seguro,Madrugada,Zonas oscuras o alejadas,0,0,0,1,0,0,0,2,2,4,1,1,2,4,No,Otras Falta de trabajo Falta de presencia policial Consumo de drogas Corrupción Crimen organizado La pobreza,1,1,1,1,1,1,1,Muy ineficaz,Si,1,,"No, no hacen nada ","No, no hacen nada ",Evitar salir de noche,1,0,0,0,0,"Sí, pero hay temor",0,0,1,0,Educación ciudadana,,Igual que el resto del país,Muy Mala,Peor,Satisfecho/a,Igual,Moderada,Moderada,Moderada,Moderada,Moderada,Han disminuido mucho,Ha disminuido mucho,Ha disminuido,Totalmente en desacuerdo,Difícil,Centro de salud de la parroquia,6,Muy injustos,Si,Público o fiscal,,Buena,Buena,Regular,Muy injusta,Neutral,En desacuerdo,,Si,Inseguro,Poco,,En desacuerdo,Conozco las rutas de evacuación establecidas en la ciudad He participado en simulacros de desastres naturales que se han realizado Conozco los números de emergencia Estoy informado sobre los riesgos de desastres naturales en mi área Conozco los sitios seguros de la ciudad,0,1,0,1,1,0,1,0,1,0,0,0,Moderadamente preocupado/a,Lentamente,,Muy mal,Muy mal,Muy mal,0.3620338 -80.0402223 29.700000762939453 4.866,0.3620338,-80.0402223,29.70000076,4.866
Cojimies,,Femenino,53,2,3,3,3,3,3,4,"Mejorar la participación del gobierno, y sobre todo la participación ",3,3,4,4,1,Elecciones de personas que tienen poco relación con el pueblo ,,2,2,2,2,2,"No muestran resultados concretos, y tienen poca transparencia. Y no hay suficiente derechos.",Consciente,"Sí, ha cambiado significativamente",Líderes o partidos políticos Redes sociales,1,1,0,0,0,0,0,No realmente,Muy agresivo,"Sí, claramente",Reduce mucho mi confianza,Frecuentemente,Varias veces al día,Facebook TikTok Instagram,1,0,1,1,0,0,0,0,Mayormente equilibrado,Rara vez,"Sí, muy seguido","Sí, activamente",No,Seguro,Noche,Zonas oscuras o alejadas,0,0,0,1,0,0,0,1,1,1,1,1,1,1,No,Falta de trabajo La pobreza,1,0,0,0,0,1,0,Neutral,No,,Otras,"Sí, pero de forma insuficiente","Sí, de manera activa",Evitar salir de noche,1,0,0,0,0,"No sabe, no responde",0,0,0,1,Liderazgo de las autoridades locales,,Mucho peor que el resto del país,Buena,Medianamente mejor,Muy insatisfecho/a,Peor,Moderada,Moderada,Moderada,Moderada,Moderada,Han disminuido mucho,Ha aumentado poco,Ha disminuido,De acuerdo,Regular,Centro de salud de la parroquia,8,No sabe/no responde,Si,Público o fiscal,,Regular,Regular,Regular,No sabe/no responde,Poco,Ni de acuerdo ni en desacuerdo,,Si,Inseguro,Moderadamente,,En desacuerdo,"Conozco las rutas de evacuación establecidas en la ciudad Cuento con un kit de emergencia con agua, alimentos, botiquín, abrigos, etc. Tengo los documentos importantes protegidos y resguardados",0,1,1,0,0,0,0,1,0,0,0,0,Muy preocupado/a,Lentamente,,Ni bien ni mal,Ni bien ni mal,Ni bien ni mal,0.364534 -80.0388632 18.400001525878906 4.86,0.364534,-80.0388632,18.40000153,4.86
Cojimies,,Masculino,46,4,3,1,1,1,1,3,Mayor participación de los ciudadanos locales de la comunidad ,4,1,3,4,3,"Lo económico, para participar teniendo reconocimiento dentro pueblo",,3,3,1,1,1,"No ve movimiento alguno, y no confia",Neutral,Ha disminuido,Redes sociales,1,0,0,0,0,0,0,No realmente,Poco agresivo,No estoy seguro/a,No afecta mi confianza,Frecuentemente,Varias veces al día,Facebook TikTok Whatsapp,1,0,0,1,0,1,0,0,Altamente polarizado,Rara vez,"Sí, muy seguido","No, no me importa",No,Seguro,Noche,Zonas oscuras o alejadas,0,0,0,1,0,0,0,1,1,2,1,2,1,1,No,Consumo de drogas,0,0,1,0,0,0,0,Ineficaz,No,,Consideró que no serviría de nada,"Sí, pero de forma insuficiente","Sí, pero de forma insuficiente",Evitar salir de noche,1,0,0,0,0,"No sabe, no responde",0,0,0,1,Más patrullas policiales,,Ligeramente mejor que el resto del país,Regular,Mejor,Satisfecho/a,Igual,Muy limitada,Moderada,Moderada,Moderada,Moderada,Han disminuido poco,Ha disminuido poco,Ha disminuido,Totalmente en desacuerdo,Difícil,Centro de salud de la parroquia,8,Justos,Si,Público o fiscal,,Buena,Regular,Regular,No sabe/no responde,Neutral,En desacuerdo,,Si,Inseguro,Nada,,En desacuerdo,Conozco las rutas de evacuación establecidas en la ciudad Conozco los números de emergencia Estoy informado sobre los riesgos de desastres naturales en mi área Conozco los sitios seguros de la ciudad,0,1,0,0,1,0,1,0,1,0,0,0,Poco preocupado/a,Con el tiempo necesario,,Ni bien ni mal,Ni bien ni mal,Ni bien ni mal,0.3651617 -80.0386067 16.399999618530273 4.64,0.3651617,-80.0386067,16.39999962,4.64
Cojimies,,Femenino,30,3,3,3,3,3,3,3,Mejorar la participación de representantes del pueblo ,5,3,3,4,3,"Creo que nada, todo el mundo puede participar ",,5,3,3,3,3,Mucha delincuencia tras los participacipauntes ,Neutral,"Sí, ha cambiado un poco",Redes sociales Líderes o partidos políticos,1,1,0,0,0,0,0,"No, en absoluto",Poco agresivo,No realmente,Neutral,A veces,Varias veces al día,Facebook Instagram TikTok,1,0,1,1,0,0,0,0,Mayormente equilibrado,A veces,"Sí, ocasionalmente",No lo sé,No,Neutral,Mañana,Calles principales Zonas oscuras o alejadas,0,0,1,1,0,0,0,2,2,5,1,1,1,3,No,Falta de presencia policial,0,1,0,0,0,0,0,Ineficaz,No,,Consideró que no serviría de nada,"Sí, pero de forma insuficiente","Sí, pero de forma insuficiente",Evitar salir de noche,1,0,0,0,0,"No sabe, no responde",0,0,0,1,Más patrullas policiales,,Ligeramente mejor que el resto del país,Ni buena ni mala,Medianamente mejor,Satisfecho/a,Mucho mejor,Moderada,Moderada,Suficiente,Moderada,Moderada,Han disminuido poco,Ha aumentado poco,Se ha mantenido igual,Ni de acuerdo ni en desacuerdo,Regular,Clínica privada,3,Injustos,Si,Público o fiscal,,Buena,Buena,Regular,Justa,Algo,De acuerdo,,Si,Seguro,Nada,,De acuerdo,"Tengo un plan de emergencia para toda la familia Conozco las rutas de evacuación establecidas en la ciudad Cuento con un kit de emergencia con agua, alimentos, botiquín, abrigos, etc. Conozco los números de emergencia Tengo suficientes provisiones de medicamentos en caso de emergencia",1,1,1,0,1,0,0,0,0,1,0,0,Extremadamente preocupado/a,Lentamente,,Muy mal,Muy mal,Muy mal,0.3651145 -80.0396157 12.200000762939453 11.838,0.3651145,-80.0396157,12.20000076,11.838
Cojimies,,Femenino,68,1,1,1,1,2,1,1,Que seamos leales ,1,1,1,3,1,Ninguna,,2,1,5,1,1,Morir por participar en las elecciones ,Nada consciente,No sé,Falta de diálogo,0,0,0,0,1,0,0,"Sí, totalmente",Muy agresivo,"Sí, claramente",Reduce mucho mi confianza,Siempre,Varias veces al día,Otras Facebook,1,0,0,0,0,0,0,1,No consumo,A veces,Nunca,No lo sé,Si,Muy seguro,Noche,Zonas oscuras o alejadas,0,0,0,1,0,0,0,1,1,1,1,1,1,1,No,Otras,0,0,0,0,0,0,1,Muy eficaz,No,,Consideró que no serviría de nada,"Sí, de manera activa","Sí, de manera activa",Evitar salir de noche,1,0,0,0,0,"Sí, pero hay temor",0,0,1,0,Programas sociales para jóvenes,,Igual que el resto del país,Regular,No sabe/no contesta,Satisfecho/a,Igual,Moderada,Moderada,Moderada,Moderada,Moderada,Han disminuido poco,Ha disminuido poco,Se ha mantenido igual,Ni de acuerdo ni en desacuerdo,Muy difícil,Otros,1,No sabe/no responde,Si,Público o fiscal,,Muy buena,Buena,Buena,No sabe/no responde,Nada,En desacuerdo,,Si,Muy seguro,Nada,,En desacuerdo,He participado en simulacros de desastres naturales que se han realizado Conozco los números de emergencia,0,0,0,1,1,0,0,0,0,0,0,0,Nada preocupado/a,No sabe/no responde,,Muy mal,Muy mal,Muy mal,0.3646516 -80.0396691 12.300000190734863 5.709,0.3646516,-80.0396691,12.30000019,5.709
Cojimies,,Femenino,46,3,3,3,3,3,3,3,Dar oportunidad de participación ,4,3,2,3,4,La seguridad de cada uno de los candidatos ,,4,3,3,4,3,Falta de transparencia ,Neutral,No sé,Falta de diálogo,0,0,0,0,1,0,0,No realmente,Muy agresivo,"Sí, en ciertos casos",Reduce un poco mi confianza,Frecuentemente,Varias veces al día,Facebook,1,0,0,0,0,0,0,0,Mayormente equilibrado,A veces,No estoy seguro/a,"No, pero me interesaría",Si,Inseguro,Noche,Parques Zonas oscuras o alejadas,1,0,0,1,0,0,0,1,1,1,1,1,1,1,No,La pobreza Falta de presencia policial Falta de trabajo,1,1,0,0,0,1,0,Neutral,No,,Consideró que no serviría de nada,"Sí, pero de forma insuficiente","Sí, pero de forma insuficiente",Evitar salir de noche,1,0,0,0,0,"Sí, pero hay temor",0,0,1,0,Educación ciudadana,,Igual que el resto del país,Ni buena ni mala,Medianamente mejor,Ni satisfecho/a ni insatisfecho/a,Igual,Moderada,Suficiente,Moderada,Muy limitada,Moderada,Han disminuido poco,Ha disminuido poco,Ha aumentado,Ni de acuerdo ni en desacuerdo,Regular,Centro de salud de la parroquia,6,Injustos,Si,Público o fiscal,,Buena,Regular,Regular,Injusta,Neutral,Ni de acuerdo ni en desacuerdo,,Si,Neutral,Moderadamente,,Ni de acuerdo ni en desacuerdo,Tengo un plan de emergencia para toda la familia Estoy informado sobre los riesgos de desastres naturales en mi área,1,0,0,0,0,0,1,0,0,0,0,0,Moderadamente preocupado/a,Lentamente,,Muy mal,Muy mal,Muy mal,0.3657589 -80.0381348 16.299999237060547 26.002,0.3657589,-80.0381348,16.29999924,26.002
Cojimies,,Masculino,45,4,3,3,4,3,4,4,"Cambio de los encargados, y dar paso a personas a las de la comunidad ",4,3,4,3,4,La falta de lealtad ,,4,2,4,3,3,La transparencia de los resultados ,Poco consciente,No ha cambiado,Desigualdad económica Redes sociales Líderes o partidos políticos,1,1,0,1,0,0,0,Neutral,Muy agresivo,No realmente,No afecta mi confianza,A veces,Varias veces al día,Facebook TikTok Whatsapp,1,0,0,1,0,1,0,0,Mayormente equilibrado,A veces,"Sí, ocasionalmente","No, no me importa",Si,Seguro,Noche,Parques Zonas oscuras o alejadas,1,0,0,1,0,0,0,2,1,1,2,1,1,2,No,Falta de trabajo Falta de presencia policial Corrupción La pobreza,1,1,0,1,0,1,0,Neutral,No,,Consideró que no serviría de nada,"Sí, pero de forma insuficiente","Sí, pero de forma insuficiente",Evitar salir de noche,1,0,0,0,0,"No, pero hay interés No sabe, no responde",0,1,0,1,Más patrullas policiales,,Igual que el resto del país,Regular,Medianamente mejor,Ni satisfecho/a ni insatisfecho/a,Igual,Moderada,Moderada,Limitada,Limitada,Moderada,Han disminuido poco,Ha disminuido poco,Ha disminuido,Ni de acuerdo ni en desacuerdo,Regular,Centro de salud de la parroquia,6,Injustos,Si,Público o fiscal,,Buena,Regular,Regular,Injusta,Algo,Ni de acuerdo ni en desacuerdo,,Si,Inseguro,Nada,,Ni de acuerdo ni en desacuerdo,Estoy informado sobre los riesgos de desastres naturales en mi área Conozco los sitios seguros de la ciudad,0,0,0,0,0,0,1,0,1,0,0,0,Moderadamente preocupado/a,Lentamente,,Ni bien ni mal,Ni bien ni mal,Ni bien ni mal,0.3648186 -80.0385374 16.200000762939453 3.337,0.3648186,-80.0385374,16.20000076,3.337
Cojimies,,Femenino,34,3,4,3,4,3,4,3,No sabría que decir,3,4,3,4,3,No sabría que decir,,3,4,3,4,3,No sabría que decir,Consciente,No ha cambiado,Falta de diálogo,0,0,0,0,1,0,0,No realmente,Muy agresivo,No estoy seguro/a,Reduce un poco mi confianza,Frecuentemente,Varias veces al día,Facebook,1,0,0,0,0,0,0,0,Altamente polarizado,Rara vez,No estoy seguro/a,"No, pero me interesaría",Si,Seguro,Madrugada,Calles principales,0,0,1,0,0,0,0,3,4,3,4,3,4,3,No,Consumo de drogas,0,0,1,0,0,0,0,Neutral,No,,Otras,"No, no hacen nada ","No, no hacen nada ",Participar en grupos vecinales,0,0,1,0,0,"Sí, pero hay temor",0,0,1,0,Educación ciudadana,,Mucho peor que el resto del país,Ni buena ni mala,Igual,Satisfecho/a,Mejor,Suficiente,Suficiente,Muy suficiente,Suficiente,Suficiente,No han cambiado,Se ha mantenido igual,Ha disminuido,Ni de acuerdo ni en desacuerdo,Difícil,Centro médico particular,8,Injustos,No,,,,,,Injusta,Neutral,Ni de acuerdo ni en desacuerdo,,Si,Seguro,Moderadamente,,Ni de acuerdo ni en desacuerdo,"Cuento con un kit de emergencia con agua, alimentos, botiquín, abrigos, etc.",0,0,1,0,0,0,0,0,0,0,0,0,Moderadamente preocupado/a,Lentamente,,Muy mal,Ni bien ni mal,Muy mal,0.3639063 -80.038394 45.546630859375 3.79,0.3639063,-80.038394,45.54663086,3.79
Cojimies,,Femenino,32,4,3,4,2,3,2,2,No sabe,4,3,4,3,4,No sabe,,2,4,3,3,4,No sabe,Consciente,Ha disminuido,Desigualdad económica,0,0,0,1,0,0,0,"Sí, en parte",Muy agresivo,"Sí, en ciertos casos",No afecta mi confianza,Frecuentemente,Varias veces al día,Instagram,0,0,1,0,0,0,0,0,Altamente polarizado,A veces,Rara vez,"No, pero me interesaría",Si,Muy inseguro,Madrugada,Zonas oscuras o alejadas,0,0,0,1,0,0,0,2,3,3,2,3,2,2,No,Consumo de drogas Corrupción,0,0,1,1,0,0,0,Neutral,No,,Otras,"Sí, pero de forma insuficiente","No, no hacen nada ",Cambiar itinerarios y rutas,0,0,0,1,0,"Sí, pero hay temor",0,0,1,0,Más patrullas policiales,,Ligeramente peor que el resto del país,Muy Mala,Igual,Ni satisfecho/a ni insatisfecho/a,Mejor,Moderada,Suficiente,Suficiente,Moderada,Muy suficiente,No han cambiado,Se ha mantenido igual,Se ha mantenido igual,Ni de acuerdo ni en desacuerdo,Regular,Centro de salud de la parroquia,8,Muy injustos,No,,,,,,Muy injusta,Poco,Ni de acuerdo ni en desacuerdo,,Si,Seguro,Moderadamente,,Ni de acuerdo ni en desacuerdo,Conozco las rutas de evacuación establecidas en la ciudad,0,1,0,0,0,0,0,0,0,0,0,0,Muy preocupado/a,Muy lentamente,,Ni bien ni mal,Muy mal,Muy mal,0.3643181 -80.0380752 29.1417236328125 4.851,0.3643181,-80.0380752,29.14172363,4.851
10 de Agosto,,Masculino,45,4,3,4,4,3,4,3,Transparencia y más información,3,3,3,3,3,Menor interés,,3,3,2,3,3,Fraude leve,Consciente,No ha cambiado,Líderes o partidos políticos Desigualdad económica Falta de respuesta a las demandas sociales Falta de diálogo,0,1,0,1,1,1,0,Neutral,Poco agresivo,No estoy seguro/a,No afecta mi confianza,Frecuentemente,Una vez al día,TikTok Whatsapp,0,0,0,1,0,1,0,0,Mayormente equilibrado,A veces,No estoy seguro/a,"No, no me importa",No,Neutral,Noche,Calles principales Zonas oscuras o alejadas,0,0,1,1,0,0,0,5,2,1,4,1,1,1,No,Falta de presencia policial Crimen organizado La pobreza,0,1,0,0,1,1,0,Ineficaz,No,,Otras,"Sí, pero de forma insuficiente","Sí, pero de forma insuficiente",Evitar salir de noche Cambiar itinerarios y rutas,1,0,0,1,0,"Sí, pero hay temor",0,0,1,0,Más patrullas policiales,,Igual que el resto del país,Ni buena ni mala,Igual,Ni satisfecho/a ni insatisfecho/a,Igual,Muy suficiente,Suficiente,Suficiente,Suficiente,Suficiente,Han disminuido poco,Se ha mantenido igual,Se ha mantenido igual,Ni de acuerdo ni en desacuerdo,Regular,Hospital,6,Injustos,Si,Público o fiscal,,Buena,Buena,Buena,Injusta,Poco,De acuerdo,,No contesta,,,,Ni de acuerdo ni en desacuerdo,Conozco las rutas de evacuación establecidas en la ciudad Conozco los números de emergencia Tengo suficientes provisiones de medicamentos en caso de emergencia,0,1,0,0,1,0,0,0,0,1,0,0,Muy preocupado/a,Lentamente,,Bien,Bien,Ni bien ni mal,-0.0993915 -79.997784 179.00001525878906 22.482,-0.0993915,-79.997784,179.0000153,22.482
10 de Agosto,,Masculino,35,4,3,4,3,4,4,4,Integridad,4,2,4,4,3,Falta de representación política,,3,3,2,3,2,Fraudes,Consciente,"Sí, ha cambiado un poco",Falta de respuesta a las demandas sociales Desigualdad económica Líderes o partidos políticos Medios tradicionales,0,1,1,1,0,1,0,"Sí, en parte",Moderadamente respetuoso,"Sí, claramente",Reduce mucho mi confianza,Siempre,Varias veces al día,Facebook TikTok YouTube Whatsapp Telegram,1,0,0,1,1,1,1,0,Mayormente equilibrado,A veces,No estoy seguro/a,"Sí, ocasionalmente",Si,Inseguro,Noche,Calles principales Zonas oscuras o alejadas,0,0,1,1,0,0,0,5,2,2,4,2,1,1,No,Crimen organizado,0,0,0,0,1,0,0,Ineficaz,No,,Consideró que no serviría de nada,"Sí, pero de forma insuficiente","Sí, pero de forma insuficiente",Evitar salir de noche,1,0,0,0,0,"No sabe, no responde",0,0,0,1,Mayor iluminación pública,,Ligeramente mejor que el resto del país,Ni buena ni mala,Igual,Satisfecho/a,Mejor,Moderada,Moderada,Moderada,Suficiente,Suficiente,Han disminuido mucho,Ha disminuido poco,Se ha mantenido igual,Ni de acuerdo ni en desacuerdo,Regular,Hospital,5,Justos,Si,Público o fiscal,,Regular,Regular,Mala,Injusta,Poco,De acuerdo,,No contesta,,,,De acuerdo,Conozco los sitios seguros de la ciudad,0,0,0,0,0,0,0,0,1,0,0,0,Moderadamente preocupado/a,Muy lentamente,,Ni bien ni mal,Bien,Ni bien ni mal,-0.0986732 -79.9983141 178.8000030517578 64.1,-0.0986732,-79.9983141,178.8000031,64.1
10 de Agosto,,Femenino,25,5,5,5,5,5,5,5,Aumentar el llamado a la ciudadanía a participar,4,4,4,2,4,Delitos,,3,3,2,4,2,No sabría explicar,Poco consciente,No ha cambiado,Líderes o partidos políticos,0,1,0,0,0,0,0,No realmente,Poco agresivo,No realmente,No afecta mi confianza,Rara vez,Una vez al día,Facebook Whatsapp,1,0,0,0,0,1,0,0,Mayormente equilibrado,Rara vez,Rara vez,"No, pero me interesaría",No,Inseguro,Noche,Calles principales,0,0,1,0,0,0,0,2,4,4,2,4,4,4,No,Falta de presencia policial Falta de trabajo,1,1,0,0,0,0,0,Muy ineficaz,No,,Otras,"Sí, pero de forma insuficiente","Sí, pero de forma insuficiente",Otras,0,0,0,0,1,"No sabe, no responde",0,0,0,1,Mayor iluminación pública,,Igual que el resto del país,Ni buena ni mala,Medianamente mejor,Ni satisfecho/a ni insatisfecho/a,Igual,Suficiente,Moderada,Moderada,Moderada,Limitada,No han cambiado,Se ha mantenido igual,Ha aumentado,De acuerdo,Muy difícil,Hospital,8,No sabe/no responde,Si,Público o fiscal,,Buena,Regular,Regular,Injusta,Neutral,Ni de acuerdo ni en desacuerdo,,Si,Seguro,Mucho,,Totalmente de acuerdo,Tengo los documentos importantes protegidos y resguardados Tengo suficientes provisiones de medicamentos en caso de emergencia Conozco los números de emergencia Conozco las rutas de evacuación establecidas en la ciudad Tengo un plan de emergencia para toda la familia,1,1,0,0,1,0,0,1,0,1,0,0,Extremadamente preocupado/a,No sabe/no responde,,Ni bien ni mal,Ni bien ni mal,Ni bien ni mal,-0.0979684 -79.9989725 178.8000030517578 77.6,-0.0979684,-79.9989725,178.8000031,77.6
10 de Agosto,,Femenino,41,4,4,2,2,2,3,2,Fomentar la seguridad antes que todo,2,2,3,2,1,Falta de conocimiento,,5,5,5,5,5,"No suelen ser justas, no se respeta la decisión del pueblo",Poco consciente,No ha cambiado,Líderes o partidos políticos Redes sociales,1,1,0,0,0,0,0,No realmente,Neutral,No realmente,Neutral,Siempre,Varias veces al día,Whatsapp TikTok Facebook,1,0,0,1,0,1,0,0,Parcialmente sesgado,"Sí, frecuentemente","Sí, ocasionalmente","Sí, activamente",No,Inseguro,Noche,Zonas oscuras o alejadas,0,0,0,1,0,0,0,1,3,4,1,5,5,5,Prefiero no responder,Crimen organizado,0,0,0,0,1,0,0,Muy eficaz,No,,Consideró que no serviría de nada,"Sí, pero de forma insuficiente","No sabe, no responde",Otras,0,0,0,0,1,"No sabe, no responde",0,0,0,1,Mayor iluminación pública,,Ligeramente peor que el resto del país,Regular,Peor,Satisfecho/a,Mucho mejor,Limitada,Limitada,Limitada,Limitada,Limitada,Han disminuido mucho,Se ha mantenido igual,Ha aumentado mucho,Totalmente en desacuerdo,Fácil,Otros,8,No sabe/no responde,No,,,,,,Muy injusta,Mucho,En desacuerdo,,Si,Seguro,Moderadamente,,Totalmente de acuerdo,"Tengo un plan de emergencia para toda la familia Cuento con un kit de emergencia con agua, alimentos, botiquín, abrigos, etc. Cuento con un fondo económico de emergencia",1,0,1,0,0,0,0,0,0,0,0,1,Extremadamente preocupado/a,No sabe/no responde,,No sabe/no responde,No sabe/no responde,No sabe/no responde,-0.097402 -79.9995077 91.0999984741211 14.65,-0.097402,-79.9995077,91.09999847,14.65
10 de Agosto,,Masculino,45,2,2,1,2,3,3,3,Eliminar la delincuencia,5,5,3,3,3,No sé,,4,4,2,3,2,Malas decisiones para el país,Nada consciente,Ha disminuido,Redes sociales,1,0,0,0,0,0,0,"No, en absoluto",Poco agresivo,No estoy seguro/a,Reduce mucho mi confianza,Frecuentemente,Rara vez,Telegram Whatsapp,0,0,0,0,0,1,1,0,Altamente polarizado,"Sí, siempre","Sí, muy seguido","Sí, activamente",No,Neutral,Noche,Calles principales,0,0,1,0,0,0,0,4,3,2,4,2,2,1,No,Falta de trabajo Falta de presencia policial,1,1,0,0,0,0,0,Eficaz,No,,Otras,"No sabe, no responde","No sabe, no responde",Evitar salir de noche,1,0,0,0,0,"No, pero hay interés",0,1,0,0,Educación ciudadana,,Ligeramente mejor que el resto del país,Regular,No sabe/no contesta,Muy satisfecho/a,Mucho mejor,Suficiente,Moderada,Suficiente,Moderada,Limitada,Han aumentado poco,Ha disminuido poco,Se ha mantenido igual,Ni de acuerdo ni en desacuerdo,Regular,Clínica privada,5,Injustos,No,,,,,,Muy injusta,Poco,Ni de acuerdo ni en desacuerdo,,No contesta,,,,De acuerdo,He participado en simulacros de desastres naturales que se han realizado Conozco los números de emergencia Sé cómo contactar a las autoridades y/o instituciones en caso de desastre,0,0,0,1,1,1,0,0,0,0,0,0,Muy preocupado/a,Lentamente,,Muy mal,Ni bien ni mal,Ni bien ni mal,-0.0964713 -79.9991354 91.0999984741211 58.266,-0.0964713,-79.9991354,91.09999847,58.266
10 de Agosto,,Masculino,52,3,3,5,2,4,5,5,Igualdad de oportunidades,4,4,3,3,3,Corrupción,,1,1,1,1,1,Fraude,Neutral,No sé,Desigualdad económica,0,0,0,1,0,0,0,"Sí, en parte",Poco agresivo,No estoy seguro/a,Aumenta mi confianza,Frecuentemente,Una vez al día,Instagram,0,0,1,0,0,0,0,0,Parcialmente sesgado,A veces,Rara vez,No lo sé,Si,Inseguro,Tarde,Transporte público,0,1,0,0,0,0,0,4,3,2,5,2,1,1,No,Consumo de drogas,0,0,1,0,0,0,0,Eficaz,No,,Otras,"Sí, de manera activa","Sí, de manera activa",Cambiar itinerarios y rutas,0,0,0,1,0,"No sabe, no responde",0,0,0,1,Liderazgo de las autoridades locales,,Ligeramente mejor que el resto del país,Muy Mala,No sabe/no contesta,Ni satisfecho/a ni insatisfecho/a,Mejor,Suficiente,Suficiente,Limitada,Suficiente,Suficiente,Han aumentado poco,Ha aumentado mucho,Se ha mantenido igual,En desacuerdo,Muy difícil,Policlínico,7,Muy injustos,No,,,,,,Injusta,Poco,Ni de acuerdo ni en desacuerdo,,No contesta,,,,De acuerdo,Conozco las rutas de evacuación establecidas en la ciudad Conozco los números de emergencia Estoy informado sobre los riesgos de desastres naturales en mi área,0,1,0,0,1,0,1,0,0,0,0,0,Muy preocupado/a,Muy lentamente,,Ni bien ni mal,Muy mal,Bien,-0.0961998 -79.9988795 91.0999984741211 12.518,-0.0961998,-79.9988795,91.09999847,12.518
10 de Agosto,,Femenino,37,5,5,5,5,5,5,5,Dar a conocer más sobre lo que está destinado para nuestro país,4,5,4,1,1,No hay transparencia en esta situación,,3,3,5,4,4,Corrupción,Neutral,No sé,Falta de diálogo,0,0,0,0,1,0,0,"Sí, en parte",Neutral,"Sí, en ciertos casos",Neutral,Siempre,Rara vez,Whatsapp,0,0,0,0,0,1,0,0,Altamente polarizado,"Sí, frecuentemente","Sí, ocasionalmente","Sí, ocasionalmente",No,Seguro,Noche,Zonas oscuras o alejadas,0,0,0,1,0,0,0,4,3,4,3,3,4,3,Prefiero no responder,Otras,0,0,0,0,0,0,1,Eficaz,No,,Consideró que no serviría de nada,"No sabe, no responde","No, no hacen nada ",Cambiar itinerarios y rutas,0,0,0,1,0,"Sí, pero hay temor",0,0,1,0,Educación ciudadana,,Mucho peor que el resto del país,Muy Mala,Peor,Muy satisfecho/a,Mejor,Moderada,Muy suficiente,Moderada,Suficiente,Suficiente,Han aumentado poco,Ha aumentado poco,Ha disminuido,En desacuerdo,Regular,Centro médico particular,8,Justos,Si,Público o fiscal,,Muy buena,Regular,Buena,Muy injusta,Poco,En desacuerdo,,No contesta,,,,De acuerdo,"Cuento con un kit de emergencia con agua, alimentos, botiquín, abrigos, etc. He participado en simulacros de desastres naturales que se han realizado Estoy informado sobre los riesgos de desastres naturales en mi área",0,0,1,1,0,0,1,0,0,0,0,0,Muy preocupado/a,Muy lentamente,,No sabe/no responde,Muy mal,Muy mal,-0.0959595 -79.9993169 91.0999984741211 36.9,-0.0959595,-79.9993169,91.09999847,36.9
10 de Agosto,,Femenino,26,4,5,3,4,3,5,4,Deberían existir charlas de como se están implementando las diferentes ideas,5,3,4,4,3,Inestabilidad política,,4,4,4,4,4,Demaciada corrupción,Consciente,No ha cambiado,Líderes o partidos políticos Desigualdad económica Falta de diálogo,0,1,0,1,1,0,0,No realmente,Neutral,"Sí, en ciertos casos",Reduce un poco mi confianza,Frecuentemente,Algunas veces por semana,Whatsapp,0,0,0,0,0,1,0,0,Mayormente equilibrado,"Sí, frecuentemente","Sí, ocasionalmente","Sí, ocasionalmente",No,Neutral,Noche,Calles principales Zonas oscuras o alejadas,0,0,1,1,0,0,0,5,3,2,5,2,2,1,No,Falta de presencia policial Falta de trabajo Corrupción,1,1,0,1,0,0,0,Neutral,No,,Temor a represalias,"No, no hacen nada ","Sí, pero de forma insuficiente",Participar en grupos vecinales Instalar cámaras o alarmas Cambiar itinerarios y rutas,0,1,1,1,0,"No, pero hay interés",0,1,0,0,Programas sociales para jóvenes,,Ligeramente peor que el resto del país,Ni buena ni mala,Igual,Ni satisfecho/a ni insatisfecho/a,Igual,Muy suficiente,Muy suficiente,Suficiente,Suficiente,Muy suficiente,Han disminuido poco,Ha disminuido poco,Se ha mantenido igual,Ni de acuerdo ni en desacuerdo,Difícil,Hospital,9,Injustos,No,,,,,,Justa,Neutral,Ni de acuerdo ni en desacuerdo,,Si,Neutral,Moderadamente,,Ni de acuerdo ni en desacuerdo,Conozco las rutas de evacuación establecidas en la ciudad He participado en simulacros de desastres naturales que se han realizado Tengo un plan de emergencia para toda la familia Sé cómo contactar a las autoridades y/o instituciones en caso de desastre Mi vivienda está preparada para resistir los embates de un desastre Tengo suficientes provisiones de medicamentos en caso de emergencia Cuento con un fondo económico de emergencia,1,1,0,1,0,1,0,0,0,1,1,1,Muy preocupado/a,Muy lentamente,,No sabe/no responde,Ni bien ni mal,Ni bien ni mal,-0.0969594 -80.0000124 91.0999984741211 38.334,-0.0969594,-80.0000124,91.09999847,38.334
10 de Agosto,,Masculino,22,4,4,4,4,3,4,3,Disminuir la corrupción y la delincuencia,5,4,4,4,3,Corrupción e inestabilidad,,5,4,4,3,4,Fraude,Poco consciente,No ha cambiado,Redes sociales Líderes o partidos políticos Falta de respuesta a las demandas sociales,1,1,0,0,0,1,0,No realmente,Poco agresivo,No realmente,No afecta mi confianza,A veces,Varias veces al día,Facebook Instagram YouTube Telegram Whatsapp TikTok Twitter/X,1,1,1,1,1,1,1,0,Mayormente equilibrado,Rara vez,Rara vez,"No, pero me interesaría",No,Neutral,Noche,Calles principales Zonas oscuras o alejadas,0,0,1,1,0,0,0,5,3,2,5,1,1,1,No,Falta de presencia policial Crimen organizado,0,1,0,0,1,0,0,Neutral,No,,Otras,"Sí, pero de forma insuficiente","No, no hacen nada ",Evitar salir de noche,1,0,0,0,0,"No, pero hay interés",0,1,0,0,Más patrullas policiales,,Igual que el resto del país,Ni buena ni mala,Igual,Satisfecho/a,Igual,Suficiente,Muy suficiente,Suficiente,Suficiente,Muy suficiente,No han cambiado,Se ha mantenido igual,Se ha mantenido igual,Ni de acuerdo ni en desacuerdo,Regular,Otros,5,Muy injustos,No,,,,,,No sabe/no responde,Nada,En desacuerdo,,Si,Seguro,Moderadamente,,De acuerdo,Estoy informado sobre los riesgos de desastres naturales en mi área Cuento con un fondo económico de emergencia,0,0,0,0,0,0,1,0,0,0,0,1,Moderadamente preocupado/a,Lentamente,,Muy mal,Ni bien ni mal,Muy mal,-0.0961261 -79.9999454 90.5999984741211 10.776,-0.0961261,-79.9999454,90.59999847,10.776
10 de Agosto,,Masculino,29,4,4,4,4,4,4,4,Fomentar más la información,4,3,4,3,4,Falta de coordinación,,3,4,3,4,2,Corrupción y fraude,Poco consciente,No sé,Medios tradicionales Desigualdad económica,0,0,1,1,0,0,0,Neutral,Poco agresivo,No estoy seguro/a,Reduce un poco mi confianza,A veces,Una vez al día,YouTube Instagram Twitter/X Whatsapp,0,1,1,0,1,1,0,0,Mayormente equilibrado,"Sí, frecuentemente",No estoy seguro/a,"Sí, ocasionalmente",No,Inseguro,Noche,Transporte público Calles principales Zonas oscuras o alejadas,0,1,1,1,0,0,0,5,3,3,5,2,1,1,No,Crimen organizado Corrupción,0,0,0,1,1,0,0,Eficaz,No,,Consideró que no serviría de nada,"No, no hacen nada ","Sí, pero de forma insuficiente",Instalar cámaras o alarmas Participar en grupos vecinales Otras,0,1,1,0,1,"No, pero hay interés Sí, pero hay temor",0,1,1,0,Programas sociales para jóvenes,,Ligeramente peor que el resto del país,Ni buena ni mala,Igual,Ni satisfecho/a ni insatisfecho/a,Igual,Suficiente,Moderada,Muy suficiente,Moderada,Moderada,No han cambiado,Se ha mantenido igual,Se ha mantenido igual,Ni de acuerdo ni en desacuerdo,Regular,Hospital,7,Injustos,No,,,,,,Muy injusta,Nada,En desacuerdo,,Si,Neutral,Moderadamente,,Ni de acuerdo ni en desacuerdo,"Cuento con un kit de emergencia con agua, alimentos, botiquín, abrigos, etc. Conozco los números de emergencia Tengo un plan de emergencia para toda la familia Sé cómo contactar a las autoridades y/o instituciones en caso de desastre",1,0,1,0,1,1,0,0,0,0,0,0,Moderadamente preocupado/a,Lentamente,,Muy mal,Ni bien ni mal,Muy mal,-0.0955489 -80.0002418 90.5999984741211 11.07,-0.0955489,-80.0002418,90.59999847,11.07
10 de Agosto,,Femenino,24,4,4,4,4,4,4,4,Realizar charlas para la misma,3,3,4,3,4,Mayormente sería la corrupción,,4,4,4,4,4,No son transparentes al momento de dar los resultados,Poco consciente,No ha cambiado,Líderes o partidos políticos Medios tradicionales Desigualdad económica,0,1,1,1,0,0,0,No realmente,Neutral,"Sí, en ciertos casos",Reduce un poco mi confianza,Frecuentemente,Rara vez,Otras Telegram Whatsapp,0,0,0,0,0,1,1,1,Parcialmente sesgado,"Sí, frecuentemente","Sí, ocasionalmente","No, pero me interesaría",No,Seguro,Tarde,Zonas oscuras o alejadas,0,0,0,1,0,0,0,5,3,1,5,2,2,2,No,Falta de trabajo Consumo de drogas Corrupción La pobreza,1,0,1,1,0,1,0,Neutral,No,,Otras,"Sí, pero de forma insuficiente","No, no hacen nada ",Participar en grupos vecinales Cambiar itinerarios y rutas,0,0,1,1,0,"No, pero hay interés",0,1,0,0,Más patrullas policiales,,Igual que el resto del país,Ni buena ni mala,Igual,Satisfecho/a,Igual,Muy suficiente,Muy suficiente,Muy suficiente,Muy suficiente,Muy suficiente,No han cambiado,Se ha mantenido igual,Ha aumentado,Ni de acuerdo ni en desacuerdo,Fácil,Hospital,9,Muy injustos,No,,,,,,Muy injusta,Algo,De acuerdo,,Si,Seguro,Mucho,,Ni de acuerdo ni en desacuerdo,"Cuento con un kit de emergencia con agua, alimentos, botiquín, abrigos, etc. Sé cómo contactar a las autoridades y/o instituciones en caso de desastre Tengo un plan de emergencia para toda la familia",1,0,1,0,0,1,0,0,0,0,0,0,Moderadamente preocupado/a,Lentamente,,Ni bien ni mal,Ni bien ni mal,Muy mal,-0.0959457 -79.9999408 90.5999984741211 19.401,-0.0959457,-79.9999408,90.59999847,19.401
10 de Agosto,,Masculino,39,4,4,5,5,5,5,4,Finalizar con el fraude y la delincuencia,4,4,4,4,4,Corrupción siempre,,5,4,4,4,5,Fraude y nada de transparencia,Poco consciente,No ha cambiado,Medios tradicionales Falta de respuesta a las demandas sociales Falta de diálogo,0,0,1,0,1,1,0,No realmente,Poco agresivo,No realmente,Neutral,Frecuentemente,Varias veces al día,Facebook Instagram Whatsapp Telegram,1,0,1,0,0,1,1,0,Mayormente equilibrado,"Sí, frecuentemente","Sí, ocasionalmente","Sí, activamente",No,Muy inseguro,Madrugada,Calles principales,0,0,1,0,0,0,0,5,3,3,5,2,1,1,No,Falta de presencia policial Crimen organizado La pobreza,0,1,0,0,1,1,0,Neutral,No,,Desconfianza en las autoridades,"Sí, pero de forma insuficiente","Sí, pero de forma insuficiente",Participar en grupos vecinales Instalar cámaras o alarmas,0,1,1,0,0,"Sí, pero hay temor No, pero hay interés",0,1,1,0,Programas sociales para jóvenes,,Mucho mejor que el resto del país,Ni buena ni mala,Igual,Satisfecho/a,Igual,Moderada,Moderada,Muy suficiente,Suficiente,Limitada,Han disminuido poco,Se ha mantenido igual,Ha aumentado,En desacuerdo,Regular,Centro médico particular,9,Injustos,No,,,,,,Injusta,Neutral,Totalmente en desacuerdo,,Si,Seguro,Poco,,Ni de acuerdo ni en desacuerdo,Conozco las rutas de evacuación establecidas en la ciudad Sé cómo contactar a las autoridades y/o instituciones en caso de desastre Conozco los números de emergencia He participado en simulacros de desastres naturales que se han realizado,0,1,0,1,1,1,0,0,0,0,0,0,Moderadamente preocupado/a,Lentamente,,Ni bien ni mal,Ni bien ni mal,Muy mal,-0.0963502 -80.000037 91.0999984741211 37.264,-0.0963502,-80.000037,91.09999847,37.264
10 de Agosto,,Masculino,54,5,5,5,5,5,5,5,Corrupción,4,3,3,2,4,Fraude,,3,3,4,3,3,Fraude y desigualdad,Poco consciente,No sé,Líderes o partidos políticos,0,1,0,0,0,0,0,Neutral,Poco agresivo,No realmente,Neutral,A veces,Algunas veces por semana,Twitter/X YouTube Whatsapp,0,1,0,0,1,1,0,0,Parcialmente sesgado,A veces,"Sí, ocasionalmente","Sí, ocasionalmente",No,Neutral,Noche,Transporte público,0,1,0,0,0,0,0,5,3,3,5,2,2,1,No,Falta de presencia policial Corrupción,0,1,0,1,0,0,0,Neutral,No,,Consideró que no serviría de nada,"Sí, pero de forma insuficiente","No, no hacen nada ",Participar en grupos vecinales Otras,0,0,1,0,1,"Sí, pero hay temor",0,0,1,0,Programas sociales para jóvenes,,Ligeramente peor que el resto del país,Ni buena ni mala,Igual,Ni satisfecho/a ni insatisfecho/a,Igual,Suficiente,Suficiente,Suficiente,Suficiente,Suficiente,No han cambiado,Se ha mantenido igual,Se ha mantenido igual,Ni de acuerdo ni en desacuerdo,Regular,Hospital,8,Injustos,Si,Público o fiscal,,Buena,Regular,Regular,Muy injusta,Neutral,Ni de acuerdo ni en desacuerdo,,Si,Seguro,Moderadamente,,De acuerdo,He participado en simulacros de desastres naturales que se han realizado Estoy informado sobre los riesgos de desastres naturales en mi área Tengo un plan de emergencia para toda la familia,1,0,0,1,0,0,1,0,0,0,0,0,Muy preocupado/a,Muy lentamente,,Muy mal,Ni bien ni mal,Ni bien ni mal,-0.0966354 -80.0002958 91.0999984741211 43.112,-0.0966354,-80.0002958,91.09999847,43.112
10 de Agosto,,Femenino,60,5,5,5,5,5,5,5,Más igualdad social,4,5,4,4,4,Dar charlas para mantener informados en estos sectores,,1,1,1,1,1,Fraude,Poco consciente,No ha cambiado,Medios tradicionales,0,0,1,0,0,0,0,No realmente,Poco agresivo,No estoy seguro/a,Neutral,A veces,Algunas veces por semana,Instagram YouTube Whatsapp Telegram,0,0,1,0,1,1,1,0,Mayormente equilibrado,A veces,No estoy seguro/a,"Sí, ocasionalmente",Si,Neutral,Noche,Calles principales Zonas oscuras o alejadas,0,0,1,1,0,0,0,5,2,2,5,2,2,3,No,Consumo de drogas Crimen organizado,0,0,1,0,1,0,0,Neutral,No,,Desconfianza en las autoridades,"No, no hacen nada ","Sí, pero de forma insuficiente",Participar en grupos vecinales Cambiar itinerarios y rutas,0,0,1,1,0,"Sí, pero hay temor",0,0,1,0,Programas sociales para jóvenes,,Mucho peor que el resto del país,Ni buena ni mala,Igual,Ni satisfecho/a ni insatisfecho/a,Peor,Suficiente,Suficiente,Suficiente,Muy suficiente,Suficiente,No han cambiado,Se ha mantenido igual,Se ha mantenido igual,Ni de acuerdo ni en desacuerdo,Regular,Hospital,7,Injustos,Si,Ninguna,,,,,Muy injusta,Neutral,Ni de acuerdo ni en desacuerdo,,No,,,Neutral,De acuerdo,He participado en simulacros de desastres naturales que se han realizado Sé cómo contactar a las autoridades y/o instituciones en caso de desastre Cuento con un fondo económico de emergencia Mi vivienda está preparada para resistir los embates de un desastre,0,0,0,1,0,1,0,0,0,0,1,1,Moderadamente preocupado/a,Con el tiempo necesario,,Ni bien ni mal,Muy mal,Ni bien ni mal,-0.0971153 -79.9998736 91.0999984741211 48.495,-0.0971153,-79.9998736,91.09999847,48.495
10 de Agosto,,Masculino,46,5,5,5,5,4,2,2,Más participación en cosas del país,2,3,2,2,3,Corrupción,,2,3,4,2,3,Fraude después de las urnas,Poco consciente,No ha cambiado,Medios tradicionales,0,0,1,0,0,0,0,Neutral,Poco agresivo,No estoy seguro/a,Neutral,Frecuentemente,Varias veces al día,Facebook Instagram TikTok Whatsapp,1,0,1,1,0,1,0,0,Mayormente equilibrado,"Sí, frecuentemente",No estoy seguro/a,"No, pero me interesaría",Si,Seguro,Noche,Zonas oscuras o alejadas,0,0,0,1,0,0,0,5,3,3,5,2,1,1,No,Consumo de drogas Crimen organizado,0,0,1,0,1,0,0,Neutral,No,,Otras,"Sí, pero de forma insuficiente","Sí, pero de forma insuficiente",Participar en grupos vecinales,0,0,1,0,0,"Sí, pero hay temor",0,0,1,0,Programas sociales para jóvenes,,Ligeramente peor que el resto del país,Muy Mala,Peor,Ni satisfecho/a ni insatisfecho/a,Peor,Muy suficiente,Suficiente,Suficiente,Suficiente,Limitada,Han aumentado poco,Se ha mantenido igual,Se ha mantenido igual,Ni de acuerdo ni en desacuerdo,Regular,Hospital,6,Injustos,Si,Público o fiscal,,Buena,Buena,Buena,Injusta,Neutral,Totalmente en desacuerdo,,Si,Seguro,Moderadamente,,Ni de acuerdo ni en desacuerdo,"Cuento con un kit de emergencia con agua, alimentos, botiquín, abrigos, etc. Sé cómo contactar a las autoridades y/o instituciones en caso de desastre Mi vivienda está preparada para resistir los embates de un desastre",0,0,1,0,0,1,0,0,0,0,1,0,Moderadamente preocupado/a,Lentamente,,Muy mal,Ni bien ni mal,Muy mal,-0.0974698 -79.9997457 91.0999984741211 42.9,-0.0974698,-79.9997457,91.09999847,42.9
10 de Agosto,,Masculino,31,3,3,3,3,3,3,2,Más involución a los ciudadanos,4,4,3,4,2,Corrupción y desinterés,,4,4,3,4,2,Mucho fraude en las elecciones,Poco consciente,No ha cambiado,Líderes o partidos políticos Falta de respuesta a las demandas sociales,0,1,0,0,0,1,0,"Sí, en parte",Poco agresivo,No estoy seguro/a,Reduce un poco mi confianza,Rara vez,Varias veces al día,Facebook Whatsapp Instagram,1,0,1,0,0,1,0,0,Mayormente equilibrado,Rara vez,No estoy seguro/a,"Sí, ocasionalmente",Si,Inseguro,Noche,Calles principales Zonas oscuras o alejadas,0,0,1,1,0,0,0,5,3,2,5,1,2,1,No,Falta de presencia policial Falta de trabajo Crimen organizado La pobreza,1,1,0,0,1,1,0,Ineficaz,No,,Otras,"Sí, pero de forma insuficiente","Sí, pero de forma insuficiente",Evitar salir de noche,1,0,0,0,0,"No, pero hay interés",0,1,0,0,Programas sociales para jóvenes,,Igual que el resto del país,Ni buena ni mala,Igual,Ni satisfecho/a ni insatisfecho/a,Igual,Suficiente,Muy suficiente,Muy suficiente,Suficiente,Moderada,No han cambiado,Se ha mantenido igual,Se ha mantenido igual,En desacuerdo,Regular,Hospital,7,Injustos,Si,Público o fiscal,,Regular,Regular,Regular,Injusta,Neutral,En desacuerdo,,Si,Seguro,Moderadamente,,De acuerdo,Conozco las rutas de evacuación establecidas en la ciudad Cuento con un fondo económico de emergencia Conozco los sitios seguros de la ciudad,0,1,0,0,0,0,0,0,1,0,0,1,Moderadamente preocupado/a,Con el tiempo necesario,,Ni bien ni mal,Ni bien ni mal,Ni bien ni mal,-0.0965671 -80.000204 91.0999984741211 14.271,-0.0965671,-80.000204,91.09999847,14.271
10 de Agosto,,Masculino,35,4,3,4,4,5,3,5,Cambio de parcialidad en cuanto a la participación de la ciudadanía,4,3,3,5,3,Desigualdad y corrupción,,4,3,4,5,3,Sospechas de fraude al finalizar los conteos de las papeletas,Poco consciente,No sé,Líderes o partidos políticos Falta de diálogo,0,1,0,0,1,0,0,No realmente,Poco agresivo,No estoy seguro/a,Reduce un poco mi confianza,Frecuentemente,Varias veces al día,Facebook Instagram Whatsapp Telegram,1,0,1,0,0,1,1,0,Mayormente equilibrado,A veces,Rara vez,"No, no me importa",Si,Neutral,Noche,Calles principales Zonas oscuras o alejadas,0,0,1,1,0,0,0,4,2,1,3,2,1,1,Si,Crimen organizado,0,0,0,0,1,0,0,Ineficaz,Si,3,,"Sí, pero de forma insuficiente","Sí, pero de forma insuficiente",Instalar cámaras o alarmas Evitar salir de noche,1,1,0,0,0,"No, pero hay interés",0,1,0,0,Programas sociales para jóvenes,,Ligeramente peor que el resto del país,Ni buena ni mala,Igual,Satisfecho/a,Igual,Suficiente,Moderada,Suficiente,Moderada,Suficiente,Han disminuido poco,Ha disminuido mucho,Ha aumentado mucho,Totalmente en desacuerdo,Muy difícil,Hospital,4,Muy injustos,Si,Público o fiscal,,Regular,Regular,Regular,Muy injusta,Nada,En desacuerdo,,Si,Muy seguro,Moderadamente,,Totalmente de acuerdo,Tengo un plan de emergencia para toda la familia Cuento con un fondo económico de emergencia Mi vivienda está preparada para resistir los embates de un desastre Tengo suficientes provisiones de medicamentos en caso de emergencia,1,0,0,0,0,0,0,0,0,1,1,1,Muy preocupado/a,Muy lentamente,,Muy mal,Ni bien ni mal,Ni bien ni mal,-0.096178 -80.0011527 90.5999984741211 7.0,-0.096178,-80.0011527,90.59999847,7
Pedernales,Conglomerado 2,Femenino,39,4,3,3,3,3,4,4,Eliminar la corrupción ,4,3,4,3,3,Que no dejen llevar celulares para no generar mala información ,,3,4,3,4,4,Uno de los riesgos es la competencia política ,Neutral,No sé,Redes sociales Líderes o partidos políticos Desigualdad económica,1,1,0,1,0,0,0,"Sí, totalmente",Neutral,No estoy seguro/a,No afecta mi confianza,Frecuentemente,Varias veces al día,Facebook TikTok Instagram YouTube Whatsapp,1,0,1,1,1,1,0,0,Mayormente equilibrado,A veces,Rara vez,"Sí, ocasionalmente",No,Muy inseguro,Noche,Parques Zonas oscuras o alejadas,1,0,0,1,0,0,0,3,1,2,2,2,1,1,No,Corrupción Falta de trabajo La pobreza,1,0,0,1,0,1,0,Neutral,No,,Consideró que no serviría de nada,"Sí, pero de forma insuficiente","No, no hacen nada ",Evitar salir de noche Participar en grupos vecinales,1,0,1,0,0,"No, pero hay interés",0,1,0,0,Más patrullas policiales,,Igual que el resto del país,Mala,Medianamente mejor,Insatisfecho/a,Igual,Moderada,Muy suficiente,Suficiente,Muy suficiente,Muy suficiente,Han disminuido poco,Ha aumentado poco,Ha aumentado mucho,Totalmente en desacuerdo,Difícil,Centro de salud de la parroquia,6,Injustos,Si,Público o fiscal,,Buena,Regular,Buena,Injusta,Mucho,En desacuerdo,,Si,Inseguro,Moderadamente,,En desacuerdo,Tengo un plan de emergencia para toda la familia He participado en simulacros de desastres naturales que se han realizado Sé cómo contactar a las autoridades y/o instituciones en caso de desastre,1,0,0,1,0,1,0,0,0,0,0,0,Poco preocupado/a,Rápidamente,,Ni bien ni mal,Muy mal,Muy mal,0.0801934 -80.0370418 43.5 56.1,0.0801934,-80.0370418,43.5,56.1
Pedernales,Conglomerado 2,Masculino,43,4,3,2,4,4,3,4,Ser más participativos en las comunidades ,4,3,4,3,3,Tener menos participantes en la urnas ,,4,4,3,4,3,La inseguridad ,Neutral,No ha cambiado,Falta de diálogo Falta de respuesta a las demandas sociales,0,0,0,0,1,1,0,No realmente,Poco agresivo,No estoy seguro/a,No afecta mi confianza,Siempre,Varias veces al día,TikTok Facebook Whatsapp,1,0,0,1,0,1,0,0,Mayormente equilibrado,A veces,Rara vez,"No, no me importa",No,Neutral,Noche,Parques Calles principales,1,0,1,0,0,0,0,4,2,1,2,2,2,2,No,Falta de trabajo La pobreza,1,0,0,0,0,1,0,Neutral,No,,Desconfianza en las autoridades,"No, no hacen nada ","No sabe, no responde",Evitar salir de noche Cambiar itinerarios y rutas,1,0,0,1,0,"No, pero hay interés",0,1,0,0,Programas sociales para jóvenes,,Ligeramente peor que el resto del país,Ni buena ni mala,Igual,Satisfecho/a,Mejor,Muy suficiente,Suficiente,Extremadamente suficiente,Muy suficiente,Muy suficiente,No han cambiado,Ha disminuido poco,Se ha mantenido igual,De acuerdo,Regular,Centro de salud de la parroquia,5,Justos,Si,Público o fiscal,,Regular,Regular,Regular,Injusta,Neutral,En desacuerdo,,Si,Neutral,Poco,,En desacuerdo,Conozco las rutas de evacuación establecidas en la ciudad Estoy informado sobre los riesgos de desastres naturales en mi área Sé cómo contactar a las autoridades y/o instituciones en caso de desastre,0,1,0,0,0,1,1,0,0,0,0,0,Moderadamente preocupado/a,Con el tiempo necesario,,Muy mal,Ni bien ni mal,Muy mal,0.0801607 -80.0362963 43.5 77.6,0.0801607,-80.0362963,43.5,77.6
Pedernales,Conglomerado 2,Masculino,54,4,3,4,3,3,3,4,Mayor incremento de políticas públicas ,4,3,4,4,3,La movilidad ,,4,3,4,4,3,En muchos caso falta de información ,Consciente,"Sí, ha cambiado un poco",Redes sociales Líderes o partidos políticos,1,1,0,0,0,0,0,"Sí, en parte",Muy agresivo,No estoy seguro/a,Neutral,Frecuentemente,Una vez al día,Facebook,1,0,0,0,0,0,0,0,Parcialmente sesgado,A veces,No estoy seguro/a,"No, pero me interesaría",No,Neutral,Madrugada,Parques Zonas oscuras o alejadas,1,0,0,1,0,0,0,2,2,1,2,2,2,1,Si,Falta de trabajo La pobreza,1,0,0,0,0,1,0,Ineficaz,Si,4,,"No, no hacen nada ","No, no hacen nada ",Participar en grupos vecinales Evitar salir de noche,1,0,1,0,0,"No, pero hay interés",0,1,0,0,Mayor iluminación pública,,Ligeramente peor que el resto del país,Buena,Medianamente mejor,Satisfecho/a,Mejor,Muy suficiente,Extremadamente suficiente,Extremadamente suficiente,Muy suficiente,Muy suficiente,No han cambiado,Se ha mantenido igual,Se ha mantenido igual,Ni de acuerdo ni en desacuerdo,Regular,Clínica privada,10,Muy injustos,Si,Privada o particular,,Muy buena,Muy buena,Muy buena,Muy injusta,Mucho,Ni de acuerdo ni en desacuerdo,,Si,Seguro,Moderadamente,,De acuerdo,Tengo un plan de emergencia para toda la familia He participado en simulacros de desastres naturales que se han realizado Estoy informado sobre los riesgos de desastres naturales en mi área,1,0,0,1,0,0,1,0,0,0,0,0,Muy preocupado/a,Lentamente,,Ni bien ni mal,Ni bien ni mal,Ni bien ni mal,0.0801142 -80.0363186 28.600000381469727 21.938,0.0801142,-80.0363186,28.60000038,21.938
Pedernales,Conglomerado 2,Masculino,47,4,4,3,3,4,3,4,Tener información de la democracia ,4,4,3,3,4,La organización al momento de votar ,,5,4,2,4,4,La política entre candidatos ,Consciente,No sé,Redes sociales Medios tradicionales Líderes o partidos políticos,1,1,1,0,0,0,0,"Sí, totalmente",Poco agresivo,"Sí, en ciertos casos",Reduce un poco mi confianza,Frecuentemente,Varias veces al día,Facebook YouTube TikTok,1,0,0,1,1,0,0,0,Altamente polarizado,A veces,"Sí, ocasionalmente","No, no me importa",No,Neutral,Noche,Parques Calles principales,1,0,1,0,0,0,0,2,1,2,1,1,2,2,No,Falta de trabajo Corrupción,1,0,0,1,0,0,0,Ineficaz,No,,Desconfianza en las autoridades,"Sí, pero de forma insuficiente","Sí, pero de forma insuficiente",Evitar salir de noche Cambiar itinerarios y rutas,1,0,0,1,0,"Sí, pero hay temor",0,0,1,0,Liderazgo de las autoridades locales,,Igual que el resto del país,Ni buena ni mala,Igual,Ni satisfecho/a ni insatisfecho/a,Mejor,Muy suficiente,Extremadamente suficiente,Extremadamente suficiente,Muy suficiente,Extremadamente suficiente,Han aumentado poco,Se ha mantenido igual,Se ha mantenido igual,De acuerdo,Regular,Hospital,7,Justos,Si,Público o fiscal,,Buena,Muy buena,Muy buena,Muy justa,Neutral,De acuerdo,,Si,Neutral,Poco,,Ni de acuerdo ni en desacuerdo,He participado en simulacros de desastres naturales que se han realizado Mi vivienda está preparada para resistir los embates de un desastre,0,0,0,1,0,0,0,0,0,0,1,0,Muy preocupado/a,Con el tiempo necesario,,Ni bien ni mal,Ni bien ni mal,Ni bien ni mal,0.079338 -80.0365522 50.39999771118164 15.495,0.079338,-80.0365522,50.39999771,15.495
Pedernales,Conglomerado 1,Femenino,27,5,5,4,3,1,3,3,Insertar una materia en el sistema educativo que permita tener mayor información a los jóvenes,3,2,2,3,5,Desconfianza del sistema manejado por el CNE,,4,1,1,1,1,Sin comentario,Muy consciente,Ha disminuido,Redes sociales Líderes o partidos políticos Desigualdad económica Falta de diálogo Falta de respuesta a las demandas sociales Otras,1,1,0,1,1,1,1,"Sí, totalmente",Poco agresivo,"Sí, claramente",Reduce mucho mi confianza,Siempre,Varias veces al día,Facebook Twitter/X Instagram TikTok YouTube Whatsapp Telegram Otras,1,1,1,1,1,1,1,1,Parcialmente sesgado,"Sí, frecuentemente","Sí, ocasionalmente","Sí, activamente",Si,Inseguro,Noche,Zonas oscuras o alejadas Calles principales,0,0,1,1,0,0,0,5,3,3,3,2,2,4,Prefiero no responder,Consumo de drogas Corrupción Crimen organizado La pobreza Falta de presencia policial Falta de trabajo,1,1,1,1,1,1,0,Muy ineficaz,Si,3,,"Sí, pero de forma insuficiente","Sí, pero de forma insuficiente",Evitar salir de noche Cambiar itinerarios y rutas Instalar cámaras o alarmas,1,1,0,1,0,"Sí, pero hay temor",0,0,1,0,Programas sociales para jóvenes,,Igual que el resto del país,Buena,Igual,Satisfecho/a,Mucho mejor,Muy suficiente,Muy suficiente,Moderada,Moderada,Suficiente,Han disminuido mucho,Ha disminuido mucho,Ha aumentado mucho,Totalmente en desacuerdo,Regular,Centro médico particular,10,Muy injustos,No,,,,,,Muy injusta,Neutral,Ni de acuerdo ni en desacuerdo,,Si,Neutral,Moderadamente,,En desacuerdo,He participado en simulacros de desastres naturales que se han realizado Conozco los números de emergencia Sé cómo contactar a las autoridades y/o instituciones en caso de desastre Estoy informado sobre los riesgos de desastres naturales en mi área Conozco los sitios seguros de la ciudad Mi vivienda está preparada para resistir los embates de un desastre Cuento con un fondo económico de emergencia,0,0,0,1,1,1,1,0,1,0,1,1,Moderadamente preocupado/a,Lentamente,,Muy mal,Muy mal,Ni bien ni mal,0.0746215 -80.0520224 39.5 14.45,0.0746215,-80.0520224,39.5,14.45
Pedernales,Conglomerado 1,Masculino,60,4,5,2,1,1,1,1,Igualdad de oportunidad y representatividad,1,1,1,1,3,Corrupción e inequidad,,1,1,1,1,1,Fraude y corrupción,Muy consciente,"Sí, ha cambiado significativamente",Redes sociales,1,0,0,0,0,0,0,"Sí, totalmente",Muy agresivo,"Sí, claramente",Reduce mucho mi confianza,Siempre,Varias veces al día,Facebook Twitter/X Instagram,1,1,1,0,0,0,0,0,Altamente polarizado,"Sí, siempre","Sí, muy seguido","Sí, activamente",Si,Muy inseguro,Noche,Parques Calles principales Zonas oscuras o alejadas Restaurantes y cafeterías Mercados de abastos,1,0,1,1,0,1,1,5,5,5,5,5,5,5,Prefiero no responder,Falta de trabajo Consumo de drogas Corrupción Crimen organizado La pobreza,1,0,1,1,1,1,0,Ineficaz,Si,2,,"Sí, de manera activa","Sí, de manera activa",Evitar salir de noche Cambiar itinerarios y rutas,1,0,0,1,0,"No sabe, no responde",0,0,0,1,Más patrullas policiales,,Igual que el resto del país,Muy Mala,Medianamente mejor,Muy satisfecho/a,Mucho mejor,Limitada,Limitada,Extremadamente suficiente,Limitada,Limitada,Han disminuido mucho,Ha aumentado poco,Se ha mantenido igual,En desacuerdo,Muy difícil,Hospital,2,Muy injustos,Si,Privada o particular,,Muy mala,Buena,Mala,Injusta,Algo,Totalmente de acuerdo,,Si,Seguro,Nada,,Ni de acuerdo ni en desacuerdo,Conozco las rutas de evacuación establecidas en la ciudad,0,1,0,0,0,0,0,0,0,0,0,0,Moderadamente preocupado/a,Muy lentamente,,Muy mal,Muy mal,Ni bien ni mal,0.0742727 -80.051222 0.0 300.0,0.0742727,-80.051222,0,300
Pedernales,Conglomerado 1,Femenino,34,5,1,1,2,1,3,3,Menor corrupción,5,1,1,5,3,Impuesto al banano,,1,3,5,3,1,Fraude económico,Poco consciente,No ha cambiado,Falta de diálogo,0,0,0,0,1,0,0,"No, en absoluto",Muy agresivo,No estoy seguro/a,Neutral,Siempre,Varias veces al día,Facebook TikTok Instagram,1,0,1,1,0,0,0,0,No consumo,No sé,Rara vez,No lo sé,No,Inseguro,Noche,Calles principales,0,0,1,0,0,0,0,3,2,5,5,2,5,5,No,Falta de trabajo,1,0,0,0,0,0,0,Eficaz,No,,Consideró que no serviría de nada,"Sí, pero de forma insuficiente","Sí, pero de forma insuficiente",Evitar salir de noche,1,0,0,0,0,"No sabe, no responde",0,0,0,1,Programas sociales para jóvenes,,Igual que el resto del país,Ni buena ni mala,Peor,Muy insatisfecho/a,Mejor,Muy limitada,Limitada,Limitada,Limitada,Limitada,No han cambiado,Ha aumentado poco,Se ha mantenido igual,Ni de acuerdo ni en desacuerdo,Difícil,Hospital,1,Injustos,Si,Público o fiscal,,Buena,Buena,Regular,Injusta,Algo,De acuerdo,,No,,,Muy difícil,Totalmente en desacuerdo,"Cuento con un kit de emergencia con agua, alimentos, botiquín, abrigos, etc.",0,0,1,0,0,0,0,0,0,0,0,0,Moderadamente preocupado/a,Con el tiempo necesario,,Bien,Bien,Ni bien ni mal,0.0742727 -80.051222 38.599998474121094 300.0,0.0742727,-80.051222,38.59999847,300
Pedernales,Conglomerado 1,Femenino,23,4,5,2,2,1,3,3,Fomentar la participación ciudadana,4,2,3,5,5,Difícil traslados desde su lugar de trabajo hasta el domicilio electoral,,4,3,1,2,1,Corrupción abundante,Consciente,No ha cambiado,Redes sociales Líderes o partidos políticos Desigualdad económica Falta de respuesta a las demandas sociales,1,1,0,1,0,1,0,"Sí, totalmente",Muy agresivo,"Sí, claramente",Reduce mucho mi confianza,Siempre,Varias veces al día,Facebook Instagram TikTok Whatsapp,1,0,1,1,0,1,0,0,No consumo,No sé,"Sí, ocasionalmente","Sí, ocasionalmente",Si,Inseguro,Noche,Parques Calles principales Zonas oscuras o alejadas,1,0,1,1,0,0,0,4,5,4,3,5,4,4,Prefiero no responder,Falta de presencia policial Consumo de drogas Crimen organizado,0,1,1,0,1,0,0,Ineficaz,No,,Desconfianza en las autoridades,"No, no hacen nada ","Sí, pero de forma insuficiente",Evitar salir de noche Otras,1,0,0,0,1,"No sabe, no responde",0,0,0,1,Programas sociales para jóvenes,,Igual que el resto del país,Ni buena ni mala,Medianamente mejor,Satisfecho/a,Mejor,Moderada,Suficiente,Limitada,Limitada,Moderada,Han disminuido mucho,Ha disminuido poco,Ha aumentado,En desacuerdo,Regular,Centro médico particular,8,No sabe/no responde,Si,Público o fiscal,,Buena,Buena,Regular,No sabe/no responde,Algo,Totalmente en desacuerdo,,Si,Neutral,Moderadamente,,Totalmente en desacuerdo,Conozco las rutas de evacuación establecidas en la ciudad Conozco los sitios seguros de la ciudad,0,1,0,0,0,0,0,0,1,0,0,0,Moderadamente preocupado/a,Muy lentamente,,Muy mal,Muy mal,Ni bien ni mal,0.0746073 -80.052131 39.79999923706055 15.39,0.0746073,-80.052131,39.79999924,15.39
Pedernales,Conglomerado 1,Femenino,26,5,5,3,4,2,3,3,"Respetar la opinión de cada partido, y tener libertad de expresión",4,4,4,3,3,Sin comentarios,,4,5,4,4,4,No percibo riesgos,Neutral,No sé,Falta de diálogo Desigualdad económica,0,0,0,1,1,0,0,Neutral,Neutral,No estoy seguro/a,Neutral,Siempre,Varias veces al día,Facebook TikTok YouTube,1,0,0,1,1,0,0,0,Mayormente equilibrado,Rara vez,"Sí, ocasionalmente","No, no me importa",No,Neutral,Madrugada,Zonas oscuras o alejadas,0,0,0,1,0,0,0,3,1,3,3,2,1,1,No,Falta de trabajo Corrupción La pobreza,1,0,0,1,0,1,0,Neutral,No,,Otras,"Sí, de manera activa","Sí, de manera activa",Evitar salir de noche Otras,1,0,0,0,1,"No sabe, no responde",0,0,0,1,Liderazgo de las autoridades locales,,Ligeramente peor que el resto del país,Ni buena ni mala,Igual,Satisfecho/a,Igual,Moderada,Moderada,Moderada,Moderada,Moderada,No han cambiado,Se ha mantenido igual,Se ha mantenido igual,Ni de acuerdo ni en desacuerdo,Regular,Centro de salud de la parroquia,1,Injustos,Si,Privada o particular,,Regular,Muy buena,Regular,No sabe/no responde,Neutral,Ni de acuerdo ni en desacuerdo,,Si,Neutral,Moderadamente,,Ni de acuerdo ni en desacuerdo,He participado en simulacros de desastres naturales que se han realizado Conozco los sitios seguros de la ciudad,0,0,0,1,0,0,0,0,1,0,0,0,Muy preocupado/a,Rápidamente,,Ni bien ni mal,Ni bien ni mal,Ni bien ni mal,0.0740997 -80.0531933 40.29999923706055 16.529,0.0740997,-80.0531933,40.29999924,16.529
Pedernales,Conglomerado 1,Femenino,32,3,3,3,2,2,3,3,Sin comentarios,3,2,1,3,4,Demandas manutención,,3,2,3,1,2,Sin comentarios,Neutral,No sé,Desigualdad económica Falta de diálogo,0,0,0,1,1,0,0,"Sí, en parte",Neutral,"Sí, en ciertos casos",Reduce mucho mi confianza,Frecuentemente,Varias veces al día,Facebook Twitter/X Instagram TikTok YouTube Whatsapp,1,1,1,1,1,1,0,0,No consumo,A veces,"Sí, ocasionalmente",No lo sé,Si,Inseguro,Madrugada,Calles principales Zonas oscuras o alejadas Parques,1,0,1,1,0,0,0,3,3,5,2,3,2,4,Prefiero no responder,Falta de trabajo Crimen organizado Corrupción Consumo de drogas Falta de presencia policial La pobreza,1,1,1,1,1,1,0,Muy ineficaz,No,,Otras,"No, no hacen nada ","No, no hacen nada ",Evitar salir de noche Cambiar itinerarios y rutas Instalar cámaras o alarmas Otras,1,1,0,1,1,"No sabe, no responde",0,0,0,1,Más patrullas policiales,,Ligeramente peor que el resto del país,Muy Mala,Medianamente mejor,Ni satisfecho/a ni insatisfecho/a,Mucho mejor,Muy limitada,Moderada,Limitada,Extremadamente limitada,Limitada,No han cambiado,Ha disminuido mucho,Se ha mantenido igual,Ni de acuerdo ni en desacuerdo,Regular,Hospital,2,Injustos,Si,Público o fiscal,,Regular,Buena,Mala,Injusta,Algo,Ni de acuerdo ni en desacuerdo,,Si,Neutral,Moderadamente,,Ni de acuerdo ni en desacuerdo,Conozco los sitios seguros de la ciudad,0,0,0,0,0,0,0,0,1,0,0,0,Poco preocupado/a,Muy lentamente,,Muy mal,Muy mal,Muy mal,0.0735487 -80.053768 39.599998474121094 24.867,0.0735487,-80.053768,39.59999847,24.867
Pedernales,Conglomerado 1,Femenino,34,4,5,3,2,1,3,3,Corrupción y desigualdad,3,1,1,4,4,Brechas sociales,,4,2,1,1,1,Abuso de poder,Consciente,No ha cambiado,Líderes o partidos políticos Falta de diálogo Desigualdad económica,0,1,0,1,1,0,0,"Sí, totalmente",Muy agresivo,"Sí, claramente",Reduce mucho mi confianza,Rara vez,Varias veces al día,Whatsapp Telegram Instagram,0,0,1,0,0,1,1,0,Parcialmente sesgado,No sé,No estoy seguro/a,"No, no me importa",Si,Muy inseguro,Noche,Zonas oscuras o alejadas Parques Transporte público,1,1,0,1,0,0,0,4,4,5,2,2,2,3,Prefiero no responder,Corrupción Crimen organizado Consumo de drogas Falta de presencia policial Falta de trabajo,1,1,1,1,1,0,0,Muy ineficaz,No,,Otras,"No, no hacen nada ","No, no hacen nada ",Evitar salir de noche,1,0,0,0,0,"No sabe, no responde",0,0,0,1,Programas sociales para jóvenes,,Igual que el resto del país,Ni buena ni mala,Mejor,Ni satisfecho/a ni insatisfecho/a,Mejor,Moderada,Suficiente,Moderada,Suficiente,Suficiente,No han cambiado,Se ha mantenido igual,Ha aumentado,Totalmente en desacuerdo,Regular,Centro médico particular,8,Injustos,Si,Público o fiscal,,Buena,Buena,Regular,Injusta,Algo,Ni de acuerdo ni en desacuerdo,,Si,Neutral,Moderadamente,,Totalmente en desacuerdo,Conozco los sitios seguros de la ciudad Conozco los números de emergencia Conozco las rutas de evacuación establecidas en la ciudad,0,1,0,0,1,0,0,0,1,0,0,0,Moderadamente preocupado/a,Muy lentamente,,Muy mal,No sabe/no responde,No sabe/no responde,0.0731371 -80.0552007 39.5 23.699,0.0731371,-80.0552007,39.5,23.699
Pedernales,Conglomerado 1,Masculino,45,5,5,2,3,1,2,4,Sin comentarios,4,2,3,4,5,Desinterés por la ciudadanía,,5,3,2,2,1,Altos niveles de corrupción,Muy consciente,Ha disminuido,Falta de diálogo Líderes o partidos políticos Medios tradicionales Desigualdad económica,0,1,1,1,1,0,0,"Sí, totalmente",Muy agresivo,"Sí, claramente",Reduce mucho mi confianza,Nunca,Una vez al día,Twitter/X Whatsapp,0,1,0,0,0,1,0,0,Altamente polarizado,"Sí, frecuentemente","Sí, ocasionalmente","Sí, activamente",Si,Inseguro,Madrugada,Zonas oscuras o alejadas Parques Calles principales,1,0,1,1,0,0,0,4,4,5,3,4,2,3,No,Consumo de drogas Crimen organizado Corrupción Falta de trabajo,1,0,1,1,1,0,0,Muy ineficaz,No,,Desconfianza en las autoridades,"No, no hacen nada ","Sí, pero de forma insuficiente",Evitar salir de noche Otras,1,0,0,0,1,"No sabe, no responde",0,0,0,1,Programas sociales para jóvenes,,Igual que el resto del país,Ni buena ni mala,Igual,Ni satisfecho/a ni insatisfecho/a,Mejor,Suficiente,Suficiente,Muy limitada,Extremadamente limitada,Moderada,Han disminuido mucho,Ha disminuido mucho,Ha aumentado mucho,Totalmente en desacuerdo,Regular,Centro médico particular,7,Injustos,Si,Privada o particular,,Regular,Buena,Regular,Injusta,Mucho,Totalmente en desacuerdo,,Si,Neutral,Poco,,En desacuerdo,Conozco las rutas de evacuación establecidas en la ciudad He participado en simulacros de desastres naturales que se han realizado Estoy informado sobre los riesgos de desastres naturales en mi área,0,1,0,1,0,0,1,0,0,0,0,0,Moderadamente preocupado/a,Muy lentamente,,Muy mal,Muy mal,Muy mal,0.0747375 -80.0510956 38.5 85.143,0.0747375,-80.0510956,38.5,85.143
Pedernales,Conglomerado 1,Masculino,36,3,3,3,3,1,5,5,No sé,5,3,3,4,3,Por desinformación de domicilio electoral,,3,3,5,4,2,Fraude y amanezas,Neutral,"Sí, ha cambiado un poco",Redes sociales Líderes o partidos políticos Falta de diálogo,1,1,0,0,1,0,0,"Sí, totalmente",Neutral,"Sí, claramente",Reduce mucho mi confianza,Siempre,Varias veces al día,Facebook TikTok Instagram,1,0,1,1,0,0,0,0,Mayormente equilibrado,A veces,"Sí, ocasionalmente","Sí, activamente",Si,Inseguro,Noche,Zonas oscuras o alejadas Parques Transporte público,1,1,0,1,0,0,0,4,2,3,4,5,3,2,No,Falta de trabajo Falta de presencia policial Consumo de drogas Corrupción Crimen organizado La pobreza Otras,1,1,1,1,1,1,1,Neutral,No,,Otras,"Sí, pero de forma insuficiente","Sí, pero de forma insuficiente",Evitar salir de noche,1,0,0,0,0,"No sabe, no responde",0,0,0,1,Más patrullas policiales,,Ligeramente mejor que el resto del país,Ni buena ni mala,Igual,Ni satisfecho/a ni insatisfecho/a,Igual,Moderada,Moderada,Moderada,Moderada,Moderada,Han disminuido mucho,Ha disminuido mucho,Se ha mantenido igual,Totalmente en desacuerdo,Regular,Centro médico particular,10,No sabe/no responde,Si,Público o fiscal,,Buena,Regular,Regular,No sabe/no responde,Neutral,Totalmente en desacuerdo,,No contesta,,,,Ni de acuerdo ni en desacuerdo,Conozco los sitios seguros de la ciudad,0,0,0,0,0,0,0,0,1,0,0,0,Moderadamente preocupado/a,Con el tiempo necesario,,No sabe/no responde,No sabe/no responde,No sabe/no responde,0.0730717 -80.05553 39.5 11.195,0.0730717,-80.05553,39.5,11.195
Pedernales,Conglomerado 1,Masculino,42,4,4,3,3,2,4,3,No sabe,3,2,1,3,4,Desconfianza del sistema,,4,3,2,2,1,Fraude sistemático,Neutral,No ha cambiado,Falta de diálogo Desigualdad económica,0,0,0,1,1,0,0,"Sí, totalmente",Poco agresivo,"Sí, claramente",Reduce mucho mi confianza,A veces,Varias veces al día,Facebook Twitter/X Instagram TikTok YouTube Whatsapp Telegram Otras,1,1,1,1,1,1,1,1,Mayormente equilibrado,"Sí, siempre","Sí, muy seguido","Sí, activamente",Si,Inseguro,Noche,Parques Transporte público Calles principales,1,1,1,0,0,0,0,4,3,5,2,3,4,4,Prefiero no responder,Corrupción Crimen organizado Consumo de drogas Falta de trabajo Falta de presencia policial,1,1,1,1,1,0,0,Muy ineficaz,No,,Otras,"Sí, pero de forma insuficiente","Sí, pero de forma insuficiente",Evitar salir de noche Cambiar itinerarios y rutas,1,0,0,1,0,"No sabe, no responde",0,0,0,1,Programas sociales para jóvenes,,Igual que el resto del país,Ni buena ni mala,Igual,Ni satisfecho/a ni insatisfecho/a,Mucho mejor,Moderada,Suficiente,Suficiente,Moderada,Moderada,Han disminuido mucho,Ha disminuido mucho,Ha aumentado,Totalmente en desacuerdo,Difícil,Hospital,2,Muy injustos,No,,,,,,Injusta,Mucho,Totalmente en desacuerdo,,Si,Neutral,Moderadamente,,Ni de acuerdo ni en desacuerdo,"Tengo un plan de emergencia para toda la familia Cuento con un kit de emergencia con agua, alimentos, botiquín, abrigos, etc. He participado en simulacros de desastres naturales que se han realizado Conozco los números de emergencia Estoy informado sobre los riesgos de desastres naturales en mi área Conozco los sitios seguros de la ciudad Cuento con un fondo económico de emergencia",1,0,1,1,1,0,1,0,1,0,0,1,Moderadamente preocupado/a,Lentamente,,No sabe/no responde,No sabe/no responde,No sabe/no responde,0.0726334 -80.056134 39.599998474121094 13.667,0.0726334,-80.056134,39.59999847,13.667
Pedernales,Conglomerado 1,Masculino,29,4,4,3,3,2,3,3,Reducir las altas tasas de corrupción y despilfarro económico entre políticos,3,2,2,3,5,Desconfianza y desinterés,,4,2,2,2,3,Ninguna,Muy consciente,No ha cambiado,Redes sociales Líderes o partidos políticos Medios tradicionales Desigualdad económica Falta de diálogo Falta de respuesta a las demandas sociales Otras,1,1,1,1,1,1,1,"Sí, en parte",Neutral,"Sí, claramente",Reduce un poco mi confianza,A veces,Una vez al día,TikTok Whatsapp,0,0,0,1,0,1,0,0,No consumo,No sé,Rara vez,No lo sé,No,Neutral,Madrugada,Zonas oscuras o alejadas,0,0,0,1,0,0,0,5,2,4,1,3,1,2,No,Crimen organizado Consumo de drogas,0,0,1,0,1,0,0,Neutral,No,,Otras,"No, no hacen nada ","No, no hacen nada ",Evitar salir de noche Otras,1,0,0,0,1,"No sabe, no responde",0,0,0,1,Programas sociales para jóvenes,,Igual que el resto del país,Ni buena ni mala,Medianamente mejor,Ni satisfecho/a ni insatisfecho/a,Mucho mejor,Suficiente,Suficiente,Moderada,Moderada,Moderada,No han cambiado,Ha disminuido mucho,Ha aumentado mucho,Ni de acuerdo ni en desacuerdo,Regular,Hospital,1,Muy injustos,No,,,,,,Injusta,Algo,Ni de acuerdo ni en desacuerdo,,Si,Seguro,Poco,,Ni de acuerdo ni en desacuerdo,Conozco las rutas de evacuación establecidas en la ciudad He participado en simulacros de desastres naturales que se han realizado Conozco los números de emergencia Sé cómo contactar a las autoridades y/o instituciones en caso de desastre Estoy informado sobre los riesgos de desastres naturales en mi área Conozco los sitios seguros de la ciudad,0,1,0,1,1,1,1,0,1,0,0,0,Moderadamente preocupado/a,Lentamente,,Ni bien ni mal,Muy mal,Muy mal,0.0727994 -80.055679 39.39999771118164 12.989,0.0727994,-80.055679,39.39999771,12.989
Pedernales,Conglomerado 1,Masculino,42,5,3,3,2,1,3,3,Concientización,3,3,2,5,5,Ignorancia y temor a ser aprendido por demandas de manutención,,3,1,1,1,1,Sin comentarios,Consciente,No ha cambiado,Falta de diálogo Falta de respuesta a las demandas sociales Líderes o partidos políticos,0,1,0,0,1,1,0,"Sí, en parte",Neutral,"Sí, en ciertos casos",Reduce un poco mi confianza,A veces,Rara vez,Twitter/X YouTube Whatsapp,0,1,0,0,1,1,0,0,Mayormente equilibrado,Rara vez,No estoy seguro/a,"No, pero me interesaría",Si,Neutral,Noche,Calles principales Zonas oscuras o alejadas Transporte público,0,1,1,1,0,0,0,5,1,4,1,1,1,3,No,Crimen organizado Corrupción Consumo de drogas Falta de trabajo Falta de presencia policial La pobreza Otras,1,1,1,1,1,1,1,Ineficaz,Si,2,,"No, no hacen nada ","No, no hacen nada ",Evitar salir de noche Cambiar itinerarios y rutas,1,0,0,1,0,"No sabe, no responde",0,0,0,1,Programas sociales para jóvenes,,Igual que el resto del país,Ni buena ni mala,Igual,Insatisfecho/a,Mejor,Moderada,Moderada,Limitada,Moderada,Moderada,Han disminuido poco,Ha disminuido mucho,Ha aumentado mucho,En desacuerdo,Regular,Hospital,3,No sabe/no responde,Si,Público o fiscal,,Regular,Buena,Regular,Injusta,Neutral,Ni de acuerdo ni en desacuerdo,,Si,Neutral,Moderadamente,,Totalmente en desacuerdo,He participado en simulacros de desastres naturales que se han realizado Conozco los números de emergencia Sé cómo contactar a las autoridades y/o instituciones en caso de desastre Estoy informado sobre los riesgos de desastres naturales en mi área Tengo los documentos importantes protegidos y resguardados Conozco los sitios seguros de la ciudad,0,0,0,1,1,1,1,1,1,0,0,0,Moderadamente preocupado/a,Lentamente,,Muy mal,Muy mal,Muy mal,0.0736467 -80.0546373 37.79999923706055 13.842,0.0736467,-80.0546373,37.79999924,13.842
Pedernales,Conglomerado 1,Masculino,28,3,3,3,3,3,3,3,Desconoce,4,3,2,4,5,Distancia laboral y electoral,,3,2,3,2,3,Robo electoral,Neutral,No sé,Redes sociales,1,0,0,0,0,0,0,Neutral,Neutral,No estoy seguro/a,Neutral,A veces,Una vez al día,Whatsapp YouTube Facebook,1,0,0,0,1,1,0,0,No consumo,"Sí, siempre",No estoy seguro/a,No lo sé,No,Neutral,Noche,Zonas oscuras o alejadas,0,0,0,1,0,0,0,3,1,3,1,1,1,3,No,Corrupción Crimen organizado Consumo de drogas,0,0,1,1,1,0,0,Muy ineficaz,Si,3,,"Sí, pero de forma insuficiente","Sí, pero de forma insuficiente",Cambiar itinerarios y rutas,0,0,0,1,0,"No sabe, no responde",0,0,0,1,Más patrullas policiales,,Igual que el resto del país,Ni buena ni mala,Medianamente mejor,Ni satisfecho/a ni insatisfecho/a,Igual,Suficiente,Moderada,Limitada,Moderada,Suficiente,No han cambiado,Ha disminuido poco,Ha aumentado mucho,Ni de acuerdo ni en desacuerdo,Regular,Centro médico particular,8,Muy injustos,Si,Privada o particular,,Mala,Buena,Muy mala,No sabe/no responde,Neutral,En desacuerdo,,Si,Neutral,Moderadamente,,Totalmente en desacuerdo,Conozco los números de emergencia Sé cómo contactar a las autoridades y/o instituciones en caso de desastre Conozco los sitios seguros de la ciudad,0,0,0,0,1,1,0,0,1,0,0,0,Moderadamente preocupado/a,Con el tiempo necesario,,Ni bien ni mal,Ni bien ni mal,Ni bien ni mal,0.073906 -80.0529737 41.29999923706055 58.146,0.073906,-80.0529737,41.29999924,58.146
Pedernales,Conglomerado 1,Masculino,24,5,5,2,1,1,1,1,No sé,4,3,2,2,4,Desinterés,,4,3,2,1,2,No sabe,Poco consciente,No ha cambiado,Redes sociales Líderes o partidos políticos Desigualdad económica Falta de respuesta a las demandas sociales,1,1,0,1,0,1,0,"Sí, en parte",Neutral,"Sí, claramente",Reduce un poco mi confianza,Frecuentemente,Varias veces al día,Facebook Twitter/X Instagram TikTok YouTube Whatsapp,1,1,1,1,1,1,0,0,Mayormente equilibrado,A veces,No estoy seguro/a,"Sí, ocasionalmente",Si,Seguro,Noche,Parques Transporte público Calles principales Zonas oscuras o alejadas Centros comerciales Restaurantes y cafeterías Mercados de abastos,1,1,1,1,1,1,1,5,1,4,1,3,2,4,Prefiero no responder,Falta de trabajo Falta de presencia policial Consumo de drogas Corrupción Crimen organizado La pobreza,1,1,1,1,1,1,0,Muy ineficaz,No,,Otras,"No, no hacen nada ","Sí, pero de forma insuficiente",Otras,0,0,0,0,1,"No sabe, no responde",0,0,0,1,Más patrullas policiales,,Ligeramente peor que el resto del país,Ni buena ni mala,Medianamente mejor,Ni satisfecho/a ni insatisfecho/a,Igual,Moderada,Moderada,Moderada,Moderada,Moderada,No han cambiado,Se ha mantenido igual,Se ha mantenido igual,Ni de acuerdo ni en desacuerdo,Regular,Hospital,4,No sabe/no responde,No,,,,,,No sabe/no responde,Neutral,Ni de acuerdo ni en desacuerdo,,Si,Seguro,Mucho,,Ni de acuerdo ni en desacuerdo,Conozco los sitios seguros de la ciudad,0,0,0,0,0,0,0,0,1,0,0,0,Muy preocupado/a,Muy lentamente,,Muy mal,Bien,Bien,0.073784 -80.0523845 40.599998474121094 14.398,0.073784,-80.0523845,40.59999847,14.398
Pedernales,Conglomerado 1,Masculino,51,5,5,5,5,5,5,5,Educación ciudadana,5,4,1,2,5,No sabe,,5,4,1,1,1,Fraude,Consciente,No ha cambiado,Líderes o partidos políticos Redes sociales Falta de diálogo Desigualdad económica,1,1,0,1,1,0,0,"Sí, totalmente",Muy agresivo,"Sí, claramente",Reduce mucho mi confianza,Frecuentemente,Una vez al día,Facebook Whatsapp,1,0,0,0,0,1,0,0,No consumo,No sé,No estoy seguro/a,No lo sé,Si,Neutral,Noche,Parques Zonas oscuras o alejadas Transporte público Calles principales,1,1,1,1,0,0,0,4,3,4,2,2,2,3,Prefiero no responder,Crimen organizado Consumo de drogas Corrupción Falta de trabajo Falta de presencia policial,1,1,1,1,1,0,0,Muy ineficaz,No,,Otras,"No, no hacen nada ","Sí, pero de forma insuficiente",Otras Cambiar itinerarios y rutas,0,0,0,1,1,"No sabe, no responde",0,0,0,1,Programas sociales para jóvenes,,Igual que el resto del país,Ni buena ni mala,Igual,Satisfecho/a,Mucho mejor,Suficiente,Suficiente,Moderada,Suficiente,Suficiente,No han cambiado,Se ha mantenido igual,Se ha mantenido igual,Totalmente en desacuerdo,Difícil,Centro médico particular,7,Injustos,Si,Privada o particular,,Muy buena,Muy buena,Regular,Muy injusta,Neutral,Totalmente en desacuerdo,,Si,Inseguro,Moderadamente,,Totalmente en desacuerdo,Conozco los sitios seguros de la ciudad Conozco las rutas de evacuación establecidas en la ciudad,0,1,0,0,0,0,0,0,1,0,0,0,Muy preocupado/a,No sabe/no responde,,Ni bien ni mal,Ni bien ni mal,Ni bien ni mal,0.0738241 -80.0523819 40.5 14.897,0.0738241,-80.0523819,40.5,14.897
Pedernales,Conglomerado 3,Femenino,81,5,3,1,2,1,2,1,Que haya más diálogo en los jóvenes,4,2,2,2,4,Muchas  desconfianza,,1,3,2,2,2,No conoce,Poco consciente,No ha cambiado,Medios tradicionales Falta de diálogo Redes sociales,1,0,1,0,1,0,0,"No, en absoluto",Neutral,"Sí, en ciertos casos",Reduce un poco mi confianza,Nunca,Nunca,Instagram Otras,0,0,1,0,0,0,0,1,No consumo,"Sí, frecuentemente",Nunca,No lo sé,No,Inseguro,Noche,Transporte público Parques Calles principales Zonas oscuras o alejadas,1,1,1,1,0,0,0,2,3,4,2,2,2,2,No,Consumo de drogas Falta de trabajo Corrupción La pobreza,1,0,1,1,0,1,0,Neutral,No,,Consideró que no serviría de nada,"Sí, de manera activa","Sí, de manera activa",Instalar cámaras o alarmas Evitar salir de noche Cambiar itinerarios y rutas,1,1,0,1,0,"No, pero hay interés",0,1,0,0,Más patrullas policiales,,Igual que el resto del país,Regular,Igual,Ni satisfecho/a ni insatisfecho/a,Mejor,Moderada,Limitada,Suficiente,Limitada,Suficiente,Han disminuido mucho,Se ha mantenido igual,Ha aumentado,Totalmente en desacuerdo,Difícil,Hospital,1,Injustos,No,,,,,,Injusta,Mucho,En desacuerdo,,No,,,Neutral,En desacuerdo,"Tengo un plan de emergencia para toda la familia Conozco las rutas de evacuación establecidas en la ciudad Cuento con un kit de emergencia con agua, alimentos, botiquín, abrigos, etc. He participado en simulacros de desastres naturales que se han realizado Estoy informado sobre los riesgos de desastres naturales en mi área",1,1,1,1,0,0,1,0,0,0,0,0,Moderadamente preocupado/a,Lentamente,,No sabe/no responde,Muy mal,Muy mal,0.0721891 -80.0411076 49.599998474121094 12.341,0.0721891,-80.0411076,49.59999847,12.341
Pedernales,Conglomerado 3,Femenino,57,1,2,3,5,2,1,1,Necesito derecho que se cumplan,2,3,2,1,2,A veces depende de la educación por qué más se enfocan en jóvenes,,1,5,2,3,3,Los partidos contrarios,Consciente,"Sí, ha cambiado significativamente",Redes sociales Líderes o partidos políticos Desigualdad económica Falta de respuesta a las demandas sociales Falta de diálogo,1,1,0,1,1,1,0,"Sí, en parte",Muy agresivo,"Sí, claramente",Neutral,Nunca,Algunas veces por semana,Facebook TikTok Telegram,1,0,0,1,0,0,1,0,Mayormente equilibrado,"Sí, frecuentemente","Sí, ocasionalmente","Sí, ocasionalmente",No,Inseguro,Mañana,Zonas oscuras o alejadas Transporte público Calles principales,0,1,1,1,0,0,0,1,1,1,1,1,1,1,Si,Falta de trabajo Falta de presencia policial Corrupción La pobreza Consumo de drogas,1,1,1,1,0,1,0,Neutral,No,,Desconfianza en las autoridades,"Sí, de manera activa","Sí, de manera activa",Evitar salir de noche,1,0,0,0,0,"No, pero hay interés",0,1,0,0,Programas sociales para jóvenes,,Mucho peor que el resto del país,Buena,Igual,Ni satisfecho/a ni insatisfecho/a,Igual,Limitada,Muy limitada,Muy suficiente,Suficiente,Muy limitada,Han disminuido mucho,Ha disminuido poco,Ha aumentado mucho,En desacuerdo,Difícil,Hospital,4,Justos,No,,,,,,Injusta,Algo,Ni de acuerdo ni en desacuerdo,,No,,,Difícil,En desacuerdo,Tengo un plan de emergencia para toda la familia Sé cómo contactar a las autoridades y/o instituciones en caso de desastre,1,0,0,0,0,1,0,0,0,0,0,0,Muy preocupado/a,Lentamente,,Muy mal,Bien,Muy mal,0.0610477 -80.0573083 110.9 4.033,0.0610477,-80.0573083,110.9,4.033
Pedernales,Conglomerado 3,Femenino,39,5,5,5,5,2,3,5,Muchos cambios  pero los cambios sería que haya diálogo con los jóvenes,5,1,4,5,2,Corrupción,,4,3,3,2,2,No vatamos concientemente,Poco consciente,No ha cambiado,Falta de respuesta a las demandas sociales Redes sociales Medios tradicionales Líderes o partidos políticos Desigualdad económica,1,1,1,1,0,1,0,No realmente,Neutral,No estoy seguro/a,Neutral,Nunca,Una vez al día,TikTok,0,0,0,1,0,0,0,0,No consumo,A veces,Rara vez,"No, pero me interesaría",No,Inseguro,Noche,Transporte público Calles principales Zonas oscuras o alejadas,0,1,1,1,0,0,0,5,4,4,4,5,5,5,No,Falta de trabajo La pobreza Falta de presencia policial Corrupción,1,1,0,1,0,1,0,Neutral,No,,Consideró que no serviría de nada,"No sabe, no responde","No sabe, no responde",Evitar salir de noche,1,0,0,0,0,"No sabe, no responde",0,0,0,1,Programas sociales para jóvenes,,Mucho peor que el resto del país,Ni buena ni mala,Igual,Ni satisfecho/a ni insatisfecho/a,Mejor,Extremadamente suficiente,Muy suficiente,Extremadamente suficiente,Muy suficiente,Suficiente,Han disminuido mucho,Ha aumentado poco,Ha aumentado mucho,En desacuerdo,Regular,Hospital,5,Injustos,Si,Público o fiscal,,Muy buena,Buena,Muy buena,Injusta,Neutral,En desacuerdo,,No,,,Difícil,En desacuerdo,"Cuento con un kit de emergencia con agua, alimentos, botiquín, abrigos, etc. Conozco las rutas de evacuación establecidas en la ciudad Tengo un plan de emergencia para toda la familia",1,1,1,0,0,0,0,0,0,0,0,0,Poco preocupado/a,Lentamente,,Ni bien ni mal,Bien,Ni bien ni mal,0.0616135 -80.0592379 40.29999923706055 10.74,0.0616135,-80.0592379,40.29999924,10.74
Pedernales,Conglomerado 3,Femenino,39,5,1,5,4,5,5,5,Que todo debemos los mismos derechos,5,5,1,2,3,Que no hay muchas oportunidades,,1,1,3,5,1,Mucho fraude,Poco consciente,Ha disminuido,Redes sociales Falta de diálogo Desigualdad económica,1,0,0,1,1,0,0,Neutral,Muy agresivo,"Sí, claramente",No afecta mi confianza,Nunca,Varias veces al día,Facebook TikTok YouTube,1,0,0,1,1,0,0,0,No consumo,No sé,"Sí, ocasionalmente","No, no me importa",No,Inseguro,Mañana,Transporte público Calles principales Zonas oscuras o alejadas,0,1,1,1,0,0,0,1,1,1,1,1,1,1,No,Falta de trabajo La pobreza Falta de presencia policial,1,1,0,0,0,1,0,Neutral,No,,Consideró que no serviría de nada,"No, no hacen nada ","No, no hacen nada ",Evitar salir de noche,1,0,0,0,0,"Sí, pero hay temor",0,0,1,0,Educación ciudadana,,Mucho peor que el resto del país,Regular,Igual,Ni satisfecho/a ni insatisfecho/a,Igual,Suficiente,Moderada,Muy suficiente,Suficiente,Suficiente,Han disminuido mucho,Ha disminuido mucho,Se ha mantenido igual,De acuerdo,Regular,Hospital,5,Injustos,Si,Público o fiscal,,Muy buena,Muy buena,Muy buena,Injusta,Poco,Totalmente en desacuerdo,,No,,,Difícil,En desacuerdo,"Cuento con un kit de emergencia con agua, alimentos, botiquín, abrigos, etc. Tengo un plan de emergencia para toda la familia",1,0,1,0,0,0,0,0,0,0,0,0,Moderadamente preocupado/a,No sabe/no responde,,Muy mal,No sabe/no responde,No sabe/no responde,0.0619984 -80.0593779 40.29999923706055 24.017,0.0619984,-80.0593779,40.29999924,24.017
Pedernales,Conglomerado 3,Femenino,21,5,5,5,3,1,5,5,Enfocarme más en las opiniones delos ciudadanos,5,3,4,4,4,Que todo hacen a su conveniencia,,5,1,1,4,4,Alta,Consciente,Ha disminuido,Redes sociales Desigualdad económica Líderes o partidos políticos Falta de respuesta a las demandas sociales,1,1,0,1,0,1,0,"Sí, totalmente",Poco agresivo,"Sí, en ciertos casos",Reduce un poco mi confianza,Nunca,Una vez al día,Facebook TikTok,1,0,0,1,0,0,0,0,No consumo,Rara vez,"Sí, ocasionalmente","Sí, activamente",No,Neutral,Noche,Zonas oscuras o alejadas Transporte público Calles principales,0,1,1,1,0,0,0,1,1,1,2,2,4,2,No,Falta de trabajo Corrupción La pobreza,1,0,0,1,0,1,0,Neutral,No,,Otras,"No sabe, no responde","No sabe, no responde",Evitar salir de noche,1,0,0,0,0,"No sabe, no responde",0,0,0,1,Programas sociales para jóvenes,,Ligeramente peor que el resto del país,Regular,Igual,Ni satisfecho/a ni insatisfecho/a,Igual,Extremadamente suficiente,Extremadamente suficiente,Extremadamente suficiente,Extremadamente suficiente,Extremadamente suficiente,Han aumentado mucho,Se ha mantenido igual,Se ha mantenido igual,Ni de acuerdo ni en desacuerdo,Regular,Hospital,5,No sabe/no responde,Si,Público o fiscal,,Muy buena,Muy mala,Muy mala,Injusta,Mucho,Ni de acuerdo ni en desacuerdo,,Si,Neutral,Nada,,En desacuerdo,Tengo un plan de emergencia para toda la familia Conozco los sitios seguros de la ciudad,1,0,0,0,0,0,0,0,1,0,0,0,Poco preocupado/a,No sabe/no responde,,Ni bien ni mal,Muy mal,Ni bien ni mal,0.0625952 -80.0601459 44.599998474121094 4.92,0.0625952,-80.0601459,44.59999847,4.92
Pedernales,Conglomerado 3,Femenino,40,5,4,4,4,1,5,5,Nuestro s derecho sean escuchado,5,5,5,5,4,Que nos escuchen,,5,1,1,5,1,Que hacemos lo que otros nos dicen,Neutral,No ha cambiado,Redes sociales Desigualdad económica Falta de diálogo Falta de respuesta a las demandas sociales Líderes o partidos políticos,1,1,0,1,1,1,0,Neutral,Muy agresivo,"Sí, en ciertos casos",Reduce mucho mi confianza,Siempre,Varias veces al día,Facebook TikTok Whatsapp Telegram,1,0,0,1,0,1,1,0,No consumo,A veces,"Sí, ocasionalmente","No, no me importa",No,Inseguro,Tarde,Transporte público Calles principales Zonas oscuras o alejadas,0,1,1,1,0,0,0,5,5,5,2,1,5,1,No,Falta de trabajo Consumo de drogas Corrupción Crimen organizado La pobreza,1,0,1,1,1,1,0,Neutral,No,,Otras,"Sí, pero de forma insuficiente","No sabe, no responde",Evitar salir de noche Instalar cámaras o alarmas Cambiar itinerarios y rutas,1,1,0,1,0,"No, pero hay interés Sí, pero hay temor No sabe, no responde",0,1,1,1,Liderazgo de las autoridades locales,,Mucho peor que el resto del país,Ni buena ni mala,Igual,Ni satisfecho/a ni insatisfecho/a,Igual,Muy suficiente,Suficiente,Extremadamente suficiente,Muy limitada,Extremadamente suficiente,No han cambiado,Ha aumentado mucho,Se ha mantenido igual,Ni de acuerdo ni en desacuerdo,Regular,Hospital,8,Injustos,Si,Público o fiscal,,Muy buena,Muy mala,Muy mala,Injusta,Mucho,En desacuerdo,,Si,Inseguro,Poco,,Totalmente en desacuerdo,"Tengo un plan de emergencia para toda la familia Conozco las rutas de evacuación establecidas en la ciudad Cuento con un kit de emergencia con agua, alimentos, botiquín, abrigos, etc. Estoy informado sobre los riesgos de desastres naturales en mi área Conozco los sitios seguros de la ciudad",1,1,1,0,0,0,1,0,1,0,0,0,Poco preocupado/a,Muy lentamente,,Bien,Bien,Bien,0.0637278 -80.0601511 44.599998474121094 4.157,0.0637278,-80.0601511,44.59999847,4.157
Pedernales,Conglomerado 3,Masculino,59,5,5,5,4,1,1,1,Haya más seguridad,5,5,5,5,4,La inseguridad,,5,1,2,1,1,Muchas corrupción,Poco consciente,No ha cambiado,Redes sociales Medios tradicionales Líderes o partidos políticos Falta de diálogo Desigualdad económica,1,1,1,1,1,0,0,No realmente,Poco agresivo,"Sí, en ciertos casos",Reduce un poco mi confianza,Siempre,Varias veces al día,Facebook TikTok Whatsapp Telegram,1,0,0,1,0,1,1,0,No consumo,A veces,Rara vez,"No, pero me interesaría",No,Inseguro,Noche,Transporte público Restaurantes y cafeterías Calles principales,0,1,1,0,0,1,0,5,1,5,1,1,1,1,No,Falta de trabajo Corrupción La pobreza,1,0,0,1,0,1,0,Neutral,No,,Otras,"No sabe, no responde","No sabe, no responde",Evitar salir de noche Instalar cámaras o alarmas,1,1,0,0,0,"No sabe, no responde",0,0,0,1,Mayor iluminación pública,,Mucho peor que el resto del país,Ni buena ni mala,Igual,Ni satisfecho/a ni insatisfecho/a,Igual,Extremadamente limitada,Extremadamente suficiente,Extremadamente limitada,Extremadamente limitada,Extremadamente suficiente,Han disminuido mucho,Se ha mantenido igual,Ha aumentado,Totalmente en desacuerdo,Difícil,Hospital,5,Injustos,Si,Público o fiscal,,Muy buena,Muy mala,Muy mala,Injusta,Neutral,En desacuerdo,,Si,Neutral,Nada,,En desacuerdo,Tengo un plan de emergencia para toda la familia He participado en simulacros de desastres naturales que se han realizado Estoy informado sobre los riesgos de desastres naturales en mi área,1,0,0,1,0,0,1,0,0,0,0,0,Poco preocupado/a,Lentamente,,No sabe/no responde,No sabe/no responde,No sabe/no responde,0.0637759 -80.0610991 17.9 3.814,0.0637759,-80.0610991,17.9,3.814
Pedernales,Conglomerado 3,Femenino,54,5,5,5,5,1,1,1,Todos los cambios,5,1,2,5,2,Inseguridad social,,5,1,5,5,5,Ya porquene nesecita esa papeleta,Poco consciente,No sé,Redes sociales Desigualdad económica Falta de diálogo Líderes o partidos políticos,1,1,0,1,1,0,0,"Sí, totalmente",Muy agresivo,"No, en absoluto",Reduce un poco mi confianza,Siempre,Rara vez,Facebook,1,0,0,0,0,0,0,0,No consumo,A veces,Rara vez,"No, no me importa",No,Neutral,Noche,Transporte público Zonas oscuras o alejadas Calles principales,0,1,1,1,0,0,0,1,2,4,1,2,1,3,No,Falta de trabajo Falta de presencia policial La pobreza,1,1,0,0,0,1,0,Neutral,No,,Otras,"No, no hacen nada ","No sabe, no responde",Evitar salir de noche Instalar cámaras o alarmas,1,1,0,0,0,"No sabe, no responde",0,0,0,1,Programas sociales para jóvenes,,Mucho peor que el resto del país,Ni buena ni mala,Igual,Ni satisfecho/a ni insatisfecho/a,Mucho peor,Moderada,Moderada,Moderada,Moderada,Moderada,Han disminuido mucho,Ha disminuido mucho,Ha aumentado mucho,En desacuerdo,Regular,Hospital,10,Injustos,Si,Público o fiscal,,Muy buena,Muy mala,Muy mala,Injusta,Neutral,Ni de acuerdo ni en desacuerdo,,Si,Seguro,Moderadamente,,En desacuerdo,Tengo un plan de emergencia para toda la familia Conozco las rutas de evacuación establecidas en la ciudad Tengo suficientes provisiones de medicamentos en caso de emergencia,1,1,0,0,0,0,0,0,0,1,0,0,Nada preocupado/a,Lentamente,,Muy bien,Bien,Bien,0.0626963 -80.0588952 40.29999923706055 4.8,0.0626963,-80.0588952,40.29999924,4.8
Pedernales,Conglomerado 1,Femenino,49,5,5,5,1,1,5,5,Que venga una persona Que su prioridad sea el país,5,5,3,2,5,Ubicación y disponibilidad de centros de votación,,5,5,5,5,2,Problemas en zonas rurales,Consciente,No ha cambiado,Redes sociales,1,0,0,0,0,0,0,"No, en absoluto",Muy agresivo,"Sí, claramente",No afecta mi confianza,Nunca,Varias veces al día,Facebook,1,0,0,0,0,0,0,0,Parcialmente sesgado,Rara vez,"Sí, muy seguido",No lo sé,Si,Muy inseguro,Madrugada,Parques Transporte público Calles principales Zonas oscuras o alejadas Centros comerciales Restaurantes y cafeterías Mercados de abastos,1,1,1,1,1,1,1,5,3,5,3,2,5,5,No,Falta de trabajo Falta de presencia policial Consumo de drogas Corrupción Crimen organizado La pobreza,1,1,1,1,1,1,0,Muy ineficaz,No,,Consideró que no serviría de nada,"No, no hacen nada ","No, no hacen nada ",Evitar salir de noche Instalar cámaras o alarmas Participar en grupos vecinales,1,1,1,0,0,"No, pero hay interés Sí, pero hay temor No sabe, no responde",0,1,1,1,Liderazgo de las autoridades locales,,Igual que el resto del país,Mala,Peor,Satisfecho/a,Igual,Extremadamente limitada,Extremadamente limitada,Extremadamente limitada,Muy limitada,Extremadamente limitada,No han cambiado,Ha aumentado poco,Ha disminuido mucho,Ni de acuerdo ni en desacuerdo,Difícil,Hospital,5,Justos,No,,,,,,Injusta,Neutral,En desacuerdo,,Si,Neutral,Nada,,Ni de acuerdo ni en desacuerdo,Conozco los números de emergencia Conozco los sitios seguros de la ciudad Conozco las rutas de evacuación establecidas en la ciudad,0,1,0,0,1,0,0,0,1,0,0,0,Extremadamente preocupado/a,Lentamente,,Ni bien ni mal,Ni bien ni mal,Ni bien ni mal,0.0781297 -80.0496364 31.5 27.92,0.0781297,-80.0496364,31.5,27.92
Pedernales,Conglomerado 1,Femenino,30,3,5,3,3,5,3,5,Trabajar para mejorar el país,5,3,3,5,3,Falta de recursos económicos ,,5,4,4,5,3,Zonas rurales ,Neutral,"Sí, ha cambiado un poco",Líderes o partidos políticos,0,1,0,0,0,0,0,"Sí, en parte",Muy agresivo,No estoy seguro/a,Neutral,Nunca,Varias veces al día,Facebook Instagram YouTube TikTok,1,0,1,1,1,0,0,0,Parcialmente sesgado,A veces,"Sí, ocasionalmente",No lo sé,Si,Muy inseguro,Noche,Parques Transporte público Calles principales Zonas oscuras o alejadas Centros comerciales Restaurantes y cafeterías Mercados de abastos,1,1,1,1,1,1,1,5,3,3,5,5,5,3,Prefiero no responder,Falta de trabajo Falta de presencia policial Consumo de drogas Corrupción Crimen organizado Otras La pobreza,1,1,1,1,1,1,1,Muy ineficaz,No,,Consideró que no serviría de nada,"Sí, pero de forma insuficiente","Sí, pero de forma insuficiente",Evitar salir de noche Cambiar itinerarios y rutas Otras,1,0,0,1,1,"No sabe, no responde",0,0,0,1,Programas sociales para jóvenes,,Mucho peor que el resto del país,Regular,Medianamente mejor,Ni satisfecho/a ni insatisfecho/a,Mucho mejor,Muy limitada,Muy limitada,Muy limitada,Limitada,Limitada,Han disminuido mucho,Ha disminuido mucho,Ha aumentado mucho,Totalmente en desacuerdo,Regular,Hospital,3,No sabe/no responde,Si,Público o fiscal,,Regular,Buena,Regular,No sabe/no responde,Neutral,Totalmente en desacuerdo,,No,,,Neutral,Ni de acuerdo ni en desacuerdo,Conozco las rutas de evacuación establecidas en la ciudad He participado en simulacros de desastres naturales que se han realizado Conozco los números de emergencia Conozco los sitios seguros de la ciudad,0,1,0,1,1,0,0,0,1,0,0,0,Muy preocupado/a,Muy rápidamente,,Ni bien ni mal,Ni bien ni mal,Ni bien ni mal,0.0776861 -80.0503014 40.599998474121094 4.988,0.0776861,-80.0503014,40.59999847,4.988
Pedernales,Conglomerado 1,Femenino,63,5,5,1,2,1,2,5,Que haya reforma judicial,5,2,3,2,2,Mala administración política,,5,5,5,5,2,Que nosotros como ciudadanos podamos votar sin presiones,Consciente,Ha disminuido,Falta de diálogo,0,0,0,0,1,0,0,"Sí, en parte",Muy agresivo,"Sí, en ciertos casos",Reduce un poco mi confianza,Rara vez,Nunca,Otras,0,0,0,0,0,0,0,1,No consumo,No sé,Nunca,No lo sé,No,Muy inseguro,Noche,Mercados de abastos Restaurantes y cafeterías Centros comerciales Zonas oscuras o alejadas Calles principales Transporte público Parques,1,1,1,1,1,1,1,2,2,2,2,2,2,2,No,Falta de presencia policial,0,1,0,0,0,0,0,Muy ineficaz,No,,Temor a represalias,"Sí, pero de forma insuficiente","Sí, pero de forma insuficiente",Evitar salir de noche Participar en grupos vecinales,1,0,1,0,0,"No, pero hay interés",0,1,0,0,Más patrullas policiales,,Igual que el resto del país,Mala,Peor,Insatisfecho/a,Mejor,Moderada,Moderada,Extremadamente limitada,Extremadamente limitada,Extremadamente limitada,Han disminuido mucho,Ha disminuido poco,Ha aumentado,En desacuerdo,Regular,Hospital,1,Injustos,Si,Público o fiscal,,Regular,Muy buena,Regular,No sabe/no responde,Mucho,En desacuerdo,,No,,,Neutral,Totalmente en desacuerdo,Conozco los números de emergencia,0,0,0,0,1,0,0,0,0,0,0,0,Extremadamente preocupado/a,Lentamente,,Ni bien ni mal,Ni bien ni mal,Ni bien ni mal,0.0810561 -80.0498572 30.900001525878906 4.458,0.0810561,-80.0498572,30.90000153,4.458
Pedernales,Conglomerado 1,Femenino,42,5,5,3,3,3,3,2,Realizar charla en lugares públicos respecto a la democracia,2,2,2,3,2,Falta de valores,,2,3,2,2,2,La desigualdades de género,Poco consciente,No ha cambiado,Redes sociales,1,0,0,0,0,0,0,No realmente,Poco agresivo,"Sí, en ciertos casos",No afecta mi confianza,Siempre,Varias veces al día,Facebook Instagram TikTok YouTube Whatsapp,1,0,1,1,1,1,0,0,No consumo,No sé,Rara vez,No lo sé,Si,Muy inseguro,Tarde,Parques Transporte público Calles principales Zonas oscuras o alejadas Mercados de abastos Restaurantes y cafeterías Centros comerciales,1,1,1,1,1,1,1,5,2,5,4,1,5,2,Prefiero no responder,Falta de trabajo Falta de presencia policial Consumo de drogas Corrupción Crimen organizado,1,1,1,1,1,0,0,Muy ineficaz,No,,Temor a represalias,"Sí, pero de forma insuficiente","Sí, pero de forma insuficiente",Evitar salir de noche Instalar cámaras o alarmas Cambiar itinerarios y rutas,1,1,0,1,0,"Sí, pero hay temor",0,0,1,0,Programas sociales para jóvenes,,Ligeramente mejor que el resto del país,Buena,Igual,Satisfecho/a,Mucho mejor,Muy suficiente,Muy suficiente,Muy suficiente,Muy limitada,Muy limitada,Han disminuido mucho,Ha disminuido poco,Ha aumentado,Ni de acuerdo ni en desacuerdo,Regular,Hospital,3,Injustos,Si,Fiscomisional,,Buena,Muy buena,Buena,Injusta,Neutral,De acuerdo,,Si,Neutral,Nada,,En desacuerdo,Conozco los números de emergencia Conozco las rutas de evacuación establecidas en la ciudad He participado en simulacros de desastres naturales que se han realizado,0,1,0,1,1,0,0,0,0,0,0,0,Extremadamente preocupado/a,Con el tiempo necesario,,No sabe/no responde,No sabe/no responde,No sabe/no responde,0.0802194 -80.0504757 34.20000076293945 4.904,0.0802194,-80.0504757,34.20000076,4.904
Pedernales,Conglomerado 1,Masculino,30,5,5,5,3,4,4,5,Que haya lucha contra la corrupción ,5,5,4,4,4,Que existan manipulación electoral ,,5,5,4,4,4,Que los resultados sean verdaderamente ,Nada consciente,No ha cambiado,Redes sociales Líderes o partidos políticos Falta de diálogo,1,1,0,0,1,0,0,"Sí, en parte",Muy agresivo,No realmente,Neutral,Frecuentemente,Varias veces al día,Facebook TikTok YouTube Whatsapp,1,0,0,1,1,1,0,0,Mayormente equilibrado,No sé,Rara vez,"No, no me importa",Si,Inseguro,Noche,Zonas oscuras o alejadas,0,0,0,1,0,0,0,5,1,1,2,5,1,1,No,Falta de trabajo,1,0,0,0,0,0,0,Muy ineficaz,No,,Temor a represalias,"No, no hacen nada ","No, no hacen nada ",Evitar salir de noche,1,0,0,0,0,"Sí, hay grupos de vigilancia Sí, pero hay temor",1,0,1,0,Mayor iluminación pública,,Mucho peor que el resto del país,Buena,Mejor,Ni satisfecho/a ni insatisfecho/a,Mucho mejor,Extremadamente suficiente,Extremadamente suficiente,Extremadamente suficiente,Extremadamente suficiente,Extremadamente suficiente,Han disminuido mucho,Ha disminuido mucho,Ha aumentado,En desacuerdo,Regular,Hospital,5,Injustos,Si,Fiscomisional,,Buena,Muy buena,Muy buena,No sabe/no responde,Algo,En desacuerdo,,Si,Neutral,Nada,,Ni de acuerdo ni en desacuerdo,Estoy informado sobre los riesgos de desastres naturales en mi área Conozco los sitios seguros de la ciudad Conozco los números de emergencia He participado en simulacros de desastres naturales que se han realizado,0,0,0,1,1,0,1,0,1,0,0,0,Extremadamente preocupado/a,No sabe/no responde,,Muy mal,Muy mal,Muy mal,0.0805421 -80.050327 34.20000076293945 3.822,0.0805421,-80.050327,34.20000076,3.822
Pedernales,Conglomerado 1,Masculino,28,5,5,5,5,5,4,4,Crear un ambiente donde haya paz y nosotros como ciudadanos podamos vivir sin miedo ,5,5,4,5,3,Promesas incumplidas ,,5,4,4,4,4,Que el sentimiento del boto no cambia nada en nuestro país ,Poco consciente,No ha cambiado,Redes sociales Falta de diálogo Líderes o partidos políticos Medios tradicionales,1,1,1,0,1,0,0,"No, en absoluto",Muy agresivo,"No, en absoluto",Neutral,Rara vez,Varias veces al día,Facebook TikTok YouTube Whatsapp,1,0,0,1,1,1,0,0,No consumo,Rara vez,Rara vez,"No, pero me interesaría",Si,Neutral,Tarde,Parques Transporte público Calles principales Zonas oscuras o alejadas Centros comerciales Restaurantes y cafeterías,1,1,1,1,1,1,0,5,5,5,4,4,4,4,No,Falta de trabajo Falta de presencia policial Consumo de drogas Corrupción Crimen organizado,1,1,1,1,1,0,0,Ineficaz,No,,Temor a represalias,"No, no hacen nada ","Sí, pero de forma insuficiente",Evitar salir de noche Cambiar itinerarios y rutas,1,0,0,1,0,"Sí, pero hay temor",0,0,1,0,Programas sociales para jóvenes,,Ligeramente peor que el resto del país,Buena,Medianamente mejor,Ni satisfecho/a ni insatisfecho/a,Mucho mejor,Extremadamente suficiente,Extremadamente suficiente,Extremadamente suficiente,Extremadamente suficiente,Extremadamente suficiente,Han disminuido mucho,Ha disminuido poco,Se ha mantenido igual,Totalmente en desacuerdo,Muy difícil,Hospital,4,Injustos,Si,Fiscomisional,,Muy buena,Buena,Buena,Justa,Algo,En desacuerdo,,Si,Neutral,Poco,,Ni de acuerdo ni en desacuerdo,Conozco las rutas de evacuación establecidas en la ciudad He participado en simulacros de desastres naturales que se han realizado Conozco los números de emergencia Conozco los sitios seguros de la ciudad Cuento con un fondo económico de emergencia,0,1,0,1,1,0,0,0,1,0,0,1,Muy preocupado/a,Lentamente,,Muy mal,Muy mal,Muy mal,0.0808343 -80.0506063 32.29999923706055 4.865,0.0808343,-80.0506063,32.29999924,4.865
Pedernales,Conglomerado 1,Femenino,59,5,5,4,4,5,4,4,E,4,4,4,4,4,E,,4,4,4,4,4,E,Neutral,"Sí, ha cambiado un poco",Redes sociales Líderes o partidos políticos Falta de diálogo Falta de respuesta a las demandas sociales,1,1,0,0,1,1,0,No realmente,Poco agresivo,No estoy seguro/a,Neutral,Frecuentemente,Varias veces al día,Facebook Instagram TikTok,1,0,1,1,0,0,0,0,Mayormente equilibrado,A veces,"Sí, ocasionalmente",No lo sé,No,Inseguro,Noche,Calles principales Zonas oscuras o alejadas Parques Transporte público Restaurantes y cafeterías Centros comerciales,1,1,1,1,1,1,0,4,3,3,4,4,4,3,No,Falta de trabajo Falta de presencia policial Consumo de drogas Corrupción Crimen organizado La pobreza,1,1,1,1,1,1,0,Neutral,No,,Temor a represalias,"Sí, de manera activa","Sí, de manera activa",Evitar salir de noche,1,0,0,0,0,"No, pero hay interés Sí, pero hay temor No sabe, no responde",0,1,1,1,Liderazgo de las autoridades locales,,Mucho peor que el resto del país,Ni buena ni mala,Igual,Ni satisfecho/a ni insatisfecho/a,Igual,Suficiente,Suficiente,Suficiente,Suficiente,Suficiente,No han cambiado,Se ha mantenido igual,Se ha mantenido igual,Ni de acuerdo ni en desacuerdo,Regular,Hospital,7,Justos,Si,Público o fiscal,,Regular,Regular,Regular,Injusta,Neutral,Ni de acuerdo ni en desacuerdo,,No,,,Neutral,Ni de acuerdo ni en desacuerdo,Conozco los números de emergencia,0,0,0,0,1,0,0,0,0,0,0,0,Poco preocupado/a,Con el tiempo necesario,,Ni bien ni mal,Bien,Ni bien ni mal,0.0776852 -80.0493789 33.29999923706055 4.337,0.0776852,-80.0493789,33.29999924,4.337
Pedernales,Conglomerado 1,Femenino,42,5,5,5,5,4,4,3,Oportunidad de empleo ,5,4,4,3,5,Promesas incumplidas ,,5,5,5,5,4,La falta de confianza ,Neutral,No sé,Redes sociales Líderes o partidos políticos Falta de diálogo,1,1,0,0,1,0,0,No realmente,Muy agresivo,No realmente,No afecta mi confianza,Nunca,Varias veces al día,Facebook YouTube Whatsapp,1,0,0,0,1,1,0,0,No consumo,No sé,No estoy seguro/a,No lo sé,No,Muy inseguro,Noche,Parques Calles principales Transporte público Centros comerciales,1,1,1,0,1,0,0,5,1,3,3,2,4,1,No,Falta de trabajo Falta de presencia policial Consumo de drogas Corrupción Crimen organizado Otras,1,1,1,1,1,0,1,Ineficaz,No,,Consideró que no serviría de nada,"No, no hacen nada ","Sí, pero de forma insuficiente",Evitar salir de noche,1,0,0,0,0,"No sabe, no responde",0,0,0,1,Liderazgo de las autoridades locales,,Ligeramente mejor que el resto del país,Buena,Medianamente mejor,Satisfecho/a,Mucho mejor,Extremadamente suficiente,Extremadamente suficiente,Extremadamente suficiente,Suficiente,Extremadamente suficiente,Han disminuido mucho,Ha disminuido mucho,Ha disminuido,Totalmente en desacuerdo,Muy difícil,Hospital,1,Injustos,Si,Fiscomisional,,Regular,Buena,Regular,Injusta,Nada,En desacuerdo,,Si,Neutral,Nada,,En desacuerdo,Conozco los números de emergencia,0,0,0,0,1,0,0,0,0,0,0,0,Muy preocupado/a,Lentamente,,No sabe/no responde,No sabe/no responde,No sabe/no responde,0.0776291 -80.0492764 33.20000076293945 4.973,0.0776291,-80.0492764,33.20000076,4.973
Pedernales,Conglomerado 1,Masculino,66,5,5,5,5,3,4,5,Que haya más empleo ,5,5,5,5,5,Que haya corrupción ,,3,4,5,5,5,Las falla al momento del conteo de votos,Nada consciente,No sé,Redes sociales Líderes o partidos políticos Desigualdad económica Otras,1,1,0,1,0,0,1,"No, en absoluto",Muy agresivo,"Sí, en ciertos casos",No afecta mi confianza,Nunca,Nunca,Otras,0,0,0,0,0,0,0,1,No consumo,No sé,Nunca,No lo sé,No,Muy inseguro,Noche,Parques Transporte público Calles principales Zonas oscuras o alejadas,1,1,1,1,0,0,0,5,2,5,2,2,5,2,No,Falta de trabajo Falta de presencia policial Consumo de drogas Corrupción,1,1,1,1,0,0,0,Muy ineficaz,No,,Consideró que no serviría de nada,"No, no hacen nada ","Sí, de manera activa",Evitar salir de noche,1,0,0,0,0,"No sabe, no responde",0,0,0,1,Más patrullas policiales,,Ligeramente mejor que el resto del país,Muy buena,Peor,Satisfecho/a,Mucho mejor,Extremadamente suficiente,Extremadamente suficiente,Extremadamente suficiente,Extremadamente limitada,Extremadamente limitada,Han disminuido mucho,Ha disminuido mucho,Ha disminuido,Ni de acuerdo ni en desacuerdo,Regular,Hospital,2,Injustos,No,,,,,,Injusta,Neutral,Ni de acuerdo ni en desacuerdo,,No,,,Neutral,Ni de acuerdo ni en desacuerdo,Conozco los números de emergencia,0,0,0,0,1,0,0,0,0,0,0,0,Muy preocupado/a,Muy lentamente,,No sabe/no responde,No sabe/no responde,No sabe/no responde,0.0780309 -80.0539094 30.900001525878906 4.938,0.0780309,-80.0539094,30.90000153,4.938
Pedernales,Conglomerado 1,Masculino,51,5,5,5,5,5,5,4,Que inviertan en programas educativos ,5,4,5,5,4,Como la brecha digitales ,,5,4,5,4,4,Dinero sucio en campañas ,Nada consciente,No ha cambiado,Redes sociales Falta de diálogo,1,0,0,0,1,0,0,Neutral,Muy agresivo,"No, en absoluto",No afecta mi confianza,Nunca,Nunca,Otras,0,0,0,0,0,0,0,1,No consumo,No sé,Nunca,No lo sé,No,Neutral,Madrugada,Parques Transporte público Calles principales Zonas oscuras o alejadas,1,1,1,1,0,0,0,1,1,3,1,1,1,1,No,Falta de presencia policial Consumo de drogas Corrupción,0,1,1,1,0,0,0,Muy ineficaz,No,,Otras,"No, no hacen nada ","No, no hacen nada ",Evitar salir de noche Instalar cámaras o alarmas,1,1,0,0,0,"No sabe, no responde",0,0,0,1,Más patrullas policiales,,Ligeramente peor que el resto del país,Ni buena ni mala,Medianamente mejor,Satisfecho/a,Mejor,Extremadamente suficiente,Extremadamente suficiente,Extremadamente suficiente,Extremadamente limitada,Extremadamente limitada,Han disminuido mucho,Ha disminuido mucho,Ha aumentado mucho,En desacuerdo,Regular,Hospital,3,Injustos,No,,,,,,Injusta,Neutral,Ni de acuerdo ni en desacuerdo,,Si,Neutral,Nada,,Totalmente en desacuerdo,Conozco los números de emergencia,0,0,0,0,1,0,0,0,0,0,0,0,Muy preocupado/a,Muy lentamente,,No sabe/no responde,No sabe/no responde,No sabe/no responde,0.079918 -80.0532765 33.599998474121094 4.344,0.079918,-80.0532765,33.59999847,4.344
Pedernales,Conglomerado 1,Femenino,51,5,5,5,5,5,5,4,Que den oportunidad de empleo ,5,5,4,4,4,Falta de información ,,5,5,5,4,4,Promesas electorales falsas ,Poco consciente,No ha cambiado,Redes sociales Falta de diálogo,1,0,0,0,1,0,0,"No, en absoluto",Muy agresivo,"No, en absoluto",No afecta mi confianza,Rara vez,Varias veces al día,Facebook TikTok Whatsapp,1,0,0,1,0,1,0,0,Mayormente equilibrado,A veces,Rara vez,No lo sé,No,Neutral,Noche,Parques Transporte público Calles principales Zonas oscuras o alejadas Centros comerciales Restaurantes y cafeterías Mercados de abastos,1,1,1,1,1,1,1,1,1,5,1,1,3,1,No,Falta de trabajo Falta de presencia policial Consumo de drogas Corrupción Crimen organizado La pobreza Otras,1,1,1,1,1,1,1,Neutral,No,,Desconfianza en las autoridades,"No, no hacen nada ","Sí, de manera activa",Evitar salir de noche,1,0,0,0,0,"No sabe, no responde",0,0,0,1,Programas sociales para jóvenes,,Mucho mejor que el resto del país,Regular,No sabe/no contesta,Ni satisfecho/a ni insatisfecho/a,Mejor,Extremadamente suficiente,Extremadamente suficiente,Extremadamente suficiente,Muy limitada,Extremadamente suficiente,No han cambiado,Se ha mantenido igual,Se ha mantenido igual,Ni de acuerdo ni en desacuerdo,Regular,Hospital,1,Muy injustos,Si,Fiscomisional,,Buena,Muy buena,Buena,Justa,Neutral,Ni de acuerdo ni en desacuerdo,,Si,Neutral,Nada,,En desacuerdo,Conozco los números de emergencia Conozco los sitios seguros de la ciudad Cuento con un fondo económico de emergencia,0,0,0,0,1,0,0,0,1,0,0,1,Muy preocupado/a,Rápidamente,,No sabe/no responde,No sabe/no responde,No sabe/no responde,0.0807683 -80.0518416 34.89999771118164 4.125,0.0807683,-80.0518416,34.89999771,4.125
Pedernales,Conglomerado 1,Femenino,25,5,5,5,4,4,4,3,Cambiar de presidente,5,5,3,5,3,"No entiendo la pregunta, debe ser más clara",,5,4,4,4,5,Sicariato,Nada consciente,No ha cambiado,Redes sociales Falta de diálogo,1,0,0,0,1,0,0,"No, en absoluto",Muy agresivo,No realmente,No afecta mi confianza,Nunca,Varias veces al día,Facebook Twitter/X TikTok Instagram YouTube Whatsapp Telegram,1,1,1,1,1,1,1,0,No consumo,No sé,No estoy seguro/a,No lo sé,No,Muy inseguro,Noche,Parques Transporte público Calles principales Zonas oscuras o alejadas Centros comerciales Restaurantes y cafeterías Mercados de abastos,1,1,1,1,1,1,1,5,1,4,1,1,1,1,No,Falta de trabajo Falta de presencia policial Consumo de drogas Corrupción Crimen organizado,1,1,1,1,1,0,0,Muy ineficaz,No,,Consideró que no serviría de nada,"No, no hacen nada ","Sí, de manera activa",Cambiar itinerarios y rutas,0,0,0,1,0,"No sabe, no responde",0,0,0,1,Programas sociales para jóvenes,,Ligeramente mejor que el resto del país,Ni buena ni mala,No sabe/no contesta,Satisfecho/a,Mejor,Extremadamente suficiente,Extremadamente suficiente,Extremadamente suficiente,Extremadamente limitada,Extremadamente limitada,Han disminuido mucho,Ha disminuido mucho,Se ha mantenido igual,Ni de acuerdo ni en desacuerdo,Regular,Centro médico particular,8,Injustos,No,,,,,,Injusta,Nada,Ni de acuerdo ni en desacuerdo,,No,,,Muy difícil,Ni de acuerdo ni en desacuerdo,Conozco las rutas de evacuación establecidas en la ciudad Conozco los números de emergencia Sé cómo contactar a las autoridades y/o instituciones en caso de desastre Conozco los sitios seguros de la ciudad,0,1,0,0,1,1,0,0,1,0,0,0,Muy preocupado/a,Con el tiempo necesario,,No sabe/no responde,No sabe/no responde,No sabe/no responde,0.0798148 -80.051903 37.89999771118164 4.935,0.0798148,-80.051903,37.89999771,4.935
Pedernales,Conglomerado 1,Femenino,40,5,5,4,4,4,4,3,Que nos garanticen la seguridad y empleo ,5,5,5,5,4,Falta de información ,,4,4,4,4,4,Duda sobre el conteo de votos ,Poco consciente,No ha cambiado,Redes sociales,1,0,0,0,0,0,0,No realmente,Muy agresivo,"No, en absoluto",No afecta mi confianza,Nunca,Varias veces al día,Facebook Whatsapp TikTok,1,0,0,1,0,1,0,0,No consumo,Rara vez,Rara vez,No lo sé,No,Inseguro,Madrugada,Parques Transporte público Calles principales Zonas oscuras o alejadas Centros comerciales Mercados de abastos Restaurantes y cafeterías,1,1,1,1,1,1,1,5,1,2,1,1,1,1,No,Falta de presencia policial Crimen organizado Consumo de drogas,0,1,1,0,1,0,0,Ineficaz,No,,Otras,"No, no hacen nada ","Sí, de manera activa",Evitar salir de noche,1,0,0,0,0,"No sabe, no responde",0,0,0,1,Programas sociales para jóvenes,,Mucho peor que el resto del país,Buena,No sabe/no contesta,Satisfecho/a,Mejor,Extremadamente suficiente,Extremadamente suficiente,Extremadamente suficiente,Extremadamente limitada,Suficiente,No han cambiado,Se ha mantenido igual,Se ha mantenido igual,Ni de acuerdo ni en desacuerdo,Regular,Hospital,1,Injustos,Si,Fiscomisional,,Buena,Buena,Buena,Injusta,Neutral,Ni de acuerdo ni en desacuerdo,,Si,Neutral,Nada,,Totalmente en desacuerdo,Conozco las rutas de evacuación establecidas en la ciudad Conozco los números de emergencia Conozco los sitios seguros de la ciudad,0,1,0,0,1,0,0,0,1,0,0,0,Extremadamente preocupado/a,Lentamente,,Muy mal,Muy mal,Muy mal,0.0816392 -80.0528085 27.400001525878906 4.714,0.0816392,-80.0528085,27.40000153,4.714
Pedernales,Conglomerado 1,Masculino,30,5,3,3,2,2,1,4,Hacer campaña de valores y equidad,2,2,2,2,1,Mala política dentro los partido políticos,,5,2,1,5,5,Comienzo de conflictos,Consciente,"Sí, ha cambiado significativamente",Falta de diálogo,0,0,0,0,1,0,0,"Sí, totalmente",Muy agresivo,No estoy seguro/a,Reduce un poco mi confianza,Siempre,Una vez al día,Facebook,1,0,0,0,0,0,0,0,No consumo,No sé,Nunca,No lo sé,No,Muy inseguro,Noche,Zonas oscuras o alejadas,0,0,0,1,0,0,0,3,2,2,1,2,2,3,No,Falta de trabajo,1,0,0,0,0,0,0,Ineficaz,No,,Desconfianza en las autoridades,"Sí, pero de forma insuficiente","Sí, de manera activa",Evitar salir de noche,1,0,0,0,0,"Sí, hay grupos de vigilancia",1,0,0,0,Más patrullas policiales,,Mucho peor que el resto del país,Mala,Peor,Insatisfecho/a,Mucho peor,Extremadamente suficiente,Muy limitada,Muy limitada,Extremadamente limitada,Extremadamente limitada,Han disminuido poco,Ha disminuido poco,Ha aumentado mucho,Totalmente en desacuerdo,Regular,Hospital,2,Justos,No,,,,,,Injusta,Neutral,Totalmente en desacuerdo,,Si,Neutral,Poco,,En desacuerdo,"Tengo un plan de emergencia para toda la familia Conozco los números de emergencia Cuento con un kit de emergencia con agua, alimentos, botiquín, abrigos, etc. Tengo los documentos importantes protegidos y resguardados",1,0,1,0,1,0,0,1,0,0,0,0,Nada preocupado/a,Lentamente,,Bien,Muy bien,Muy bien,0.0798008 -80.0509569 32.5 4.614,0.0798008,-80.0509569,32.5,4.614
Pedernales,Conglomerado 1,Femenino,34,5,5,5,4,4,5,5,Garantizar el acceso libre y transparente a la información pública,5,5,4,3,2,La sensación de que nada cambia y todo sigue igual ,,5,5,5,5,3,La compra de votos ,Nada consciente,No sé,Redes sociales,1,0,0,0,0,0,0,No realmente,Muy agresivo,No realmente,No afecta mi confianza,Nunca,Varias veces al día,Facebook Whatsapp,1,0,0,0,0,1,0,0,Mayormente equilibrado,Rara vez,Nunca,No lo sé,No,Inseguro,Tarde,Parques Transporte público Calles principales Zonas oscuras o alejadas Centros comerciales Restaurantes y cafeterías Mercados de abastos,1,1,1,1,1,1,1,5,5,2,1,5,1,1,No,Falta de trabajo Otras,1,0,0,0,0,0,1,Ineficaz,No,,Consideró que no serviría de nada,"No, no hacen nada ","Sí, de manera activa",Evitar salir de noche Instalar cámaras o alarmas Cambiar itinerarios y rutas Otras,1,1,0,1,1,"No sabe, no responde",0,0,0,1,Mayor iluminación pública,,Ligeramente mejor que el resto del país,Ni buena ni mala,Igual,Ni satisfecho/a ni insatisfecho/a,Mejor,Extremadamente suficiente,Suficiente,Extremadamente suficiente,Extremadamente limitada,Muy suficiente,No han cambiado,Se ha mantenido igual,Se ha mantenido igual,En desacuerdo,Regular,Hospital,7,Justos,Si,Fiscomisional,,Regular,Buena,Regular,Injusta,Poco,Ni de acuerdo ni en desacuerdo,,No,,,Muy difícil,En desacuerdo,Conozco los números de emergencia,0,0,0,0,1,0,0,0,0,0,0,0,Muy preocupado/a,Lentamente,,Muy mal,Muy mal,Muy mal,0.0790602 -80.0508104 52.54486083984375 4.791,0.0790602,-80.0508104,52.54486084,4.791
Pedernales,Conglomerado 2,Femenino,40,4,4,5,4,4,5,4,Mejor participación en los cantones,4,5,4,4,5,Dificultad de movilización,,4,4,5,5,4,La diferencia de opiniones,Muy consciente,"Sí, ha cambiado significativamente",Falta de diálogo Falta de respuesta a las demandas sociales Otras,0,0,0,0,1,1,1,"Sí, en parte",Poco agresivo,"Sí, en ciertos casos",Reduce un poco mi confianza,Frecuentemente,Varias veces al día,Facebook Instagram TikTok YouTube Whatsapp,1,0,1,1,1,1,0,0,Mayormente equilibrado,"Sí, frecuentemente",No estoy seguro/a,"No, pero me interesaría",Si,Seguro,Madrugada,Transporte público Zonas oscuras o alejadas,0,1,0,1,0,0,0,2,1,2,2,1,1,2,Prefiero no responder,Corrupción La pobreza,0,0,0,1,0,1,0,Neutral,No,,Desconfianza en las autoridades,"Sí, pero de forma insuficiente","Sí, pero de forma insuficiente",Cambiar itinerarios y rutas Evitar salir de noche Instalar cámaras o alarmas Participar en grupos vecinales,1,1,1,1,0,"No, pero hay interés",0,1,0,0,Mayor iluminación pública,,Ligeramente mejor que el resto del país,Buena,Igual,Satisfecho/a,Mejor,Muy suficiente,Extremadamente suficiente,Extremadamente suficiente,Suficiente,Extremadamente suficiente,Han disminuido poco,Se ha mantenido igual,Ha disminuido mucho,Ni de acuerdo ni en desacuerdo,Difícil,Centro de salud de la parroquia,6,Injustos,Si,Público o fiscal,,Buena,Muy buena,Muy buena,Injusta,Poco,Totalmente de acuerdo,,Si,Seguro,Moderadamente,,Ni de acuerdo ni en desacuerdo,"Tengo un plan de emergencia para toda la familia Cuento con un kit de emergencia con agua, alimentos, botiquín, abrigos, etc. He participado en simulacros de desastres naturales que se han realizado Conozco los sitios seguros de la ciudad Mi vivienda está preparada para resistir los embates de un desastre Cuento con un fondo económico de emergencia",1,0,1,1,0,0,0,0,1,0,1,1,Muy preocupado/a,Muy lentamente,,Muy bien,Muy bien,Muy bien,0.0765136 -80.0360794 48.5 55.743,0.0765136,-80.0360794,48.5,55.743
Pedernales,Conglomerado 2,Masculino,38,4,5,4,5,4,4,5,Que haya personas más justas y dedicadas,4,5,4,4,5,La inseguridad,,5,4,5,5,4,Falta de información de los candidatos,Muy consciente,"Sí, ha cambiado un poco",Redes sociales Medios tradicionales Falta de diálogo Falta de respuesta a las demandas sociales,1,0,1,0,1,1,0,Neutral,Muy agresivo,"Sí, claramente",Reduce un poco mi confianza,Siempre,Una vez al día,Facebook TikTok Whatsapp,1,0,0,1,0,1,0,0,Parcialmente sesgado,"Sí, frecuentemente",No estoy seguro/a,"No, pero me interesaría",No,Neutral,Noche,Parques Zonas oscuras o alejadas,1,0,0,1,0,0,0,2,1,1,2,1,2,1,No,La pobreza Falta de trabajo Falta de presencia policial,1,1,0,0,0,1,0,Muy ineficaz,No,,Consideró que no serviría de nada,"No sabe, no responde","No, no hacen nada ",Evitar salir de noche Otras Cambiar itinerarios y rutas,1,0,0,1,1,"No sabe, no responde",0,0,0,1,Liderazgo de las autoridades locales,,Ligeramente mejor que el resto del país,Buena,Igual,Satisfecho/a,Mejor,Muy suficiente,Extremadamente suficiente,Extremadamente suficiente,Moderada,Extremadamente suficiente,Han aumentado poco,Se ha mantenido igual,Se ha mantenido igual,Totalmente de acuerdo,Muy difícil,Centro de salud de la parroquia,3,Injustos,Si,Público o fiscal,,Regular,Buena,Muy buena,Injusta,Neutral,Ni de acuerdo ni en desacuerdo,,Si,Seguro,Mucho,,De acuerdo,Tengo un plan de emergencia para toda la familia He participado en simulacros de desastres naturales que se han realizado Conozco los números de emergencia Estoy informado sobre los riesgos de desastres naturales en mi área Tengo suficientes provisiones de medicamentos en caso de emergencia,1,0,0,1,1,0,1,0,0,1,0,0,Moderadamente preocupado/a,Rápidamente,,Ni bien ni mal,Muy mal,Muy mal,0.0755346 -80.0363462 47.099998474121094 23.486,0.0755346,-80.0363462,47.09999847,23.486
Pedernales,Conglomerado 2,Femenino,45,4,3,4,3,4,4,5,Mantener informada a la ciudadanía,5,4,4,5,3,El cambio de punto de votación de las personas,,4,4,3,5,3,La corrupción,Muy consciente,No sé,Redes sociales,1,0,0,0,0,0,0,"Sí, en parte",Muy agresivo,"Sí, en ciertos casos",Neutral,Frecuentemente,Varias veces al día,TikTok Whatsapp Facebook,1,0,0,1,0,1,0,0,Parcialmente sesgado,"Sí, frecuentemente",Rara vez,"Sí, ocasionalmente",Si,Neutral,Madrugada,Zonas oscuras o alejadas Calles principales Parques,1,0,1,1,0,0,0,2,1,1,2,2,1,2,No,Falta de trabajo,1,0,0,0,0,0,0,Ineficaz,No,,Desconfianza en las autoridades,"Sí, pero de forma insuficiente","Sí, pero de forma insuficiente",Evitar salir de noche Cambiar itinerarios y rutas,1,0,0,1,0,"No, pero hay interés",0,1,0,0,Mayor iluminación pública,,Ligeramente mejor que el resto del país,Regular,Igual,Insatisfecho/a,Igual,Moderada,Moderada,Moderada,Limitada,Moderada,Han disminuido poco,Se ha mantenido igual,Se ha mantenido igual,Ni de acuerdo ni en desacuerdo,Regular,Centro de salud de la parroquia,8,Justos,Si,Público o fiscal,,Buena,Buena,Buena,Justa,Neutral,Ni de acuerdo ni en desacuerdo,,Si,Neutral,Poco,,De acuerdo,Tengo un plan de emergencia para toda la familia Conozco los números de emergencia,1,0,0,0,1,0,0,0,0,0,0,0,Muy preocupado/a,Lentamente,,Ni bien ni mal,Muy mal,Ni bien ni mal,0.0787884 -80.036719 44.29999923706055 31.013,0.0787884,-80.036719,44.29999924,31.013
Pedernales,Conglomerado 2,Masculino,51,4,4,5,4,4,4,4,Distribuir mejor el ingreso,5,4,4,4,3,Las propuestas de los candidatos,,5,4,2,5,4,La i seguridad en los lugares de votación,Consciente,No ha cambiado,Líderes o partidos políticos Medios tradicionales,0,1,1,0,0,0,0,Neutral,Poco agresivo,"Sí, en ciertos casos",Reduce mucho mi confianza,Frecuentemente,Varias veces al día,Facebook Instagram Twitter/X TikTok,1,1,1,1,0,0,0,0,Mayormente equilibrado,A veces,"Sí, ocasionalmente","No, no me importa",No,Seguro,Madrugada,Zonas oscuras o alejadas Calles principales,0,0,1,1,0,0,0,2,1,2,1,1,1,2,No,Falta de trabajo Falta de presencia policial,1,1,0,0,0,0,0,Neutral,No,,Consideró que no serviría de nada,"Sí, de manera activa","Sí, de manera activa",Instalar cámaras o alarmas Cambiar itinerarios y rutas,0,1,0,1,0,"No, pero hay interés",0,1,0,0,Mayor iluminación pública,,Igual que el resto del país,Buena,Peor,Ni satisfecho/a ni insatisfecho/a,Mejor,Suficiente,Suficiente,Suficiente,Suficiente,Suficiente,No han cambiado,Se ha mantenido igual,Ha aumentado,Ni de acuerdo ni en desacuerdo,Difícil,Centro de salud de la parroquia,7,Injustos,Si,Público o fiscal,,Buena,Muy buena,Muy buena,Injusta,Neutral,Ni de acuerdo ni en desacuerdo,,Si,Seguro,Moderadamente,,Ni de acuerdo ni en desacuerdo,He participado en simulacros de desastres naturales que se han realizado Conozco los sitios seguros de la ciudad,0,0,0,1,0,0,0,0,1,0,0,0,Extremadamente preocupado/a,Muy lentamente,,Ni bien ni mal,Bien,Ni bien ni mal,0.0783007 -80.0366827 43.70000076293945 42.907,0.0783007,-80.0366827,43.70000076,42.907
Pedernales,Conglomerado 2,Masculino,45,4,4,5,5,4,4,5,Estar más ligado a la política,4,5,4,5,4,La corrupción,,5,4,4,4,3,Falta de autonomía,Neutral,"Sí, ha cambiado un poco",Medios tradicionales Redes sociales Otras,1,0,1,0,0,0,1,"Sí, totalmente",Muy agresivo,"Sí, claramente",Reduce un poco mi confianza,A veces,Una vez al día,TikTok Whatsapp Facebook,1,0,0,1,0,1,0,0,Altamente polarizado,A veces,"Sí, ocasionalmente","No, pero me interesaría",Si,Seguro,Madrugada,Parques Zonas oscuras o alejadas,1,0,0,1,0,0,0,2,1,1,1,2,1,2,No,Corrupción La pobreza,0,0,0,1,0,1,0,Neutral,No,,Temor a represalias,"Sí, pero de forma insuficiente","Sí, de manera activa",Evitar salir de noche Otras,1,0,0,0,1,"No, pero hay interés",0,1,0,0,Liderazgo de las autoridades locales,,Ligeramente mejor que el resto del país,Buena,Igual,Satisfecho/a,Igual,Moderada,Suficiente,Suficiente,Suficiente,Suficiente,Han aumentado poco,Se ha mantenido igual,Ha disminuido,Ni de acuerdo ni en desacuerdo,Regular,Centro de salud de la parroquia,7,Injustos,Si,Público o fiscal,,Regular,Muy buena,Buena,Injusta,Neutral,Totalmente de acuerdo,,Si,Muy seguro,Moderadamente,,Ni de acuerdo ni en desacuerdo,Cuento con un fondo económico de emergencia Conozco los sitios seguros de la ciudad Estoy informado sobre los riesgos de desastres naturales en mi área,0,0,0,0,0,0,1,0,1,0,0,1,Moderadamente preocupado/a,Muy lentamente,,Ni bien ni mal,Muy mal,Bien,0.0790993 -80.0359596 47.70000076293945 37.544,0.0790993,-80.0359596,47.70000076,37.544
Pedernales,Conglomerado 2,Femenino,48,4,5,4,5,4,5,4,Que se elimine la brecha de corrupción,4,4,5,4,5,La barrera de las organizaciones electorales,,4,4,5,4,4,La falta de información para las persona del zonas rurales,Muy consciente,"Sí, ha cambiado un poco",Desigualdad económica Redes sociales,1,0,0,1,0,0,0,"Sí, en parte",Muy agresivo,No estoy seguro/a,No afecta mi confianza,A veces,Varias veces al día,Facebook TikTok YouTube,1,0,0,1,1,0,0,0,Parcialmente sesgado,A veces,"Sí, ocasionalmente","No, no me importa",No,Seguro,Madrugada,Parques Calles principales,1,0,1,0,0,0,0,2,1,2,1,1,1,2,Si,Falta de trabajo Otras,1,0,0,0,0,0,1,Neutral,Si,5,,"No, no hacen nada ","Sí, pero de forma insuficiente",Evitar salir de noche Otras,1,0,0,0,1,"No, pero hay interés",0,1,0,0,Más patrullas policiales,,Igual que el resto del país,Ni buena ni mala,Igual,Satisfecho/a,Mejor,Suficiente,Muy suficiente,Muy suficiente,Muy suficiente,Extremadamente suficiente,Han aumentado poco,Ha aumentado poco,Ha disminuido,Ni de acuerdo ni en desacuerdo,Regular,Centro de salud de la parroquia,9,Injustos,Si,Público o fiscal,,Buena,Muy buena,Muy buena,Justa,Poco,De acuerdo,,Si,Seguro,Moderadamente,,De acuerdo,Estoy informado sobre los riesgos de desastres naturales en mi área Cuento con un fondo económico de emergencia Tengo suficientes provisiones de medicamentos en caso de emergencia Tengo un plan de emergencia para toda la familia,1,0,0,0,0,0,1,0,0,1,0,1,Muy preocupado/a,No sabe/no responde,,Muy mal,Ni bien ni mal,Muy bien,0.077536 -80.0352232 43.39999771118164 92.603,0.077536,-80.0352232,43.39999771,92.603
Pedernales,Conglomerado 2,Masculino,49,4,5,4,5,4,5,4,Tener un buen representante político,4,4,5,4,5,Que a las personas que están en mesa se les pague enseguida por el trabajo,,4,5,4,5,4,La inseguridad entre las personas,Muy consciente,"Sí, ha cambiado un poco",Falta de diálogo Redes sociales Medios tradicionales,1,0,1,0,1,0,0,Neutral,Moderadamente respetuoso,"Sí, claramente",Reduce un poco mi confianza,Siempre,Una vez al día,TikTok Whatsapp Facebook,1,0,0,1,0,1,0,0,Mayormente equilibrado,Rara vez,No estoy seguro/a,"No, pero me interesaría",No,Neutral,Noche,Zonas oscuras o alejadas Transporte público,0,1,0,1,0,0,0,2,1,2,1,1,1,2,No,Falta de trabajo Otras,1,0,0,0,0,0,1,Neutral,No,,Temor a represalias,"Sí, de manera activa","Sí, pero de forma insuficiente",Evitar salir de noche Cambiar itinerarios y rutas,1,0,0,1,0,"No, pero hay interés",0,1,0,0,Programas sociales para jóvenes,,Igual que el resto del país,Ni buena ni mala,Igual,Ni satisfecho/a ni insatisfecho/a,Mejor,Muy suficiente,Muy suficiente,Extremadamente suficiente,Muy suficiente,Extremadamente suficiente,Han aumentado poco,Se ha mantenido igual,Se ha mantenido igual,Ni de acuerdo ni en desacuerdo,Regular,Centro de salud de la parroquia,8,Injustos,Si,Público o fiscal,,Buena,Muy buena,Buena,Injusta,Neutral,Ni de acuerdo ni en desacuerdo,,Si,Seguro,Mucho,,De acuerdo,Tengo un plan de emergencia para toda la familia He participado en simulacros de desastres naturales que se han realizado Estoy informado sobre los riesgos de desastres naturales en mi área Mi vivienda está preparada para resistir los embates de un desastre,1,0,0,1,0,0,1,0,0,0,1,0,Extremadamente preocupado/a,Con el tiempo necesario,,Ni bien ni mal,Bien,Bien,0.0777421 -80.0351187 43.39999771118164 27.324,0.0777421,-80.0351187,43.39999771,27.324
Pedernales,Conglomerado 2,Masculino,51,4,5,4,4,4,4,3,Tener menos corrupción,4,3,5,4,4,La integración ciudadana,,4,4,5,4,5,No considero ningún riesgo,Muy consciente,"Sí, ha cambiado un poco",Redes sociales Medios tradicionales Falta de respuesta a las demandas sociales Otras,1,0,1,0,0,1,1,"Sí, en parte",Muy agresivo,"Sí, en ciertos casos",Reduce un poco mi confianza,Siempre,Una vez al día,Facebook Whatsapp Telegram,1,0,0,0,0,1,1,0,Parcialmente sesgado,A veces,"Sí, ocasionalmente","No, no me importa",Si,Neutral,Noche,Parques Transporte público,1,1,0,0,0,0,0,2,1,1,1,1,2,2,No,Falta de trabajo Corrupción,1,0,0,1,0,0,0,Muy ineficaz,No,,Desconfianza en las autoridades,"Sí, pero de forma insuficiente","Sí, de manera activa",Cambiar itinerarios y rutas Evitar salir de noche,1,0,0,1,0,"Sí, pero hay temor",0,0,1,0,Mayor iluminación pública,,Ligeramente mejor que el resto del país,Muy buena,Medianamente mejor,Muy satisfecho/a,Mucho mejor,Extremadamente suficiente,Extremadamente suficiente,Extremadamente suficiente,Extremadamente suficiente,Extremadamente suficiente,Han aumentado poco,Ha aumentado poco,Se ha mantenido igual,De acuerdo,Regular,Clínica privada,10,Muy injustos,Si,Privada o particular,,Mala,Muy buena,Muy buena,Injusta,Neutral,De acuerdo,,Si,Seguro,Moderadamente,,De acuerdo,"Cuento con un kit de emergencia con agua, alimentos, botiquín, abrigos, etc. Sé cómo contactar a las autoridades y/o instituciones en caso de desastre Tengo los documentos importantes protegidos y resguardados Tengo suficientes provisiones de medicamentos en caso de emergencia",0,0,1,0,0,1,0,1,0,1,0,0,Moderadamente preocupado/a,No sabe/no responde,,Ni bien ni mal,Ni bien ni mal,Ni bien ni mal,0.0770595 -80.0356847 46.5 66.397,0.0770595,-80.0356847,46.5,66.397
Cojimies,,Masculino,66,5,5,5,4,5,5,5,Un gobierno que sea  honesto ,5,5,5,5,4,La falta de educación cívica ,,5,4,5,5,5,Riesgo de fraude electoral ,Muy consciente,Ha disminuido,Falta de diálogo,0,0,0,0,1,0,0,"No, en absoluto",Muy agresivo,No estoy seguro/a,Reduce mucho mi confianza,Siempre,Nunca,Otras,0,0,0,0,0,0,0,1,No consumo,No sé,No estoy seguro/a,No lo sé,Si,Seguro,Madrugada,Zonas oscuras o alejadas,0,0,0,1,0,0,0,1,4,5,1,1,1,3,No,Falta de trabajo,1,0,0,0,0,0,0,Eficaz,No,,Consideró que no serviría de nada,"Sí, pero de forma insuficiente","Sí, pero de forma insuficiente",Evitar salir de noche,1,0,0,0,0,"Sí, hay grupos de vigilancia",1,0,0,0,Más patrullas policiales,,Ligeramente mejor que el resto del país,Regular,Medianamente mejor,Muy satisfecho/a,Mejor,Limitada,Extremadamente limitada,Muy limitada,Muy limitada,Extremadamente limitada,Han disminuido mucho,Se ha mantenido igual,Ha disminuido,En desacuerdo,Muy difícil,Centro de salud de la parroquia,8,Injustos,Si,Privada o particular,,Regular,Buena,Regular,No sabe/no responde,Mucho,De acuerdo,,Si,Seguro,Mucho,,En desacuerdo,Conozco las rutas de evacuación establecidas en la ciudad,0,1,0,0,0,0,0,0,0,0,0,0,Muy preocupado/a,Muy lentamente,,Muy mal,Ni bien ni mal,Ni bien ni mal,0.3645833 -80.0381454 16.700000762939453 3.78,0.3645833,-80.0381454,16.70000076,3.78
Cojimies,,Femenino,52,5,5,5,5,5,5,5,Prevenir la delincuencia ,5,5,5,5,5,Desinformación y noticias falsas,,5,5,5,5,5,Fraude electoral ,Poco consciente,No ha cambiado,Falta de respuesta a las demandas sociales,0,0,0,0,0,1,0,"No, en absoluto",Muy agresivo,"Sí, en ciertos casos",Aumenta mi confianza,Siempre,Rara vez,Facebook,1,0,0,0,0,0,0,0,No consumo,Rara vez,Nunca,"No, no me importa",Si,Inseguro,Noche,Zonas oscuras o alejadas,0,0,0,1,0,0,0,5,5,5,1,2,3,5,No,Falta de trabajo,1,0,0,0,0,0,0,Muy ineficaz,No,,Otras,"Sí, de manera activa","Sí, pero de forma insuficiente",Instalar cámaras o alarmas,0,1,0,0,0,"No sabe, no responde",0,0,0,1,Más patrullas policiales,,Mucho peor que el resto del país,Ni buena ni mala,Igual,Muy satisfecho/a,Igual,Limitada,Limitada,Limitada,Limitada,Limitada,No han cambiado,Se ha mantenido igual,Se ha mantenido igual,Ni de acuerdo ni en desacuerdo,Regular,Centro de salud de la parroquia,1,Injustos,Si,Privada o particular,,Regular,Buena,Mala,Injusta,Mucho,De acuerdo,,Si,Neutral,Nada,,De acuerdo,"Conozco los números de emergencia Cuento con un kit de emergencia con agua, alimentos, botiquín, abrigos, etc. Conozco las rutas de evacuación establecidas en la ciudad",0,1,1,0,1,0,0,0,0,0,0,0,Muy preocupado/a,Muy lentamente,,Ni bien ni mal,Muy mal,Muy mal,0.3647678 -80.0382307 16.399999618530273 4.42,0.3647678,-80.0382307,16.39999962,4.42
Cojimies,,Masculino,30,5,5,4,3,5,3,3,Derecho de igualdad,5,3,3,5,5,Falta de presupuesto ,,5,2,5,5,1,Fraude electoral ,Muy consciente,No ha cambiado,Falta de respuesta a las demandas sociales,0,0,0,0,0,1,0,"Sí, en parte",Neutral,"Sí, en ciertos casos",Aumenta mi confianza,Siempre,Varias veces al día,Facebook Twitter/X Instagram TikTok YouTube Telegram,1,1,1,1,1,0,1,0,Mayormente equilibrado,"Sí, frecuentemente",Rara vez,"Sí, ocasionalmente",No,Seguro,Madrugada,Zonas oscuras o alejadas,0,0,0,1,0,0,0,5,5,5,1,5,5,5,No,Falta de trabajo,1,0,0,0,0,0,0,Neutral,No,,Otras,"Sí, de manera activa","Sí, de manera activa",Evitar salir de noche,1,0,0,0,0,"No, pero hay interés",0,1,0,0,Más patrullas policiales,,Igual que el resto del país,Regular,Peor,Satisfecho/a,Peor,Extremadamente limitada,Muy limitada,Muy limitada,Muy limitada,Muy limitada,No han cambiado,Se ha mantenido igual,Se ha mantenido igual,En desacuerdo,Difícil,Centro de salud de la parroquia,3,Muy injustos,Si,Público o fiscal,,Regular,Buena,Regular,Muy injusta,Mucho,De acuerdo,,No,,,Fácil,En desacuerdo,"Conozco las rutas de evacuación establecidas en la ciudad Cuento con un kit de emergencia con agua, alimentos, botiquín, abrigos, etc. He participado en simulacros de desastres naturales que se han realizado Tengo un plan de emergencia para toda la familia Conozco los números de emergencia",1,1,1,1,1,0,0,0,0,0,0,0,Poco preocupado/a,Muy lentamente,,Muy mal,Muy mal,Muy mal,0.3656093 -80.0365746 18.200000762939453 4.534,0.3656093,-80.0365746,18.20000076,4.534
Cojimies,,Femenino,29,1,1,2,1,5,3,5,Reducir la delincuencia ,5,5,5,5,5,Pica accesibilidad física ,,3,5,5,5,1,"Violencia política 
",Nada consciente,No ha cambiado,Otras,0,0,0,0,0,0,1,"Sí, totalmente",Muy agresivo,"No, en absoluto",Neutral,Siempre,Varias veces al día,Facebook,1,0,0,0,0,0,0,0,Mayormente equilibrado,Rara vez,"Sí, ocasionalmente","No, no me importa",Si,Inseguro,Noche,Zonas oscuras o alejadas,0,0,0,1,0,0,0,5,5,1,1,5,5,5,Si,Crimen organizado,0,0,0,0,1,0,0,Ineficaz,No,,Consideró que no serviría de nada,"Sí, pero de forma insuficiente","Sí, de manera activa",Evitar salir de noche,1,0,0,0,0,"No sabe, no responde",0,0,0,1,Más patrullas policiales,,Mucho peor que el resto del país,Mala,Mejor,Satisfecho/a,Peor,Muy limitada,Muy limitada,Muy limitada,Muy limitada,Muy limitada,No han cambiado,Ha disminuido mucho,Se ha mantenido igual,En desacuerdo,Difícil,Centro de salud de la parroquia,1,Injustos,Si,Público o fiscal,,Mala,Buena,Mala,Injusta,Neutral,En desacuerdo,,No,,,Difícil,En desacuerdo,"He participado en simulacros de desastres naturales que se han realizado Cuento con un kit de emergencia con agua, alimentos, botiquín, abrigos, etc.",0,0,1,1,0,0,0,0,0,0,0,0,Poco preocupado/a,Lentamente,,Muy mal,Muy mal,Muy mal,0.3387833 -80.00468 17.0 2.4,0.3387833,-80.00468,17,2.4
Cojimies,,Masculino,41,5,5,5,5,5,5,5,Tratar la delincuencia ,5,5,5,5,5,Limitaciones tecnologícas ,,5,5,5,5,5,Fraude electoral ,Nada consciente,"Sí, ha cambiado un poco",Desigualdad económica,0,0,0,1,0,0,0,"Sí, totalmente",Muy agresivo,"Sí, claramente",Neutral,Siempre,Varias veces al día,Facebook Twitter/X Instagram TikTok,1,1,1,1,0,0,0,0,Mayormente equilibrado,Rara vez,Rara vez,No lo sé,Si,Seguro,Madrugada,Zonas oscuras o alejadas,0,0,0,1,0,0,0,1,2,3,1,1,1,1,No,Falta de trabajo,1,0,0,0,0,0,0,Ineficaz,No,,Consideró que no serviría de nada,"Sí, pero de forma insuficiente","Sí, de manera activa",Evitar salir de noche,1,0,0,0,0,"No, pero hay interés",0,1,0,0,Más patrullas policiales,,Igual que el resto del país,Regular,Mejor,Satisfecho/a,Mejor,Muy limitada,Muy limitada,Muy limitada,Muy limitada,Muy limitada,Han disminuido mucho,Se ha mantenido igual,Se ha mantenido igual,En desacuerdo,Difícil,Centro de salud de la parroquia,2,Injustos,Si,Privada o particular,,Regular,Muy buena,Regular,Injusta,Neutral,Ni de acuerdo ni en desacuerdo,,Si,Neutral,Poco,,Ni de acuerdo ni en desacuerdo,"Tengo un plan de emergencia para toda la familia Conozco las rutas de evacuación establecidas en la ciudad Cuento con un kit de emergencia con agua, alimentos, botiquín, abrigos, etc. He participado en simulacros de desastres naturales que se han realizado Conozco los números de emergencia",1,1,1,1,1,0,0,0,0,0,0,0,Moderadamente preocupado/a,Muy lentamente,,Muy mal,Muy mal,Muy mal,0.340321 -80.0113192 22.4 2.1,0.340321,-80.0113192,22.4,2.1
Cojimies,,Femenino,40,5,5,5,4,1,4,5,Menos corrupción en el Estado ,5,5,5,5,5,La falta de educación cívica ,,5,5,5,5,5,Anulación de votos ,Nada consciente,No ha cambiado,Falta de diálogo,0,0,0,0,1,0,0,No realmente,Muy agresivo,"Sí, en ciertos casos",Neutral,Siempre,Rara vez,Twitter/X Facebook,1,1,0,0,0,0,0,0,No consumo,Rara vez,"Sí, muy seguido",No lo sé,Si,Inseguro,Noche,Zonas oscuras o alejadas,0,0,0,1,0,0,0,5,5,5,5,5,1,1,No,Falta de trabajo,1,0,0,0,0,0,0,Muy ineficaz,No,,Otras,"No, no hacen nada ","No, no hacen nada ",Evitar salir de noche,1,0,0,0,0,"Sí, hay grupos de vigilancia",1,0,0,0,Liderazgo de las autoridades locales,,Igual que el resto del país,Regular,Peor,Ni satisfecho/a ni insatisfecho/a,Mejor,Muy limitada,Muy limitada,Muy limitada,Muy limitada,Muy limitada,No han cambiado,Se ha mantenido igual,Se ha mantenido igual,Ni de acuerdo ni en desacuerdo,Difícil,Centro de salud de la parroquia,3,Injustos,Si,Público o fiscal,,Regular,Buena,Buena,Injusta,Neutral,Ni de acuerdo ni en desacuerdo,,No,,,Muy difícil,Totalmente en desacuerdo,"Tengo un plan de emergencia para toda la familia Conozco las rutas de evacuación establecidas en la ciudad Cuento con un kit de emergencia con agua, alimentos, botiquín, abrigos, etc.",1,1,1,0,0,0,0,0,0,0,0,0,Muy preocupado/a,Lentamente,,No sabe/no responde,No sabe/no responde,No sabe/no responde,0.3390936 -80.0063911 35.89999771118164 3.85,0.3390936,-80.0063911,35.89999771,3.85
Cojimies,,Masculino,36,5,5,1,1,5,1,5,Que exista menos corrupción ,5,5,4,5,5,Desinformación y noticias falsas ,,5,5,5,5,2,Fraude electoral ,Consciente,No ha cambiado,Líderes o partidos políticos,0,1,0,0,0,0,0,"No, en absoluto",Muy agresivo,"Sí, claramente",Reduce un poco mi confianza,Siempre,Una vez al día,Facebook TikTok Instagram Twitter/X,1,1,1,1,0,0,0,0,Mayormente equilibrado,Rara vez,"Sí, ocasionalmente","No, pero me interesaría",Si,Seguro,Madrugada,Zonas oscuras o alejadas,0,0,0,1,0,0,0,1,1,1,1,1,1,1,No,Falta de trabajo,1,0,0,0,0,0,0,Eficaz,No,,Consideró que no serviría de nada,"No, no hacen nada ","No, no hacen nada ",Evitar salir de noche,1,0,0,0,0,"Sí, hay grupos de vigilancia",1,0,0,0,Más patrullas policiales,,Igual que el resto del país,Regular,Igual,Ni satisfecho/a ni insatisfecho/a,Mejor,Muy limitada,Muy limitada,Muy limitada,Muy limitada,Muy limitada,Han disminuido mucho,Ha disminuido poco,Se ha mantenido igual,En desacuerdo,Regular,Centro médico particular,5,Injustos,Si,Privada o particular,,Regular,Buena,Regular,Justa,Neutral,Ni de acuerdo ni en desacuerdo,,No,,,Difícil,En desacuerdo,"Tengo un plan de emergencia para toda la familia Conozco las rutas de evacuación establecidas en la ciudad Cuento con un kit de emergencia con agua, alimentos, botiquín, abrigos, etc. Conozco los números de emergencia",1,1,1,0,1,0,0,0,0,0,0,0,Muy preocupado/a,Rápidamente,,Ni bien ni mal,Ni bien ni mal,Ni bien ni mal,0.339348 -80.0057962 -1.600000023841858 4.075,0.339348,-80.0057962,-1.600000024,4.075
Cojimies,,Femenino,19,5,5,5,4,1,1,2,Compartir la corrupción ,5,5,3,3,5,Desinformación en noticias ,,3,3,3,3,3,Fraude electoral ,Poco consciente,No sé,Otras,0,0,0,0,0,0,1,"Sí, en parte",Muy agresivo,No estoy seguro/a,Reduce un poco mi confianza,Siempre,Varias veces al día,Facebook Twitter/X Instagram TikTok,1,1,1,1,0,0,0,0,Parcialmente sesgado,Rara vez,Rara vez,No lo sé,Si,Neutral,Noche,Zonas oscuras o alejadas,0,0,0,1,0,0,0,1,1,1,1,1,1,1,No,Falta de presencia policial Falta de trabajo,1,1,0,0,0,0,0,Ineficaz,No,,Consideró que no serviría de nada,"Sí, pero de forma insuficiente","Sí, pero de forma insuficiente",Evitar salir de noche,1,0,0,0,0,"No, pero hay interés",0,1,0,0,Programas sociales para jóvenes,,Igual que el resto del país,Regular,No sabe/no contesta,Satisfecho/a,Mucho mejor,Muy limitada,Muy limitada,Muy limitada,Muy limitada,Muy limitada,Han disminuido mucho,Se ha mantenido igual,Ha aumentado,En desacuerdo,Regular,Centro de salud de la parroquia,3,Injustos,No,,,,,,Injusta,Algo,Ni de acuerdo ni en desacuerdo,,No,,,Difícil,En desacuerdo,Tengo un plan de emergencia para toda la familia,1,0,0,0,0,0,0,0,0,0,0,0,Muy preocupado/a,Lentamente,,Ni bien ni mal,Ni bien ni mal,Muy mal,0.3401313 -80.0064781 -1.600000023841858 2.442,0.3401313,-80.0064781,-1.600000024,2.442
Cojimies,,Masculino,60,5,5,5,5,2,2,5,Cambio de gobiernos ,5,5,5,5,3,Limitaciones tecnologícas ,,5,3,5,5,3,Fraude,Consciente,"Sí, ha cambiado un poco",Falta de diálogo,0,0,0,0,1,0,0,"Sí, en parte",Muy agresivo,"Sí, en ciertos casos",Neutral,Siempre,Nunca,Otras,0,0,0,0,0,0,0,1,No consumo,No sé,Rara vez,No lo sé,Si,Seguro,Madrugada,Zonas oscuras o alejadas,0,0,0,1,0,0,0,1,1,1,1,1,1,1,Si,Falta de trabajo,1,0,0,0,0,0,0,Ineficaz,No,,Consideró que no serviría de nada,"Sí, pero de forma insuficiente","Sí, pero de forma insuficiente",Evitar salir de noche,1,0,0,0,0,"No, pero hay interés",0,1,0,0,Más patrullas policiales,,Igual que el resto del país,Regular,Medianamente mejor,Muy satisfecho/a,Mejor,Muy limitada,Muy limitada,Muy limitada,Muy limitada,Muy limitada,Han disminuido mucho,Ha disminuido mucho,Ha aumentado,Ni de acuerdo ni en desacuerdo,Regular,Centro médico particular,10,Injustos,Si,Público o fiscal,,Regular,Regular,Regular,Injusta,Mucho,Ni de acuerdo ni en desacuerdo,,Si,Neutral,Moderadamente,,Ni de acuerdo ni en desacuerdo,"Cuento con un kit de emergencia con agua, alimentos, botiquín, abrigos, etc. He participado en simulacros de desastres naturales que se han realizado",0,0,1,1,0,0,0,0,0,0,0,0,Muy preocupado/a,Muy lentamente,,Muy mal,Muy mal,Muy mal,0.3406043 -80.0068415 -1.600000023841858 4.718,0.3406043,-80.0068415,-1.600000024,4.718
Cojimies,,Masculino,50,3,3,3,2,2,3,4,La seguridad ,5,5,5,3,5,Desinformación ,,5,2,3,5,2,Falta de ética en los conteos de votos ,Nada consciente,No ha cambiado,Falta de diálogo,0,0,0,0,1,0,0,"Sí, totalmente",Muy agresivo,"Sí, en ciertos casos",Neutral,Siempre,Varias veces al día,Facebook YouTube TikTok,1,0,0,1,1,0,0,0,Parcialmente sesgado,Rara vez,"Sí, muy seguido","Sí, ocasionalmente",Si,Neutral,Noche,Zonas oscuras o alejadas,0,0,0,1,0,0,0,3,1,2,2,4,1,5,No,Falta de trabajo,1,0,0,0,0,0,0,Ineficaz,No,,Consideró que no serviría de nada,"Sí, pero de forma insuficiente","Sí, pero de forma insuficiente",Evitar salir de noche,1,0,0,0,0,"Sí, hay grupos de vigilancia",1,0,0,0,Más patrullas policiales,,Igual que el resto del país,Regular,Mejor,Ni satisfecho/a ni insatisfecho/a,Mejor,Muy limitada,Muy limitada,Muy limitada,Muy limitada,Muy limitada,Han disminuido mucho,Se ha mantenido igual,Ha disminuido,En desacuerdo,Regular,Centro médico particular,10,Injustos,Si,Público o fiscal,,Regular,Muy buena,Regular,Injusta,Mucho,Totalmente en desacuerdo,,Si,Neutral,Nada,,En desacuerdo,"Conozco las rutas de evacuación establecidas en la ciudad He participado en simulacros de desastres naturales que se han realizado Cuento con un kit de emergencia con agua, alimentos, botiquín, abrigos, etc. Conozco los números de emergencia",0,1,1,1,1,0,0,0,0,0,0,0,Muy preocupado/a,Muy lentamente,,Muy mal,Muy mal,Muy mal,0.3409431 -80.0072667 -1.600000023841858 4.771,0.3409431,-80.0072667,-1.600000024,4.771
Cojimies,,Masculino,38,4,3,2,1,5,3,4,Tratar la corrupción ,5,3,4,2,5,Ataques cyberneuticos ,,1,1,1,5,1,Fraude electoral ,Poco consciente,Ha disminuido,Desigualdad económica,0,0,0,1,0,0,0,Neutral,Muy agresivo,"Sí, en ciertos casos",Neutral,Siempre,Varias veces al día,Facebook TikTok,1,0,0,1,0,0,0,0,Mayormente equilibrado,A veces,"Sí, muy seguido",No lo sé,Si,Neutral,Noche,Zonas oscuras o alejadas,0,0,0,1,0,0,0,3,4,5,1,5,1,1,No,Falta de trabajo,1,0,0,0,0,0,0,Neutral,No,,Consideró que no serviría de nada,"No, no hacen nada ","No, no hacen nada ",Evitar salir de noche,1,0,0,0,0,"No, pero hay interés No sabe, no responde",0,1,0,1,Más patrullas policiales,,Mucho peor que el resto del país,Regular,Medianamente mejor,Ni satisfecho/a ni insatisfecho/a,Peor,Extremadamente limitada,Extremadamente limitada,Extremadamente limitada,Extremadamente limitada,Extremadamente limitada,Han disminuido mucho,Ha disminuido mucho,Ha aumentado,En desacuerdo,Regular,Centro de salud de la parroquia,1,Injustos,Si,Público o fiscal,,Regular,Regular,Regular,Injusta,Mucho,En desacuerdo,,Si,Neutral,Nada,,En desacuerdo,Conozco los números de emergencia He participado en simulacros de desastres naturales que se han realizado,0,0,0,1,1,0,0,0,0,0,0,0,Muy preocupado/a,Muy lentamente,,No sabe/no responde,No sabe/no responde,No sabe/no responde,0.3407713 -80.0078655 -1.399999976158142 4.904,0.3407713,-80.0078655,-1.399999976,4.904
Cojimies,,Masculino,75,3,3,1,1,5,3,1,Reducir delincuencia ,3,5,1,5,1,Ataques cyberneuticos ,,3,4,3,4,1,Compra de votos,Nada consciente,No ha cambiado,Falta de diálogo,0,0,0,0,1,0,0,"No, en absoluto",Muy agresivo,"Sí, claramente",Reduce un poco mi confianza,Siempre,Nunca,Otras,0,0,0,0,0,0,0,1,No consumo,No sé,Nunca,No lo sé,No,Inseguro,Noche,Zonas oscuras o alejadas,0,0,0,1,0,0,0,5,4,5,1,1,1,1,No,Falta de trabajo Falta de presencia policial La pobreza,1,1,0,0,0,1,0,Ineficaz,No,,Consideró que no serviría de nada,"No, no hacen nada ","No, no hacen nada ",Evitar salir de noche,1,0,0,0,0,"Sí, pero hay temor",0,0,1,0,Más patrullas policiales,,Mucho peor que el resto del país,Regular,Igual,Ni satisfecho/a ni insatisfecho/a,Igual,Muy limitada,Muy limitada,Muy limitada,Muy limitada,Muy limitada,Han disminuido mucho,Ha disminuido mucho,Ha aumentado,En desacuerdo,Fácil,Centro de salud de la parroquia,1,Injustos,Si,Público o fiscal,,Regular,Muy buena,Regular,Injusta,Mucho,Ni de acuerdo ni en desacuerdo,,No,,,Difícil,En desacuerdo,Conozco las rutas de evacuación establecidas en la ciudad,0,1,0,0,0,0,0,0,0,0,0,0,Muy preocupado/a,Muy lentamente,,Muy mal,Muy mal,Muy mal,0.3406533 -80.00827 13.8 4.833,0.3406533,-80.00827,13.8,4.833
Cojimies,,Masculino,66,3,3,3,3,5,1,5,La corrupción ,5,5,3,1,5,Limitaciones tecnologícas ,,1,1,4,2,1,Violencia política ,Nada consciente,No ha cambiado,Redes sociales,1,0,0,0,0,0,0,"Sí, totalmente",Muy agresivo,No estoy seguro/a,Reduce un poco mi confianza,Nunca,Una vez al día,Facebook TikTok,1,0,0,1,0,0,0,0,Mayormente equilibrado,Rara vez,No estoy seguro/a,No lo sé,Si,Seguro,Noche,Zonas oscuras o alejadas,0,0,0,1,0,0,0,5,1,5,1,1,1,1,No,La pobreza Falta de trabajo,1,0,0,0,0,1,0,Ineficaz,No,,Consideró que no serviría de nada,"No, no hacen nada ","No, no hacen nada ",Instalar cámaras o alarmas Evitar salir de noche,1,1,0,0,0,"No sabe, no responde",0,0,0,1,Más patrullas policiales,,Mucho peor que el resto del país,Mala,Igual,Ni satisfecho/a ni insatisfecho/a,Peor,Extremadamente limitada,Extremadamente limitada,Extremadamente limitada,Extremadamente limitada,Extremadamente limitada,Han disminuido mucho,Ha disminuido poco,Se ha mantenido igual,En desacuerdo,Difícil,Centro de salud de la parroquia,1,Injustos,Si,Público o fiscal,,Mala,Regular,Mala,Injusta,Mucho,Ni de acuerdo ni en desacuerdo,,No,,,Difícil,En desacuerdo,"Conozco las rutas de evacuación establecidas en la ciudad Tengo un plan de emergencia para toda la familia Cuento con un kit de emergencia con agua, alimentos, botiquín, abrigos, etc.",1,1,1,0,0,0,0,0,0,0,0,0,Muy preocupado/a,Muy lentamente,,Muy mal,Muy mal,Muy mal,0.3390087 -80.0077883 12.4 4.33,0.3390087,-80.0077883,12.4,4.33
Cojimies,,Masculino,56,5,5,5,5,1,5,5,Reformar nuevas leyes ,5,5,5,5,5,Ninguna ,,5,5,5,5,1,Fraude ,Consciente,No ha cambiado,Falta de diálogo,0,0,0,0,1,0,0,"Sí, en parte",Muy agresivo,"Sí, en ciertos casos",Reduce un poco mi confianza,Siempre,Varias veces al día,Facebook TikTok,1,0,0,1,0,0,0,0,Mayormente equilibrado,Rara vez,"Sí, ocasionalmente","Sí, activamente",Si,Seguro,Madrugada,Zonas oscuras o alejadas,0,0,0,1,0,0,0,1,1,1,1,1,1,1,No,Falta de trabajo,1,0,0,0,0,0,0,Eficaz,No,,Otras,"Sí, de manera activa","Sí, de manera activa",Evitar salir de noche,1,0,0,0,0,"Sí, hay grupos de vigilancia",1,0,0,0,Programas sociales para jóvenes,,Ligeramente mejor que el resto del país,Ni buena ni mala,Igual,Muy insatisfecho/a,Mejor,Muy limitada,Muy limitada,Muy limitada,Muy limitada,Muy limitada,Han disminuido mucho,Se ha mantenido igual,Se ha mantenido igual,Totalmente en desacuerdo,Fácil,Otros,1,Injustos,Si,Público o fiscal,,Buena,Buena,Buena,Justa,Neutral,De acuerdo,,Si,Seguro,Moderadamente,,En desacuerdo,Conozco los números de emergencia,0,0,0,0,1,0,0,0,0,0,0,0,Nada preocupado/a,Lentamente,,Muy mal,Muy mal,Muy mal,0.3586369 -80.038335 18.7 4.595,0.3586369,-80.038335,18.7,4.595
Cojimies,,Masculino,53,5,5,4,5,1,4,5,Cambiar las leyes ,5,5,4,5,5,Desinterés politico,,5,5,4,4,3,Fraude electoral,Poco consciente,No sé,Desigualdad económica,0,0,0,1,0,0,0,"Sí, en parte",Muy agresivo,No estoy seguro/a,Neutral,Siempre,Rara vez,Facebook TikTok,1,0,0,1,0,0,0,0,No consumo,No sé,Rara vez,No lo sé,Si,Neutral,Noche,Zonas oscuras o alejadas,0,0,0,1,0,0,0,1,1,1,1,1,1,1,No,Falta de trabajo,1,0,0,0,0,0,0,Neutral,No,,Otras,"No, no hacen nada ","No, no hacen nada ",Evitar salir de noche,1,0,0,0,0,"Sí, pero hay temor",0,0,1,0,Más patrullas policiales,,Igual que el resto del país,Regular,Igual,Satisfecho/a,Mejor,Muy limitada,Muy limitada,Muy limitada,Muy limitada,Muy limitada,Han disminuido mucho,Se ha mantenido igual,Se ha mantenido igual,Ni de acuerdo ni en desacuerdo,Fácil,Centro de salud de la parroquia,3,Injustos,Si,Público o fiscal,,Regular,Regular,Regular,No sabe/no responde,Neutral,De acuerdo,,Si,Seguro,Nada,,Totalmente en desacuerdo,Conozco los números de emergencia Conozco las rutas de evacuación establecidas en la ciudad,0,1,0,0,1,0,0,0,0,0,0,0,Muy preocupado/a,Lentamente,,Muy mal,Muy mal,Muy mal,0.3588072 -80.0399299 -43.9 4.833,0.3588072,-80.0399299,-43.9,4.833
Cojimies,,Masculino,36,5,1,1,1,1,3,3,"Nuevas leyes
",5,1,2,3,1,Menos corrupción ,,3,2,1,1,1,Corrupción ,Nada consciente,No ha cambiado,Desigualdad económica,0,0,0,1,0,0,0,"Sí, en parte",Muy agresivo,"Sí, claramente",Neutral,Siempre,Una vez al día,Facebook TikTok,1,0,0,1,0,0,0,0,No consumo,Rara vez,Rara vez,No lo sé,Si,Neutral,Noche,Zonas oscuras o alejadas,0,0,0,1,0,0,0,1,1,1,1,1,1,1,No,Falta de trabajo,1,0,0,0,0,0,0,Ineficaz,No,,Otras,"No, no hacen nada ","No, no hacen nada ",Evitar salir de noche,1,0,0,0,0,"No sabe, no responde",0,0,0,1,Más patrullas policiales,,Igual que el resto del país,Ni buena ni mala,Igual,Satisfecho/a,Mejor,Muy limitada,Muy limitada,Muy limitada,Muy limitada,Muy limitada,Han disminuido mucho,Se ha mantenido igual,Se ha mantenido igual,Ni de acuerdo ni en desacuerdo,Difícil,Centro de salud de la parroquia,2,Injustos,Si,Público o fiscal,,Mala,Regular,Regular,Injusta,Neutral,Ni de acuerdo ni en desacuerdo,,No,,,Muy fácil,En desacuerdo,Conozco las rutas de evacuación establecidas en la ciudad Conozco los números de emergencia,0,1,0,0,1,0,0,0,0,0,0,0,Muy preocupado/a,Muy lentamente,,Muy mal,Muy mal,Muy mal,0.3593795 -80.0405821 -50.599999999999994 4.366,0.3593795,-80.0405821,-50.6,4.366
Cojimies,,Masculino,40,5,5,5,2,1,5,5,Menos corrupción y nuevas leyes,5,5,5,5,5,Conteo electoral sin corrupción ,,5,5,5,5,1,Menos violencia política ,Nada consciente,No ha cambiado,Desigualdad económica,0,0,0,1,0,0,0,"No, en absoluto",Muy agresivo,"Sí, claramente",Reduce un poco mi confianza,Siempre,Rara vez,Otras,0,0,0,0,0,0,0,1,No consumo,No sé,"Sí, ocasionalmente",No lo sé,Si,Seguro,Madrugada,Zonas oscuras o alejadas,0,0,0,1,0,0,0,1,1,1,1,1,1,1,No,La pobreza,0,0,0,0,0,1,0,Ineficaz,No,,Otras,"Sí, de manera activa","Sí, de manera activa",Evitar salir de noche,1,0,0,0,0,"Sí, hay grupos de vigilancia",1,0,0,0,Mayor iluminación pública,,Igual que el resto del país,Regular,Mejor,Satisfecho/a,Mejor,Muy limitada,Muy limitada,Muy limitada,Muy limitada,Muy limitada,Han disminuido mucho,Se ha mantenido igual,Se ha mantenido igual,En desacuerdo,Difícil,Centro de salud de la parroquia,3,No sabe/no responde,Si,Público o fiscal,,Regular,Buena,Regular,Injusta,Neutral,Ni de acuerdo ni en desacuerdo,,Si,Seguro,Nada,,En desacuerdo,Conozco los números de emergencia Conozco las rutas de evacuación establecidas en la ciudad,0,1,0,0,1,0,0,0,0,0,0,0,Muy preocupado/a,Muy lentamente,,Ni bien ni mal,Muy mal,Muy mal,0.3595967 -80.0400467 10.7 4.94,0.3595967,-80.0400467,10.7,4.94
10 de Agosto,,Femenino,46,4,2,3,2,5,1,2,Ninguno,5,4,5,5,1,Ninguna,,3,1,2,1,1,Fraude,Consciente,No ha cambiado,Falta de diálogo,0,0,0,0,1,0,0,"Sí, en parte",Muy agresivo,"Sí, en ciertos casos",Reduce mucho mi confianza,A veces,Varias veces al día,Facebook,1,0,0,0,0,0,0,0,No consumo,"Sí, siempre","Sí, muy seguido","Sí, activamente",No,Neutral,Madrugada,Zonas oscuras o alejadas,0,0,0,1,0,0,0,5,1,5,1,2,1,1,Prefiero no responder,Consumo de drogas,0,0,1,0,0,0,0,Muy ineficaz,Si,2,,"No, no hacen nada ","No, no hacen nada ",Evitar salir de noche,1,0,0,0,0,"Sí, pero hay temor",0,0,1,0,Programas sociales para jóvenes,,Mucho peor que el resto del país,Mala,Mejor,Insatisfecho/a,Mucho peor,Extremadamente limitada,Moderada,Moderada,Suficiente,Muy limitada,No han cambiado,Se ha mantenido igual,Ha aumentado mucho,Totalmente en desacuerdo,Muy difícil,Centro médico particular,6,No sabe/no responde,Si,Público o fiscal,,Buena,Buena,Buena,No sabe/no responde,Mucho,Totalmente en desacuerdo,,No,,,Muy difícil,Totalmente en desacuerdo,Conozco los números de emergencia,0,0,0,0,1,0,0,0,0,0,0,0,Extremadamente preocupado/a,Muy lentamente,,Muy mal,Muy mal,Muy mal,-0.14487 -80.072678 105.2556284602888 25.697707434823617,-0.14487,-80.072678,105.2556285,25.69770743
10 de Agosto,,Masculino,64,5,1,5,1,1,3,5,Cambiar de gobierno,5,4,3,4,3,Ninguna,,1,3,4,3,3,No respondió,Nada consciente,Ha disminuido,Otras,0,0,0,0,0,0,1,"No, en absoluto",Neutral,No estoy seguro/a,Neutral,A veces,Una vez al día,Otras,0,0,0,0,0,0,0,1,Parcialmente sesgado,A veces,No estoy seguro/a,"No, pero me interesaría",No,Neutral,Noche,Calles principales,0,0,1,0,0,0,0,2,2,4,2,2,2,2,Si,Consumo de drogas,0,0,1,0,0,0,0,Neutral,Si,2,,"Sí, de manera activa","Sí, pero de forma insuficiente",Cambiar itinerarios y rutas,0,0,0,1,0,"Sí, pero hay temor",0,0,1,0,Educación ciudadana,,Igual que el resto del país,Ni buena ni mala,Igual,Satisfecho/a,Mejor,Extremadamente limitada,Muy limitada,Extremadamente limitada,Extremadamente limitada,Muy limitada,No han cambiado,Ha disminuido poco,Ha aumentado,En desacuerdo,Difícil,Centro de salud de la parroquia,3,Muy justos,Si,Público o fiscal,,Muy buena,Muy buena,Muy buena,Justa,Neutral,Ni de acuerdo ni en desacuerdo,,No,,,Neutral,En desacuerdo,Conozco las rutas de evacuación establecidas en la ciudad,0,1,0,0,0,0,0,0,0,0,0,0,Muy preocupado/a,Muy lentamente,,Ni bien ni mal,Ni bien ni mal,Ni bien ni mal,-0.144267 -80.072092 102.54767007454124 28.084960588824504,-0.144267,-80.072092,102.5476701,28.08496059
10 de Agosto,,Masculino,58,5,5,1,2,5,2,4,Ninguna,5,3,3,4,3,No toda persona puede ser candidato,,5,4,4,2,3,Ninguno,Muy consciente,No ha cambiado,Falta de diálogo,0,0,0,0,1,0,0,Neutral,Muy agresivo,"Sí, claramente",Reduce mucho mi confianza,Siempre,Rara vez,Otras,0,0,0,0,0,0,0,1,No consumo,No sé,Nunca,No lo sé,No,Seguro,Madrugada,Zonas oscuras o alejadas,0,0,0,1,0,0,0,1,1,1,1,1,1,1,No,Falta de trabajo,1,0,0,0,0,0,0,Muy eficaz,No,,Otras,"Sí, de manera activa","Sí, de manera activa",Evitar salir de noche,1,0,0,0,0,"Sí, hay grupos de vigilancia Sí, pero hay temor",1,0,1,0,Educación ciudadana,,Ligeramente mejor que el resto del país,Regular,Igual,Satisfecho/a,Igual,Muy suficiente,Muy suficiente,Muy suficiente,Muy suficiente,Suficiente,Han aumentado poco,Ha aumentado poco,Se ha mantenido igual,De acuerdo,Regular,Centro médico particular,8,Justos,Si,Privada o particular,,Buena,Buena,Buena,Muy injusta,Neutral,Ni de acuerdo ni en desacuerdo,,Si,Seguro,Moderadamente,,De acuerdo,He participado en simulacros de desastres naturales que se han realizado,0,0,0,1,0,0,0,0,0,0,0,0,Moderadamente preocupado/a,Con el tiempo necesario,,Bien,Bien,Bien,-0.144566 -80.072752 110.2205874752744 29.763154996954,-0.144566,-80.072752,110.2205875,29.763155
10 de Agosto,,Masculino,26,3,4,2,3,1,3,3,No respondió,2,3,1,2,3,Ninguna,,2,2,3,3,2,No responde,Consciente,No sé,Redes sociales,1,0,0,0,0,0,0,"Sí, en parte",Neutral,"Sí, en ciertos casos",Reduce un poco mi confianza,Rara vez,Varias veces al día,Facebook,1,0,0,0,0,0,0,0,No consumo,"Sí, frecuentemente","Sí, ocasionalmente","No, no me importa",No,Neutral,Mañana,Parques,1,0,0,0,0,0,0,3,2,4,2,3,2,2,Si,Consumo de drogas La pobreza,0,0,1,0,0,1,0,Neutral,No,,Temor a represalias,"Sí, pero de forma insuficiente","No, no hacen nada ",Otras,0,0,0,0,1,"No, pero hay interés",0,1,0,0,Programas sociales para jóvenes,,Igual que el resto del país,Ni buena ni mala,Igual,Ni satisfecho/a ni insatisfecho/a,Igual,Limitada,Muy limitada,Limitada,Moderada,Moderada,Han disminuido mucho,Ha disminuido poco,Ha aumentado,Ni de acuerdo ni en desacuerdo,Regular,Centro de salud de la parroquia,4,Justos,No,,,,,,Injusta,Neutral,De acuerdo,,No,,,Difícil,Ni de acuerdo ni en desacuerdo,He participado en simulacros de desastres naturales que se han realizado Conozco los números de emergencia Estoy informado sobre los riesgos de desastres naturales en mi área,0,0,0,1,1,0,1,0,0,0,0,0,Moderadamente preocupado/a,Lentamente,,Ni bien ni mal,Bien,Ni bien ni mal,-0.14444 -80.072629 106.90010631561279 17.93979649469771,-0.14444,-80.072629,106.9001063,17.93979649
10 de Agosto,,Femenino,28,5,1,5,1,2,3,3,Transparencias y rendición de cuentas hacia el público,5,5,5,5,5,La desconfianza en el sistema electoral,,1,5,1,3,1,La violencia y amenazas hacia la gente,Nada consciente,No sé,Líderes o partidos políticos Medios tradicionales Desigualdad económica,0,1,1,1,0,0,0,"Sí, totalmente",Muy agresivo,"Sí, claramente",Reduce mucho mi confianza,Siempre,Varias veces al día,Facebook Instagram TikTok YouTube,1,0,1,1,1,0,0,0,No consumo,Rara vez,"Sí, muy seguido","Sí, ocasionalmente",Si,Muy inseguro,Noche,Calles principales,0,0,1,0,0,0,0,5,5,5,5,5,5,5,Si,Crimen organizado,0,0,0,0,1,0,0,Muy ineficaz,Si,1,,"No sabe, no responde","Sí, pero de forma insuficiente",Evitar salir de noche Participar en grupos vecinales Cambiar itinerarios y rutas,1,0,1,1,0,"No sabe, no responde",0,0,0,1,Más patrullas policiales,,Igual que el resto del país,Regular,Igual,Satisfecho/a,Peor,Extremadamente limitada,Limitada,Limitada,Limitada,Limitada,No han cambiado,Se ha mantenido igual,Se ha mantenido igual,Ni de acuerdo ni en desacuerdo,Regular,Clínica privada,4,Injustos,No,,,,,,Muy injusta,Algo,Totalmente en desacuerdo,,No,,,Neutral,Totalmente en desacuerdo,Conozco las rutas de evacuación establecidas en la ciudad,0,1,0,0,0,0,0,0,0,0,0,0,Extremadamente preocupado/a,No sabe/no responde,,No sabe/no responde,No sabe/no responde,No sabe/no responde,-0.144401 -80.072494 106.34097801751645 25.003158573048317,-0.144401,-80.072494,106.340978,25.00315857
10 de Agosto,,Femenino,22,5,5,5,5,5,5,5,La seguridad,5,3,2,2,4,La movilidad y falta de informacion,,3,5,5,2,5,Son expuestos a tener fraudes,Neutral,No ha cambiado,Falta de respuesta a las demandas sociales,0,0,0,0,0,1,0,No realmente,Neutral,"Sí, en ciertos casos",Reduce un poco mi confianza,Siempre,Varias veces al día,Facebook,1,0,0,0,0,0,0,0,No consumo,Rara vez,"Sí, muy seguido","No, no me importa",Si,Neutral,Noche,Zonas oscuras o alejadas,0,0,0,1,0,0,0,1,4,5,4,2,1,3,No,Falta de trabajo,1,0,0,0,0,0,0,Neutral,Si,4,,"Sí, de manera activa","Sí, de manera activa",Cambiar itinerarios y rutas,0,0,0,1,0,"Sí, pero hay temor",0,0,1,0,Mayor iluminación pública,,Mucho peor que el resto del país,Ni buena ni mala,Medianamente mejor,Muy satisfecho/a,Peor,Extremadamente limitada,Limitada,Muy limitada,Extremadamente limitada,Suficiente,Han disminuido mucho,Se ha mantenido igual,Ha aumentado,En desacuerdo,Difícil,Centro médico particular,1,Muy injustos,No,,,,,,Injusta,Neutral,En desacuerdo,,Si,Muy seguro,Moderadamente,,Totalmente en desacuerdo,Tengo un plan de emergencia para toda la familia Tengo suficientes provisiones de medicamentos en caso de emergencia,1,0,0,0,0,0,0,0,0,1,0,0,Nada preocupado/a,Muy rápidamente,,Muy mal,Ni bien ni mal,Muy bien,-0.143808 -80.071882 100.87429932543455 18.79247358398287,-0.143808,-80.071882,100.8742993,18.79247358
10 de Agosto,,Masculino,55,3,4,4,5,5,3,3,Restructurar los poderes del estado  para tener un mejor rumbo del país,3,4,2,4,2,La falta de recursos,,2,1,2,2,1,Mucho riesgo,Neutral,Ha disminuido,Falta de diálogo,0,0,0,0,1,0,0,Neutral,Poco agresivo,"Sí, en ciertos casos",Reduce un poco mi confianza,Nunca,Varias veces al día,Twitter/X,0,1,0,0,0,0,0,0,Altamente polarizado,Rara vez,"Sí, muy seguido","No, no me importa",No,Neutral,Noche,Zonas oscuras o alejadas,0,0,0,1,0,0,0,3,1,5,1,1,1,1,No,Falta de trabajo La pobreza,1,0,0,0,0,1,0,Neutral,No,,Otras,"Sí, pero de forma insuficiente","Sí, pero de forma insuficiente",Cambiar itinerarios y rutas,0,0,0,1,0,"No, pero hay interés Sí, pero hay temor",0,1,1,0,Educación ciudadana,,Igual que el resto del país,Mala,Peor,Insatisfecho/a,Mejor,Limitada,Moderada,Extremadamente limitada,Muy limitada,Moderada,Han disminuido mucho,Ha disminuido mucho,Ha aumentado mucho,Totalmente en desacuerdo,Muy difícil,Centro de salud de la parroquia,2,Injustos,Si,Público o fiscal,,Muy mala,Regular,Mala,Injusta,Algo,Totalmente en desacuerdo,,No,,,Neutral,Totalmente en desacuerdo,Mi vivienda está preparada para resistir los embates de un desastre,0,0,0,0,0,0,0,0,0,0,1,0,Extremadamente preocupado/a,Muy lentamente,,Ni bien ni mal,Ni bien ni mal,Ni bien ni mal,-0.144639 -80.072274 104.20834465486479 22.47748809313524,-0.144639,-80.072274,104.2083447,22.47748809
10 de Agosto,,Masculino,54,5,4,4,3,4,5,1,Una nueva asamblea constituyente,4,4,1,5,4,Falta de recursos económicos,,5,4,4,5,1,No contesto,Muy consciente,No ha cambiado,Redes sociales,1,0,0,0,0,0,0,"Sí, totalmente",Muy agresivo,"Sí, en ciertos casos",Reduce mucho mi confianza,Nunca,Rara vez,Otras,0,0,0,0,0,0,0,1,No consumo,No sé,Nunca,No lo sé,No,Inseguro,Noche,Zonas oscuras o alejadas,0,0,0,1,0,0,0,4,1,3,1,1,2,3,No,La pobreza,0,0,0,0,0,1,0,Muy ineficaz,No,,Otras,"Sí, pero de forma insuficiente","Sí, pero de forma insuficiente",Evitar salir de noche,1,0,0,0,0,"No, pero hay interés",0,1,0,0,Más patrullas policiales,,Igual que el resto del país,Regular,Medianamente mejor,Ni satisfecho/a ni insatisfecho/a,Igual,Suficiente,Suficiente,Limitada,Limitada,Limitada,No han cambiado,Ha disminuido poco,Se ha mantenido igual,En desacuerdo,Muy difícil,Centro de salud de la parroquia,5,Justos,No,,,,,,Muy injusta,Poco,Totalmente en desacuerdo,,No,,,Difícil,Totalmente en desacuerdo,He participado en simulacros de desastres naturales que se han realizado,0,0,0,1,0,0,0,0,0,0,0,0,Muy preocupado/a,Rápidamente,,Ni bien ni mal,Ni bien ni mal,Muy mal,-0.144702 -80.072404 103.57944160461426 39.10240186980878,-0.144702,-80.072404,103.5794416,39.10240187
10 de Agosto,,Masculino,71,5,2,2,1,5,1,3,Cambio de gobierno,5,4,1,5,5,Debe ser una persona buena para participar,,1,1,3,4,1,Ninguna,Nada consciente,Ha disminuido,Líderes o partidos políticos,0,1,0,0,0,0,0,"Sí, en parte",Muy agresivo,"Sí, en ciertos casos",Neutral,Rara vez,Nunca,Otras,0,0,0,0,0,0,0,1,No consumo,No sé,Nunca,No lo sé,No,Seguro,Madrugada,Zonas oscuras o alejadas,0,0,0,1,0,0,0,5,1,1,1,1,1,1,No,Falta de presencia policial,0,1,0,0,0,0,0,Neutral,No,,Otras,"Sí, pero de forma insuficiente","Sí, pero de forma insuficiente",Evitar salir de noche,1,0,0,0,0,"No sabe, no responde",0,0,0,1,Más patrullas policiales,,Ligeramente peor que el resto del país,Mala,Igual,Satisfecho/a,Peor,Muy limitada,Muy suficiente,Limitada,Limitada,Muy limitada,Han disminuido poco,Ha disminuido poco,Ha aumentado,Totalmente en desacuerdo,Regular,Centro de salud de la parroquia,5,Justos,Si,Público o fiscal,,Buena,Muy mala,Muy mala,Muy injusta,Algo,Totalmente en desacuerdo,,No,,,Difícil,Totalmente en desacuerdo,Tengo un plan de emergencia para toda la familia,1,0,0,0,0,0,0,0,0,0,0,0,Moderadamente preocupado/a,Rápidamente,,Bien,Bien,Ni bien ni mal,-0.145027 -80.072501 103.2723394187028 20.248162026996404,-0.145027,-80.072501,103.2723394,20.24816203
10 de Agosto,,Masculino,24,5,3,4,4,3,5,3,No responde,5,3,3,5,4,No responde,,4,3,5,4,4,No responde,Poco consciente,No sé,Redes sociales,1,0,0,0,0,0,0,"Sí, en parte",Neutral,No realmente,Neutral,A veces,Varias veces al día,Facebook,1,0,0,0,0,0,0,0,Mayormente equilibrado,A veces,"Sí, ocasionalmente","Sí, ocasionalmente",No,Neutral,Madrugada,Calles principales,0,0,1,0,0,0,0,3,2,5,4,3,2,1,No,Falta de trabajo,1,0,0,0,0,0,0,Neutral,Si,3,,"No, no hacen nada ","Sí, pero de forma insuficiente",Evitar salir de noche,1,0,0,0,0,"Sí, pero hay temor",0,0,1,0,Mayor iluminación pública,,Igual que el resto del país,Mala,Mejor,Ni satisfecho/a ni insatisfecho/a,Igual,Suficiente,Moderada,Suficiente,Limitada,Suficiente,Han disminuido poco,Se ha mantenido igual,Ha disminuido,En desacuerdo,Regular,Hospital,6,Injustos,No,,,,,,Injusta,Neutral,Ni de acuerdo ni en desacuerdo,,No,,,Neutral,En desacuerdo,Conozco los números de emergencia,0,0,0,0,1,0,0,0,0,0,0,0,Poco preocupado/a,Lentamente,,Muy mal,Muy mal,Ni bien ni mal,-0.145545 -80.072513 101.96915656770977 21.209240766886044,-0.145545,-80.072513,101.9691566,21.20924077
10 de Agosto,,Masculino,23,5,2,3,2,5,2,2,No responde,3,4,2,5,3,La falta de recursos,,1,1,2,4,2,No responde,Muy consciente,No ha cambiado,Falta de diálogo,0,0,0,0,1,0,0,No realmente,Muy agresivo,"Sí, en ciertos casos",Reduce un poco mi confianza,Siempre,Varias veces al día,Facebook TikTok,1,0,0,1,0,0,0,0,Mayormente equilibrado,"Sí, siempre","Sí, ocasionalmente","Sí, activamente",No,Muy inseguro,Madrugada,Zonas oscuras o alejadas,0,0,0,1,0,0,0,1,1,5,2,2,1,1,Si,Falta de presencia policial Consumo de drogas Crimen organizado,0,1,1,0,1,0,0,Eficaz,No,,Otras,"Sí, pero de forma insuficiente","Sí, de manera activa",Evitar salir de noche,1,0,0,0,0,"Sí, pero hay temor",0,0,1,0,Más patrullas policiales,,Igual que el resto del país,Mala,Mejor,Satisfecho/a,Peor,Suficiente,Suficiente,Suficiente,Limitada,Suficiente,No han cambiado,Se ha mantenido igual,Se ha mantenido igual,Totalmente en desacuerdo,Regular,Centro de salud de la parroquia,5,Justos,No,,,,,,Injusta,Algo,Ni de acuerdo ni en desacuerdo,,No,,,Neutral,De acuerdo,Conozco los sitios seguros de la ciudad,0,0,0,0,0,0,0,0,1,0,0,0,Poco preocupado/a,Muy lentamente,,Ni bien ni mal,Bien,Muy mal,-0.146515 -80.072329 104.12891801515245 21.02241112432184,-0.146515,-80.072329,104.128918,21.02241112
10 de Agosto,,Masculino,56,4,1,2,3,3,5,1,No responde,5,4,3,2,1,No responde,,3,2,3,2,3,No responde,Poco consciente,No ha cambiado,Líderes o partidos políticos,0,1,0,0,0,0,0,"No, en absoluto",Poco agresivo,"No, en absoluto",No afecta mi confianza,A veces,Una vez al día,Facebook TikTok,1,0,0,1,0,0,0,0,Mayormente equilibrado,No sé,Nunca,"No, no me importa",No,Muy inseguro,Madrugada,Zonas oscuras o alejadas,0,0,0,1,0,0,0,1,1,1,1,1,1,1,No,Falta de trabajo Consumo de drogas La pobreza,1,0,1,0,0,1,0,Muy ineficaz,No,,Temor a represalias,"Sí, pero de forma insuficiente","Sí, de manera activa",Evitar salir de noche,1,0,0,0,0,"Sí, hay grupos de vigilancia",1,0,0,0,Más patrullas policiales,,Igual que el resto del país,Buena,Igual,Insatisfecho/a,Igual,Suficiente,Suficiente,Suficiente,Moderada,Moderada,Han disminuido poco,Se ha mantenido igual,Ha aumentado,En desacuerdo,Regular,Policlínico,5,Justos,Si,Público o fiscal,,Regular,Mala,Muy mala,Justa,Neutral,En desacuerdo,,No,,,Difícil,Ni de acuerdo ni en desacuerdo,Tengo suficientes provisiones de medicamentos en caso de emergencia,0,0,0,0,0,0,0,0,0,1,0,0,Nada preocupado/a,Muy rápidamente,,Muy bien,Bien,Bien,-0.147105 -80.072403 103.9970304395367 16.335567905426363,-0.147105,-80.072403,103.9970304,16.33556791
10 de Agosto,,Masculino,24,3,4,4,3,4,4,4,No responde,5,5,5,5,5,No reaponde,,1,2,2,2,2,No responde,Poco consciente,No sé,Redes sociales,1,0,0,0,0,0,0,No realmente,Neutral,No realmente,Neutral,Siempre,Rara vez,Facebook TikTok YouTube,1,0,0,1,1,0,0,0,Mayormente equilibrado,No sé,Rara vez,"No, no me importa",Si,Neutral,Madrugada,Zonas oscuras o alejadas,0,0,0,1,0,0,0,1,1,1,1,1,1,1,No,Falta de trabajo Consumo de drogas,1,0,1,0,0,0,0,Ineficaz,Si,4,,"Sí, de manera activa","Sí, de manera activa",Instalar cámaras o alarmas,0,1,0,0,0,"Sí, pero hay temor",0,0,1,0,Más patrullas policiales,,Mucho peor que el resto del país,Mala,Medianamente mejor,Satisfecho/a,Igual,Suficiente,Suficiente,Extremadamente limitada,Limitada,Limitada,Han disminuido poco,Se ha mantenido igual,Se ha mantenido igual,En desacuerdo,Regular,Centro de salud de la parroquia,5,No sabe/no responde,No,,,,,,Justa,Mucho,En desacuerdo,,No,,,Difícil,En desacuerdo,Tengo un plan de emergencia para toda la familia Sé cómo contactar a las autoridades y/o instituciones en caso de desastre Cuento con un fondo económico de emergencia,1,0,0,0,0,1,0,0,0,0,0,1,Nada preocupado/a,Muy rápidamente,,Bien,Muy bien,Ni bien ni mal,-0.147208 -80.072354 104.2998169336144 33.709333977355186,-0.147208,-80.072354,104.2998169,33.70933398
,,Masculino,28,2,2,2,3,2,2,3,No responde,2,3,2,2,2,No responde,,2,2,1,1,2,No responde,Poco consciente,No ha cambiado,Líderes o partidos políticos,0,1,0,0,0,0,0,"No, en absoluto",Neutral,No realmente,No afecta mi confianza,Rara vez,Varias veces al día,Facebook TikTok YouTube,1,0,0,1,1,0,0,0,Mayormente equilibrado,A veces,"Sí, muy seguido","No, pero me interesaría",Si,Inseguro,Madrugada,Zonas oscuras o alejadas,0,0,0,1,0,0,0,1,1,1,1,1,1,1,No,Falta de trabajo La pobreza,1,0,0,0,0,1,0,Neutral,No,,Consideró que no serviría de nada,"Sí, de manera activa","Sí, de manera activa",Instalar cámaras o alarmas,0,1,0,0,0,"Sí, pero hay temor",0,0,1,0,Programas sociales para jóvenes,,Ligeramente peor que el resto del país,Muy Mala,Peor,Insatisfecho/a,Igual,Suficiente,Suficiente,Suficiente,Moderada,Suficiente,Han aumentado poco,Ha disminuido poco,Ha aumentado,Ni de acuerdo ni en desacuerdo,Difícil,Centro médico particular,5,Muy injustos,Si,Privada o particular,,Muy mala,Muy mala,Muy mala,Injusta,Neutral,En desacuerdo,,Si,Seguro,Nada,,Ni de acuerdo ni en desacuerdo,Tengo un plan de emergencia para toda la familia Tengo los documentos importantes protegidos y resguardados,1,0,0,0,0,0,0,1,0,0,0,0,Nada preocupado/a,Lentamente,,Muy bien,Bien,Ni bien ni mal,-0.147164 -80.072547 106.53231497470271 41.74669468761731,-0.147164,-80.072547,106.532315,41.74669469
10 de Agosto,,Femenino,21,2,2,3,3,2,2,2,No responde,1,2,2,2,1,No responde,,2,2,1,2,3,No responde,Nada consciente,No sé,Medios tradicionales,0,0,1,0,0,0,0,No realmente,Muy agresivo,"No, en absoluto",Neutral,Rara vez,Algunas veces por semana,Facebook TikTok,1,0,0,1,0,0,0,0,No consumo,Rara vez,Rara vez,"No, no me importa",Si,Muy inseguro,Madrugada,Transporte público Calles principales Zonas oscuras o alejadas,0,1,1,1,0,0,0,2,2,1,1,2,2,2,Si,Falta de trabajo,1,0,0,0,0,0,0,Muy ineficaz,No,,Temor a represalias,"Sí, de manera activa","Sí, de manera activa",Otras,0,0,0,0,1,"No, pero hay interés",0,1,0,0,Programas sociales para jóvenes,,Mucho peor que el resto del país,Buena,Igual,Ni satisfecho/a ni insatisfecho/a,Peor,Limitada,Limitada,Moderada,Limitada,Muy limitada,Han disminuido poco,Se ha mantenido igual,Ha aumentado,En desacuerdo,Difícil,Hospital,5,Justos,Si,Privada o particular,,Mala,Regular,Regular,Muy injusta,Poco,Totalmente de acuerdo,,No contesta,,,,De acuerdo,Conozco las rutas de evacuación establecidas en la ciudad Estoy informado sobre los riesgos de desastres naturales en mi área,0,1,0,0,0,0,1,0,0,0,0,0,Poco preocupado/a,Rápidamente,,Muy bien,Bien,Bien,-0.147176 -80.072417 104.14359252310037 22.870825746767828,-0.147176,-80.072417,104.1435925,22.87082575
10 de Agosto,,Femenino,68,2,2,3,4,3,3,3,No responde,2,2,2,3,5,No responde,,2,3,3,2,2,No responde,Nada consciente,No sé,Medios tradicionales,0,0,1,0,0,0,0,Neutral,Poco agresivo,"Sí, en ciertos casos",Aumenta mi confianza,Nunca,Algunas veces por semana,Facebook TikTok,1,0,0,1,0,0,0,0,Parcialmente sesgado,"Sí, frecuentemente","Sí, muy seguido","No, pero me interesaría",No,Neutral,Madrugada,Zonas oscuras o alejadas,0,0,0,1,0,0,0,1,1,1,1,1,1,1,No,Corrupción,0,0,0,1,0,0,0,Neutral,No,,Consideró que no serviría de nada,"Sí, de manera activa","Sí, de manera activa",Instalar cámaras o alarmas,0,1,0,0,0,"No, pero hay interés",0,1,0,0,Educación ciudadana,,Ligeramente peor que el resto del país,Mala,No sabe/no contesta,Muy satisfecho/a,Igual,Suficiente,Suficiente,Moderada,Suficiente,Muy suficiente,Han disminuido mucho,Ha disminuido mucho,Ha aumentado,De acuerdo,Regular,Centro de salud de la parroquia,6,Muy injustos,Si,Privada o particular,,Regular,Mala,Buena,No sabe/no responde,Nada,En desacuerdo,,No,,,Difícil,De acuerdo,Conozco las rutas de evacuación establecidas en la ciudad Mi vivienda está preparada para resistir los embates de un desastre,0,1,0,0,0,0,0,0,0,0,1,0,Poco preocupado/a,Con el tiempo necesario,,Ni bien ni mal,Ni bien ni mal,Ni bien ni mal,-0.147092 -80.072416 103.99514597908748 17.79646122427429,-0.147092,-80.072416,103.995146,17.79646122
10 de Agosto,,Masculino,33,2,1,1,1,2,3,2,No responde,2,3,3,2,2,No responde,,3,2,2,4,4,No Responde,Poco consciente,No sé,Redes sociales Falta de diálogo,1,0,0,0,1,0,0,Neutral,Neutral,"Sí, en ciertos casos",Neutral,Rara vez,Una vez al día,Facebook TikTok,1,0,0,1,0,0,0,0,Mayormente equilibrado,Rara vez,Rara vez,"No, no me importa",No,Muy inseguro,Madrugada,Zonas oscuras o alejadas,0,0,0,1,0,0,0,1,1,1,1,1,1,1,No,Falta de trabajo Corrupción Crimen organizado,1,0,0,1,1,0,0,Ineficaz,No,,Temor a represalias,"Sí, de manera activa","Sí, pero de forma insuficiente",Cambiar itinerarios y rutas,0,0,0,1,0,"No, pero hay interés",0,1,0,0,Liderazgo de las autoridades locales,,Ligeramente mejor que el resto del país,Buena,Mejor,Muy insatisfecho/a,Mucho mejor,Muy limitada,Limitada,Limitada,Muy limitada,Muy limitada,Han disminuido mucho,Ha disminuido poco,Ha aumentado mucho,Ni de acuerdo ni en desacuerdo,Regular,Centro médico particular,5,Justos,Si,Público o fiscal,,Mala,Regular,Muy mala,Injusta,Mucho,De acuerdo,,No,,,Neutral,Totalmente en desacuerdo,Tengo un plan de emergencia para toda la familia Sé cómo contactar a las autoridades y/o instituciones en caso de desastre,1,0,0,0,0,1,0,0,0,0,0,0,Moderadamente preocupado/a,Muy rápidamente,,Ni bien ni mal,Bien,Bien,-0.147102 -80.072396 104.04067445309423 18.163192165970035,-0.147102,-80.072396,104.0406745,18.16319217
Pedernales,Conglomerado 1,Masculino,37,3,3,3,3,3,3,3,Participación ciudadana,3,2,3,4,3,Fraude,,4,4,2,3,3,Que no son claros los resaltados ,Poco consciente,No ha cambiado,Redes sociales Falta de diálogo Líderes o partidos políticos,1,1,0,0,1,0,0,Neutral,Muy agresivo,"Sí, en ciertos casos",Neutral,A veces,Varias veces al día,Facebook TikTok YouTube,1,0,0,1,1,0,0,0,No consumo,Rara vez,"Sí, ocasionalmente","No, no me importa",No,Muy inseguro,Noche,Parques Zonas oscuras o alejadas,1,0,0,1,0,0,0,4,2,3,2,2,5,4,No,Corrupción Crimen organizado,0,0,0,1,1,0,0,Muy ineficaz,No,,Desconfianza en las autoridades,"No, no hacen nada ","No, no hacen nada ",Evitar salir de noche Otras,1,0,0,0,1,"Sí, pero hay temor",0,0,1,0,Más patrullas policiales,,Igual que el resto del país,Ni buena ni mala,Igual,Ni satisfecho/a ni insatisfecho/a,Igual,Limitada,Limitada,Limitada,Limitada,Limitada,Han disminuido poco,Ha disminuido poco,Ha aumentado,Ni de acuerdo ni en desacuerdo,Difícil,Hospital,8,Justos,Si,Público o fiscal,,Buena,Muy buena,Buena,Injusta,Algo,Ni de acuerdo ni en desacuerdo,,Si,Inseguro,Nada,,En desacuerdo,He participado en simulacros de desastres naturales que se han realizado Conozco los números de emergencia Conozco los sitios seguros de la ciudad,0,0,0,1,1,0,0,0,1,0,0,0,Muy preocupado/a,Lentamente,,No sabe/no responde,No sabe/no responde,No sabe/no responde,0.0770456 -80.0521499 34.79999923706055 4.45,0.0770456,-80.0521499,34.79999924,4.45
Pedernales,Conglomerado 1,Masculino,70,4,2,2,2,2,3,2,Que hayan leyes justas,3,2,2,3,2,Falta de comunicación,,4,3,2,2,2,Compra de votos,Neutral,No sé,Falta de diálogo,0,0,0,0,1,0,0,Neutral,Muy agresivo,No estoy seguro/a,Neutral,Frecuentemente,Nunca,Otras,0,0,0,0,0,0,0,1,No consumo,No sé,No estoy seguro/a,No lo sé,No,Muy inseguro,Noche,Zonas oscuras o alejadas,0,0,0,1,0,0,0,4,2,3,2,2,3,3,No,Otras,0,0,0,0,0,0,1,Ineficaz,No,,Consideró que no serviría de nada,"No, no hacen nada ","No, no hacen nada ",Evitar salir de noche Otras,1,0,0,0,1,"No sabe, no responde",0,0,0,1,Más patrullas policiales,,Igual que el resto del país,Ni buena ni mala,Igual,Ni satisfecho/a ni insatisfecho/a,Igual,Muy limitada,Muy limitada,Muy limitada,Extremadamente limitada,Muy limitada,Han disminuido mucho,Se ha mantenido igual,Ha aumentado mucho,Ni de acuerdo ni en desacuerdo,Difícil,Hospital,9,Justos,Si,Público o fiscal,,Buena,Buena,Buena,No sabe/no responde,Mucho,Ni de acuerdo ni en desacuerdo,,No,,,Muy difícil,Totalmente en desacuerdo,He participado en simulacros de desastres naturales que se han realizado,0,0,0,1,0,0,0,0,0,0,0,0,Extremadamente preocupado/a,Muy lentamente,,No sabe/no responde,No sabe/no responde,No sabe/no responde,0.0763505 -80.0537415 33.89999771118164 3.528,0.0763505,-80.0537415,33.89999771,3.528
Pedernales,Conglomerado 1,Masculino,53,3,4,3,4,2,2,3,Que sea transparente ,2,2,3,3,3,Fraude,,2,2,1,3,1,Trampa,Poco consciente,No ha cambiado,Redes sociales Desigualdad económica,1,0,0,1,0,0,0,No realmente,Poco agresivo,"Sí, en ciertos casos",Reduce un poco mi confianza,A veces,Rara vez,Facebook,1,0,0,0,0,0,0,0,No consumo,No sé,No estoy seguro/a,"No, no me importa",No,Muy inseguro,Noche,Parques Zonas oscuras o alejadas Centros comerciales,1,0,0,1,1,0,0,3,2,4,1,1,4,3,No,Falta de presencia policial,0,1,0,0,0,0,0,Muy ineficaz,No,,Desconfianza en las autoridades,"Sí, pero de forma insuficiente","Sí, pero de forma insuficiente",Evitar salir de noche Cambiar itinerarios y rutas Otras,1,0,0,1,1,"Sí, pero hay temor No, pero hay interés",0,1,1,0,Más patrullas policiales,,Igual que el resto del país,Ni buena ni mala,Igual,Ni satisfecho/a ni insatisfecho/a,Igual,Limitada,Limitada,Limitada,Limitada,Limitada,Han disminuido mucho,Ha disminuido poco,Ha aumentado,Ni de acuerdo ni en desacuerdo,Regular,Hospital,9,Justos,Si,Público o fiscal,,Buena,Muy buena,Muy buena,Muy injusta,Algo,Ni de acuerdo ni en desacuerdo,,Si,Inseguro,Poco,,Totalmente en desacuerdo,He participado en simulacros de desastres naturales que se han realizado Conozco los números de emergencia,0,0,0,1,1,0,0,0,0,0,0,0,Extremadamente preocupado/a,Lentamente,,Muy mal,Muy mal,Muy mal,0.0797651 -80.0514143 44.70000076293945 4.5,0.0797651,-80.0514143,44.70000076,4.5
Pedernales,Conglomerado 1,Masculino,65,4,4,3,2,2,2,2,Eliminar la delincuencia ,3,3,3,3,3,Favtor economico,,4,3,2,3,2,Fraude,Consciente,No ha cambiado,Medios tradicionales Líderes o partidos políticos,0,1,1,0,0,0,0,No realmente,Poco agresivo,"Sí, claramente",Reduce un poco mi confianza,Frecuentemente,Rara vez,Facebook YouTube,1,0,0,0,1,0,0,0,Mayormente equilibrado,No sé,Rara vez,"No, no me importa",No,Inseguro,Noche,Parques Zonas oscuras o alejadas,1,0,0,1,0,0,0,4,2,3,1,1,4,3,No,Crimen organizado,0,0,0,0,1,0,0,Muy ineficaz,No,,Desconfianza en las autoridades,"Sí, pero de forma insuficiente","Sí, pero de forma insuficiente",Evitar salir de noche Otras Cambiar itinerarios y rutas,1,0,0,1,1,"Sí, pero hay temor",0,0,1,0,Mayor iluminación pública,,Ligeramente peor que el resto del país,Mala,Igual,Ni satisfecho/a ni insatisfecho/a,Igual,Muy limitada,Muy limitada,Muy limitada,Extremadamente limitada,Extremadamente limitada,Han disminuido mucho,Ha disminuido poco,Ha aumentado,Ni de acuerdo ni en desacuerdo,Regular,Hospital,10,Justos,No,,,,,,Injusta,Algo,Ni de acuerdo ni en desacuerdo,,No,,,Difícil,Totalmente en desacuerdo,Conozco los números de emergencia,0,0,0,0,1,0,0,0,0,0,0,0,Extremadamente preocupado/a,Muy lentamente,,No sabe/no responde,No sabe/no responde,No sabe/no responde,0.0777352 -80.0527375 35.29999923706055 4.14,0.0777352,-80.0527375,35.29999924,4.14
Pedernales,Conglomerado 1,Femenino,39,4,5,5,5,3,4,5,Que la seguridad mejore,5,4,5,5,3,Comunicación,,4,2,3,4,2,Mala información,Consciente,No ha cambiado,Redes sociales Falta de diálogo,1,0,0,0,1,0,0,"Sí, totalmente",Neutral,"Sí, claramente",Reduce mucho mi confianza,Rara vez,Varias veces al día,Facebook TikTok Instagram Twitter/X YouTube,1,1,1,1,1,0,0,0,Mayormente equilibrado,"Sí, frecuentemente",No estoy seguro/a,"No, no me importa",No,Muy inseguro,Noche,Parques Centros comerciales Mercados de abastos Zonas oscuras o alejadas Restaurantes y cafeterías,1,0,0,1,1,1,1,4,2,4,2,3,5,5,No,Crimen organizado Corrupción,0,0,0,1,1,0,0,Muy ineficaz,No,,Desconfianza en las autoridades,"Sí, pero de forma insuficiente","Sí, pero de forma insuficiente",Cambiar itinerarios y rutas Otras,0,0,0,1,1,"No, pero hay interés",0,1,0,0,Más patrullas policiales,,Ligeramente mejor que el resto del país,Ni buena ni mala,Igual,Ni satisfecho/a ni insatisfecho/a,Igual,Limitada,Limitada,Limitada,Limitada,Limitada,No han cambiado,Se ha mantenido igual,Se ha mantenido igual,En desacuerdo,Regular,Hospital,9,Justos,Si,Público o fiscal,,Buena,Buena,Buena,Muy injusta,Algo,Ni de acuerdo ni en desacuerdo,,No,,,Muy difícil,Totalmente en desacuerdo,Conozco las rutas de evacuación establecidas en la ciudad Conozco los números de emergencia,0,1,0,0,1,0,0,0,0,0,0,0,Extremadamente preocupado/a,Con el tiempo necesario,,Muy mal,Muy mal,Muy mal,0.0798308 -80.0519156 33.599998474121094 4.0,0.0798308,-80.0519156,33.59999847,4
Pedernales,Conglomerado 1,Masculino,54,5,5,5,5,4,5,5,Que se cumplan las leyes,3,3,3,4,2,La corrupción ,,3,3,1,3,1,Fraude corrupcion,Muy consciente,No ha cambiado,Desigualdad económica Líderes o partidos políticos,0,1,0,1,0,0,0,"Sí, totalmente",Poco agresivo,"Sí, claramente",Reduce mucho mi confianza,Rara vez,Varias veces al día,Facebook YouTube,1,0,0,0,1,0,0,0,Parcialmente sesgado,Rara vez,No estoy seguro/a,"No, no me importa",No,Muy inseguro,Noche,Parques Zonas oscuras o alejadas,1,0,0,1,0,0,0,3,1,3,1,2,4,3,No,Crimen organizado Corrupción,0,0,0,1,1,0,0,Muy ineficaz,No,,Consideró que no serviría de nada,"Sí, pero de forma insuficiente","Sí, pero de forma insuficiente",Evitar salir de noche,1,0,0,0,0,"No sabe, no responde No, pero hay interés",0,1,0,1,Más patrullas policiales,,Igual que el resto del país,Ni buena ni mala,Igual,Ni satisfecho/a ni insatisfecho/a,Mejor,Moderada,Moderada,Moderada,Muy limitada,Moderada,Han disminuido poco,Se ha mantenido igual,Se ha mantenido igual,En desacuerdo,Regular,Hospital,10,Justos,Si,Público o fiscal,,Buena,Muy buena,Buena,Injusta,Neutral,Ni de acuerdo ni en desacuerdo,,No,,,Difícil,Totalmente en desacuerdo,Conozco las rutas de evacuación establecidas en la ciudad Conozco los números de emergencia,0,1,0,0,1,0,0,0,0,0,0,0,Extremadamente preocupado/a,Lentamente,,Ni bien ni mal,Ni bien ni mal,Ni bien ni mal,0.0784918 -80.0518257 36.0 4.8,0.0784918,-80.0518257,36,4.8
Pedernales,Conglomerado 3,Masculino,33,1,1,1,1,1,1,1,Tener consciencia a la hora de elegir nuestros representantes qué no jueguen con el bienestar del país ,5,1,1,1,1,La falta de información para elegir bien a los candidatos participantes ,,1,1,1,1,1,Fraude electoral ,Consciente,Ha disminuido,Líderes o partidos políticos,0,1,0,0,0,0,0,No realmente,Muy agresivo,No realmente,Reduce mucho mi confianza,A veces,Varias veces al día,Facebook TikTok YouTube Whatsapp,1,0,0,1,1,1,0,0,Parcialmente sesgado,A veces,"Sí, ocasionalmente","Sí, ocasionalmente",Si,Inseguro,Noche,Zonas oscuras o alejadas,0,0,0,1,0,0,0,3,2,5,1,2,2,1,No,Falta de trabajo,1,0,0,0,0,0,0,Ineficaz,No,,Desconfianza en las autoridades,"No, no hacen nada ","Sí, pero de forma insuficiente",Evitar salir de noche,1,0,0,0,0,"Sí, pero hay temor",0,0,1,0,Programas sociales para jóvenes,,Ligeramente peor que el resto del país,Ni buena ni mala,Igual,Ni satisfecho/a ni insatisfecho/a,Igual,Limitada,Limitada,Limitada,Limitada,Limitada,Han aumentado poco,Se ha mantenido igual,Ha aumentado,Totalmente en desacuerdo,Regular,Hospital,8,Justos,Si,Público o fiscal,,Regular,Buena,Buena,Injusta,Algo,Totalmente en desacuerdo,,No,,,Difícil,Ni de acuerdo ni en desacuerdo,Estoy informado sobre los riesgos de desastres naturales en mi área,0,0,0,0,0,0,1,0,0,0,0,0,Moderadamente preocupado/a,Lentamente,,Muy mal,Muy mal,Muy mal,0.0646035 -80.0546742 29.700000762939453 4.84,0.0646035,-80.0546742,29.70000076,4.84
Pedernales,Conglomerado 2,Masculino,48,2,1,1,5,5,5,3,Tener igualdad de libertad expresión y tener una prensa equitativa. Que la educación superior sea más equitativa para tener una democracia justa,5,5,3,5,5,Desigualdad en la prensa,,1,1,1,5,5,Vivimos en una democracia bastante difícil y paupérrima,Consciente,"Sí, ha cambiado un poco",Falta de diálogo Medios tradicionales Redes sociales,1,0,1,0,1,0,0,No realmente,Muy agresivo,"Sí, claramente",Reduce mucho mi confianza,Nunca,Varias veces al día,Facebook TikTok YouTube Instagram Whatsapp,1,0,1,1,1,1,0,0,Parcialmente sesgado,"Sí, frecuentemente","Sí, muy seguido",No lo sé,No,Inseguro,Mañana,Parques,1,0,0,0,0,0,0,3,5,4,1,3,3,2,Si,Falta de trabajo,1,0,0,0,0,0,0,Muy ineficaz,No,,Temor a represalias,"No, no hacen nada ","No, no hacen nada ",Evitar salir de noche,1,0,0,0,0,"No sabe, no responde",0,0,0,1,Programas sociales para jóvenes,,Mucho mejor que el resto del país,Mala,Igual,Satisfecho/a,Igual,Limitada,Limitada,Limitada,Limitada,Limitada,Han disminuido mucho,Ha disminuido poco,Se ha mantenido igual,Totalmente en desacuerdo,Regular,Hospital,3,Justos,Si,Público o fiscal,,Regular,Buena,Muy mala,Justa,Nada,En desacuerdo,,Si,Neutral,Poco,,Ni de acuerdo ni en desacuerdo,Conozco los sitios seguros de la ciudad,0,0,0,0,0,0,0,0,1,0,0,0,Moderadamente preocupado/a,Con el tiempo necesario,,No sabe/no responde,No sabe/no responde,No sabe/no responde,0.0706908 -80.0540952 44.099998474121094 4.8,0.0706908,-80.0540952,44.09999847,4.8
Pedernales,Conglomerado 2,Masculino,45,5,5,1,1,1,1,4,La educación,5,5,1,5,1,Dinero,,5,1,2,4,1,Muerte,Neutral,No ha cambiado,Redes sociales,1,0,0,0,0,0,0,Neutral,Muy agresivo,No estoy seguro/a,Neutral,Rara vez,Una vez al día,Facebook,1,0,0,0,0,0,0,0,No consumo,No sé,"Sí, muy seguido","No, no me importa",Si,Neutral,Madrugada,Parques,1,0,0,0,0,0,0,5,5,5,2,3,2,3,Si,Falta de trabajo Crimen organizado La pobreza,1,0,0,0,1,1,0,Neutral,No,,Desconfianza en las autoridades,"No sabe, no responde","Sí, pero de forma insuficiente",Cambiar itinerarios y rutas,0,0,0,1,0,"No, pero hay interés",0,1,0,0,Liderazgo de las autoridades locales,,Ligeramente peor que el resto del país,Regular,Medianamente mejor,Ni satisfecho/a ni insatisfecho/a,Peor,Extremadamente limitada,Moderada,Moderada,Moderada,Muy limitada,Han disminuido mucho,Ha disminuido mucho,Ha aumentado mucho,Ni de acuerdo ni en desacuerdo,Regular,Clínica privada,1,Muy injustos,Si,Privada o particular,,Mala,Muy buena,Regular,No sabe/no responde,Neutral,En desacuerdo,,Si,Inseguro,Nada,,De acuerdo,Tengo un plan de emergencia para toda la familia,1,0,0,0,0,0,0,0,0,0,0,0,Moderadamente preocupado/a,Muy rápidamente,,Ni bien ni mal,Ni bien ni mal,Ni bien ni mal,0.0712566 -80.053323 44.20000076293945 4.683,0.0712566,-80.053323,44.20000076,4.683
10 de Agosto,,Femenino,48,3,5,2,3,2,3,5,Necesita un gobierno más justo,5,2,3,5,4,La corrupción,,3,4,4,3,4,La integridad de los votantes,Consciente,"Sí, ha cambiado un poco",Redes sociales,1,0,0,0,0,0,0,"Sí, en parte",Moderadamente respetuoso,"Sí, en ciertos casos",Neutral,A veces,Varias veces al día,Instagram,0,0,1,0,0,0,0,0,No consumo,Rara vez,Rara vez,"No, no me importa",Si,Neutral,Madrugada,Parques,1,0,0,0,0,0,0,4,3,2,3,2,2,1,No,Falta de trabajo,1,0,0,0,0,0,0,Neutral,No,,Consideró que no serviría de nada,"No, no hacen nada ","No, no hacen nada ",Evitar salir de noche Instalar cámaras o alarmas,1,1,0,0,0,"No, pero hay interés",0,1,0,0,Más patrullas policiales,,Igual que el resto del país,Ni buena ni mala,Peor,Satisfecho/a,Mejor,Extremadamente suficiente,Extremadamente suficiente,Extremadamente suficiente,Extremadamente suficiente,Extremadamente suficiente,Han disminuido mucho,Se ha mantenido igual,Se ha mantenido igual,En desacuerdo,Regular,Clínica privada,7,Injustos,No,,,,,,Muy justa,Neutral,De acuerdo,,Si,Neutral,Moderadamente,,En desacuerdo,Conozco las rutas de evacuación establecidas en la ciudad,0,1,0,0,0,0,0,0,0,0,0,0,Poco preocupado/a,Rápidamente,,No sabe/no responde,No sabe/no responde,No sabe/no responde,0.0737731 -80.0491351 44.29999923706055 4.6,0.0737731,-80.0491351,44.29999924,4.6
Pedernales,Conglomerado 2,Masculino,29,5,5,5,5,5,5,5,Una verdadera democracia,5,3,4,3,2,Corrupción,,5,5,4,5,2,Manipulación de información,Consciente,"Sí, ha cambiado un poco",Redes sociales,1,0,0,0,0,0,0,Neutral,Poco agresivo,"Sí, claramente",No afecta mi confianza,Frecuentemente,Varias veces al día,Twitter/X Facebook Whatsapp YouTube,1,1,0,0,1,1,0,0,Altamente polarizado,"Sí, frecuentemente","Sí, muy seguido","Sí, ocasionalmente",Si,Neutral,Madrugada,Zonas oscuras o alejadas,0,0,0,1,0,0,0,4,5,5,2,3,3,2,No,Consumo de drogas Falta de trabajo Crimen organizado,1,0,1,0,1,0,0,Neutral,No,,Otras,"Sí, pero de forma insuficiente","No, no hacen nada ",Evitar salir de noche,1,0,0,0,0,"No, pero hay interés",0,1,0,0,Educación ciudadana,,Mucho mejor que el resto del país,Ni buena ni mala,Peor,Ni satisfecho/a ni insatisfecho/a,Igual,Suficiente,Suficiente,Suficiente,Moderada,Muy suficiente,Han disminuido poco,Ha disminuido mucho,Ha aumentado,Ni de acuerdo ni en desacuerdo,Regular,Hospital,1,Muy injustos,Si,Público o fiscal,,Regular,Regular,Regular,No sabe/no responde,Neutral,Ni de acuerdo ni en desacuerdo,,Si,Neutral,Moderadamente,,Ni de acuerdo ni en desacuerdo,"Cuento con un kit de emergencia con agua, alimentos, botiquín, abrigos, etc. Tengo un plan de emergencia para toda la familia",1,0,1,0,0,0,0,0,0,0,0,0,Moderadamente preocupado/a,Con el tiempo necesario,,Ni bien ni mal,Ni bien ni mal,Ni bien ni mal,0.0704034 -80.0410529 56.39999771118164 3.4,0.0704034,-80.0410529,56.39999771,3.4
Pedernales,Conglomerado 2,Masculino,27,3,3,3,3,3,3,3,Hacer una real separación de poderes,5,5,5,5,5,La corrupción,,5,5,5,5,5,La poca transparencia,Neutral,"Sí, ha cambiado significativamente",Medios tradicionales,0,0,1,0,0,0,0,"Sí, en parte",Muy agresivo,No estoy seguro/a,No afecta mi confianza,Frecuentemente,Varias veces al día,Instagram YouTube Whatsapp Facebook TikTok,1,0,1,1,1,1,0,0,Mayormente equilibrado,A veces,"Sí, muy seguido",No lo sé,No,Neutral,Noche,Calles principales,0,0,1,0,0,0,0,4,3,5,2,2,3,3,No,Falta de trabajo Crimen organizado La pobreza,1,0,0,0,1,1,0,Neutral,Si,2,,"Sí, pero de forma insuficiente","Sí, pero de forma insuficiente",Evitar salir de noche Cambiar itinerarios y rutas,1,0,0,1,0,"No, pero hay interés",0,1,0,0,Programas sociales para jóvenes,,Mucho peor que el resto del país,Ni buena ni mala,Igual,Ni satisfecho/a ni insatisfecho/a,Igual,Muy limitada,Muy limitada,Muy limitada,Muy limitada,Muy limitada,No han cambiado,Ha aumentado poco,Se ha mantenido igual,Ni de acuerdo ni en desacuerdo,Regular,Hospital,4,No sabe/no responde,No,,,,,,No sabe/no responde,Neutral,Ni de acuerdo ni en desacuerdo,,Si,Neutral,Moderadamente,,Ni de acuerdo ni en desacuerdo,Conozco los números de emergencia,0,0,0,0,1,0,0,0,0,0,0,0,Muy preocupado/a,Con el tiempo necesario,,Ni bien ni mal,Ni bien ni mal,Ni bien ni mal,0.0727681 -80.046244 45.39999771118164 30.25,0.0727681,-80.046244,45.39999771,30.25
Pedernales,Conglomerado 2,Masculino,39,4,2,3,3,3,2,2,No pagar a la prensa para que sean neutrales en opiniones,5,3,2,5,4,Dinero,,2,1,1,1,1,CNE el principal en llevar corrupción electoral,Neutral,No ha cambiado,Redes sociales,1,0,0,0,0,0,0,"No, en absoluto",Muy agresivo,"No, en absoluto",Reduce un poco mi confianza,Siempre,Varias veces al día,Facebook,1,0,0,0,0,0,0,0,Mayormente equilibrado,A veces,"Sí, muy seguido","No, no me importa",Si,Inseguro,Noche,Calles principales Zonas oscuras o alejadas,0,0,1,1,0,0,0,3,1,4,1,1,3,5,Prefiero no responder,Falta de presencia policial Falta de trabajo,1,1,0,0,0,0,0,Muy ineficaz,No,,Desconfianza en las autoridades,"Sí, pero de forma insuficiente","No, no hacen nada ",Evitar salir de noche,1,0,0,0,0,"Sí, pero hay temor",0,0,1,0,Liderazgo de las autoridades locales,,Ligeramente mejor que el resto del país,Ni buena ni mala,Igual,Satisfecho/a,Peor,Extremadamente limitada,Suficiente,Moderada,Muy limitada,Extremadamente limitada,Han disminuido mucho,Ha disminuido poco,Se ha mantenido igual,Totalmente en desacuerdo,Regular,Hospital,5,Injustos,Si,Público o fiscal,,Regular,Muy buena,Regular,Injusta,Poco,Ni de acuerdo ni en desacuerdo,,Si,Neutral,Poco,,En desacuerdo,He participado en simulacros de desastres naturales que se han realizado,0,0,0,1,0,0,0,0,0,0,0,0,Moderadamente preocupado/a,Lentamente,,Ni bien ni mal,Bien,Ni bien ni mal,0.0726944 -80.0429638 51.70000076293945 7.913,0.0726944,-80.0429638,51.70000076,7.913
Pedernales,Conglomerado 2,Masculino,37,5,5,5,5,5,5,5,Mejorar la transparencia,4,4,4,4,4,La falta de interés,,5,5,5,5,5,Fraude electoral,Neutral,No sé,Medios tradicionales Desigualdad económica,0,0,1,1,0,0,0,Neutral,Neutral,No estoy seguro/a,Neutral,A veces,Varias veces al día,Facebook YouTube Whatsapp,1,0,0,0,1,1,0,0,Mayormente equilibrado,"Sí, frecuentemente",No estoy seguro/a,No lo sé,No,Neutral,Noche,Parques,1,0,0,0,0,0,0,5,4,4,2,3,4,3,No,Falta de trabajo,1,0,0,0,0,0,0,Neutral,No,,Consideró que no serviría de nada,"No, no hacen nada ","Sí, pero de forma insuficiente",Evitar salir de noche,1,0,0,0,0,"No, pero hay interés",0,1,0,0,Programas sociales para jóvenes,,Igual que el resto del país,Ni buena ni mala,Igual,Ni satisfecho/a ni insatisfecho/a,Igual,Limitada,Limitada,Limitada,Limitada,Limitada,No han cambiado,Se ha mantenido igual,Se ha mantenido igual,En desacuerdo,Regular,Centro médico particular,8,Injustos,No,,,,,,Injusta,Neutral,Ni de acuerdo ni en desacuerdo,,Si,Neutral,Moderadamente,,Ni de acuerdo ni en desacuerdo,Tengo un plan de emergencia para toda la familia,1,0,0,0,0,0,0,0,0,0,0,0,Moderadamente preocupado/a,Lentamente,,Bien,Ni bien ni mal,Muy mal,0.0715421 -80.0413658 58.39999771118164 24.742,0.0715421,-80.0413658,58.39999771,24.742
Pedernales,Conglomerado 2,Masculino,47,5,5,5,5,5,5,5,Cumplir las leyes,4,2,3,3,4,Desconfianza,,5,5,5,5,5,Campaña electoral,Neutral,No sé,Redes sociales Líderes o partidos políticos Falta de diálogo,1,1,0,0,1,0,0,"Sí, en parte",Muy agresivo,No realmente,No afecta mi confianza,Frecuentemente,Varias veces al día,Facebook Instagram TikTok YouTube Whatsapp,1,0,1,1,1,1,0,0,Altamente polarizado,"Sí, frecuentemente","Sí, muy seguido","Sí, ocasionalmente",No,Neutral,Noche,Calles principales Transporte público Zonas oscuras o alejadas Centros comerciales Restaurantes y cafeterías,0,1,1,1,1,1,0,5,3,4,2,3,4,2,Si,Falta de trabajo La pobreza Corrupción Consumo de drogas,1,0,1,1,0,1,0,Neutral,Si,3,,"Sí, pero de forma insuficiente","Sí, pero de forma insuficiente",Cambiar itinerarios y rutas,0,0,0,1,0,"No, pero hay interés",0,1,0,0,Más patrullas policiales,,Igual que el resto del país,Ni buena ni mala,Mejor,Ni satisfecho/a ni insatisfecho/a,Igual,Limitada,Limitada,Limitada,Limitada,Limitada,No han cambiado,Se ha mantenido igual,Se ha mantenido igual,Ni de acuerdo ni en desacuerdo,Regular,Hospital,5,Muy injustos,Si,Público o fiscal,,Regular,Regular,Regular,Injusta,Neutral,Ni de acuerdo ni en desacuerdo,,Si,Neutral,Moderadamente,,Ni de acuerdo ni en desacuerdo,Conozco los sitios seguros de la ciudad,0,0,0,0,0,0,0,0,1,0,0,0,Moderadamente preocupado/a,Con el tiempo necesario,,Ni bien ni mal,Ni bien ni mal,Ni bien ni mal,0.0700399 -80.0404192 56.39999771118164 20.0,0.0700399,-80.0404192,56.39999771,20
Pedernales,Conglomerado 2,Femenino,38,5,4,4,5,5,5,4,La educación en valores,4,4,4,4,4,La discriminación de género,,5,4,5,4,4,Verificación de resultados,Neutral,No sé,Redes sociales Falta de diálogo,1,0,0,0,1,0,0,Neutral,Muy agresivo,No estoy seguro/a,Neutral,Rara vez,Varias veces al día,Whatsapp Facebook TikTok,1,0,0,1,0,1,0,0,Mayormente equilibrado,Rara vez,"Sí, muy seguido","No, no me importa",No,Neutral,Madrugada,Parques Calles principales Transporte público,1,1,1,0,0,0,0,5,3,4,2,2,4,3,No,Falta de trabajo,1,0,0,0,0,0,0,Neutral,No,,Consideró que no serviría de nada,"Sí, pero de forma insuficiente","Sí, de manera activa",Cambiar itinerarios y rutas Evitar salir de noche,1,0,0,1,0,"No, pero hay interés",0,1,0,0,Programas sociales para jóvenes,,Igual que el resto del país,Ni buena ni mala,Igual,Ni satisfecho/a ni insatisfecho/a,Igual,Limitada,Limitada,Limitada,Limitada,Limitada,No han cambiado,Se ha mantenido igual,Se ha mantenido igual,Ni de acuerdo ni en desacuerdo,Regular,Hospital,5,Injustos,Si,Público o fiscal,,Regular,Buena,Regular,Injusta,Neutral,Ni de acuerdo ni en desacuerdo,,Si,Neutral,Moderadamente,,Ni de acuerdo ni en desacuerdo,Conozco los números de emergencia,0,0,0,0,1,0,0,0,0,0,0,0,Moderadamente preocupado/a,Con el tiempo necesario,,Ni bien ni mal,Ni bien ni mal,Ni bien ni mal,0.0713969 -80.0451992 55.599998474121094 16.55,0.0713969,-80.0451992,55.59999847,16.55
Pedernales,Conglomerado 2,Masculino,40,5,5,5,5,5,5,5,Combatir la corrupción y la impunidad,5,4,4,4,4,La falta de capacitación sobre las redes,,5,5,4,5,5,Desinformación,Neutral,No sé,Desigualdad económica,0,0,0,1,0,0,0,"Sí, en parte",Muy agresivo,No estoy seguro/a,Neutral,A veces,Varias veces al día,Facebook TikTok YouTube Whatsapp Instagram,1,0,1,1,1,1,0,0,Mayormente equilibrado,"Sí, frecuentemente","Sí, ocasionalmente","No, pero me interesaría",No,Neutral,Noche,Parques Centros comerciales Calles principales,1,0,1,0,1,0,0,5,3,4,2,3,4,4,No,Falta de trabajo Corrupción,1,0,0,1,0,0,0,Neutral,No,,Consideró que no serviría de nada,"Sí, pero de forma insuficiente","Sí, pero de forma insuficiente",Instalar cámaras o alarmas,0,1,0,0,0,"No, pero hay interés",0,1,0,0,Educación ciudadana,,Igual que el resto del país,Ni buena ni mala,Igual,Ni satisfecho/a ni insatisfecho/a,Igual,Moderada,Limitada,Moderada,Moderada,Muy suficiente,No han cambiado,Se ha mantenido igual,Se ha mantenido igual,Ni de acuerdo ni en desacuerdo,Regular,Hospital,5,Justos,Si,Privada o particular,,Regular,Regular,Regular,Injusta,Neutral,Ni de acuerdo ni en desacuerdo,,Si,Neutral,Moderadamente,,Ni de acuerdo ni en desacuerdo,Conozco los sitios seguros de la ciudad,0,0,0,0,0,0,0,0,1,0,0,0,Moderadamente preocupado/a,Con el tiempo necesario,,Ni bien ni mal,Muy mal,Ni bien ni mal,0.0733673 -80.0468537 40.599998474121094 11.647,0.0733673,-80.0468537,40.59999847,11.647
Pedernales,Conglomerado 2,Femenino,22,5,5,5,5,5,5,5,Justicia independiente,4,4,4,4,4,Dificultades de acceso,,5,5,5,5,5,Violencia política,Neutral,No sé,Medios tradicionales,0,0,1,0,0,0,0,Neutral,Poco agresivo,No estoy seguro/a,Neutral,Frecuentemente,Algunas veces por semana,Whatsapp YouTube TikTok Facebook,1,0,0,1,1,1,0,0,Mayormente equilibrado,A veces,"Sí, ocasionalmente","No, no me importa",No,Neutral,Madrugada,Calles principales,0,0,1,0,0,0,0,5,2,4,2,3,4,5,No,Corrupción,0,0,0,1,0,0,0,Neutral,No,,Consideró que no serviría de nada,"Sí, pero de forma insuficiente","Sí, pero de forma insuficiente",Cambiar itinerarios y rutas Instalar cámaras o alarmas,0,1,0,1,0,"No, pero hay interés",0,1,0,0,Educación ciudadana,,Igual que el resto del país,Ni buena ni mala,Igual,Ni satisfecho/a ni insatisfecho/a,Igual,Limitada,Limitada,Limitada,Limitada,Limitada,No han cambiado,Se ha mantenido igual,Ha aumentado mucho,Ni de acuerdo ni en desacuerdo,Regular,Hospital,7,Justos,No,,,,,,Injusta,Neutral,En desacuerdo,,Si,Neutral,Moderadamente,,Ni de acuerdo ni en desacuerdo,Conozco los números de emergencia,0,0,0,0,1,0,0,0,0,0,0,0,Muy preocupado/a,Con el tiempo necesario,,No sabe/no responde,No sabe/no responde,No sabe/no responde,0.0728158 -80.0433574 52.39999771118164 13.554,0.0728158,-80.0433574,52.39999771,13.554
Pedernales,Conglomerado 2,Masculino,47,5,5,5,5,5,5,5,Paridad y Alternabilidad,5,5,5,5,5,Visión,,5,5,4,5,5,Asesinatos o secuestros,Neutral,No sé,Falta de diálogo,0,0,0,0,1,0,0,Neutral,Neutral,No estoy seguro/a,Neutral,Siempre,Varias veces al día,Facebook Instagram YouTube,1,0,1,0,1,0,0,0,Mayormente equilibrado,Rara vez,No estoy seguro/a,"Sí, ocasionalmente",No,Inseguro,Tarde,Calles principales,0,0,1,0,0,0,0,5,2,5,2,2,5,2,Si,Corrupción Consumo de drogas Falta de trabajo,1,0,1,1,0,0,0,Neutral,No,,Temor a represalias,"Sí, pero de forma insuficiente","Sí, pero de forma insuficiente",Participar en grupos vecinales Instalar cámaras o alarmas,0,1,1,0,0,"Sí, hay grupos de vigilancia",1,0,0,0,Liderazgo de las autoridades locales,,Igual que el resto del país,Ni buena ni mala,Igual,Ni satisfecho/a ni insatisfecho/a,Igual,Limitada,Limitada,Limitada,Moderada,Moderada,No han cambiado,Se ha mantenido igual,Se ha mantenido igual,Ni de acuerdo ni en desacuerdo,Regular,Hospital,4,Injustos,Si,Privada o particular,,Regular,Muy buena,Regular,Injusta,Neutral,Ni de acuerdo ni en desacuerdo,,Si,Neutral,Moderadamente,,Ni de acuerdo ni en desacuerdo,Tengo un plan de emergencia para toda la familia,1,0,0,0,0,0,0,0,0,0,0,0,Moderadamente preocupado/a,Lentamente,,Bien,Bien,Bien,0.0718767 -80.04496 53.0 6.6,0.0718767,-80.04496,53,6.6
Pedernales,Conglomerado 2,Masculino,67,5,5,5,5,5,5,5,Gobernanza más transparente,5,5,5,5,5,Limitaciones para grupos vulnerables,,5,5,5,5,5,Influencia del crimen organizado,Neutral,No sé,Desigualdad económica,0,0,0,1,0,0,0,"Sí, en parte",Poco agresivo,No estoy seguro/a,Neutral,A veces,Varias veces al día,Facebook YouTube TikTok,1,0,0,1,1,0,0,0,Parcialmente sesgado,A veces,No estoy seguro/a,"No, pero me interesaría",Si,Neutral,Madrugada,Restaurantes y cafeterías,0,0,0,0,0,1,0,5,2,5,2,2,5,2,No,Crimen organizado,0,0,0,0,1,0,0,Neutral,No,,Consideró que no serviría de nada,"Sí, pero de forma insuficiente","Sí, pero de forma insuficiente",Instalar cámaras o alarmas,0,1,0,0,0,"No sabe, no responde",0,0,0,1,Más patrullas policiales,,Igual que el resto del país,Regular,Igual,Ni satisfecho/a ni insatisfecho/a,Igual,Limitada,Limitada,Limitada,Limitada,Limitada,Han disminuido poco,Se ha mantenido igual,Ha aumentado,Ni de acuerdo ni en desacuerdo,Difícil,Hospital,5,Injustos,Si,Ninguna,,,,,Injusta,Neutral,Ni de acuerdo ni en desacuerdo,,No,,,Neutral,Ni de acuerdo ni en desacuerdo,He participado en simulacros de desastres naturales que se han realizado,0,0,0,1,0,0,0,0,0,0,0,0,Muy preocupado/a,Con el tiempo necesario,,Ni bien ni mal,Ni bien ni mal,Ni bien ni mal,0.072936 -80.0455352 50.89999771118164 3.7,0.072936,-80.0455352,50.89999771,3.7
Pedernales,Conglomerado 2,Masculino,33,5,5,5,5,5,5,5,Transparencia,5,5,5,5,5,Nose,,5,5,5,5,5,Fraude,Neutral,No sé,Medios tradicionales,0,0,1,0,0,0,0,Neutral,Poco agresivo,No estoy seguro/a,Neutral,A veces,Algunas veces por semana,Facebook Telegram Whatsapp,1,0,0,0,0,1,1,0,Mayormente equilibrado,No sé,No estoy seguro/a,"No, pero me interesaría",No,Neutral,Tarde,Transporte público,0,1,0,0,0,0,0,5,2,4,3,2,4,2,Si,Crimen organizado,0,0,0,0,1,0,0,Neutral,No,,Consideró que no serviría de nada,"No, no hacen nada ","No, no hacen nada ",Evitar salir de noche,1,0,0,0,0,"No, pero hay interés",0,1,0,0,Programas sociales para jóvenes,,Igual que el resto del país,Ni buena ni mala,Peor,Ni satisfecho/a ni insatisfecho/a,Igual,Moderada,Moderada,Moderada,Moderada,Moderada,No han cambiado,Se ha mantenido igual,Se ha mantenido igual,Ni de acuerdo ni en desacuerdo,Regular,Hospital,3,Injustos,No,,,,,,Injusta,Neutral,Ni de acuerdo ni en desacuerdo,,Si,Neutral,Moderadamente,,Ni de acuerdo ni en desacuerdo,Tengo un plan de emergencia para toda la familia,1,0,0,0,0,0,0,0,0,0,0,0,Muy preocupado/a,Con el tiempo necesario,,Bien,Bien,Ni bien ni mal,0.0722109 -80.0430806 50.39999771118164 2.933,0.0722109,-80.0430806,50.39999771,2.933
Pedernales,Conglomerado 2,Masculino,36,5,5,5,5,5,5,5,Consolidar la representatividad de los partidos,5,5,5,5,5,Falta de interés,,5,5,5,5,5,Manipulación de información,Neutral,No ha cambiado,Medios tradicionales,0,0,1,0,0,0,0,"Sí, en parte",Poco agresivo,No estoy seguro/a,Neutral,Nunca,Algunas veces por semana,Whatsapp Facebook,1,0,0,0,0,1,0,0,Mayormente equilibrado,A veces,No estoy seguro/a,"No, no me importa",No,Neutral,Madrugada,Calles principales,0,0,1,0,0,0,0,5,4,5,2,2,4,3,No,Corrupción,0,0,0,1,0,0,0,Neutral,No,,Temor a represalias,"Sí, pero de forma insuficiente","Sí, pero de forma insuficiente",Cambiar itinerarios y rutas,0,0,0,1,0,"No, pero hay interés",0,1,0,0,Programas sociales para jóvenes,,Mucho peor que el resto del país,Ni buena ni mala,Igual,Ni satisfecho/a ni insatisfecho/a,Peor,Limitada,Limitada,Limitada,Limitada,Limitada,No han cambiado,Se ha mantenido igual,Se ha mantenido igual,Ni de acuerdo ni en desacuerdo,Regular,Hospital,3,Injustos,Si,Privada o particular,,Regular,Regular,Regular,Justa,Neutral,Ni de acuerdo ni en desacuerdo,,No contesta,,,,Ni de acuerdo ni en desacuerdo,Tengo un plan de emergencia para toda la familia,1,0,0,0,0,0,0,0,0,0,0,0,Moderadamente preocupado/a,Lentamente,,Ni bien ni mal,Ni bien ni mal,Ni bien ni mal,0.0717382 -80.0439609 52.79999923706055 3.85,0.0717382,-80.0439609,52.79999924,3.85
Pedernales,Conglomerado 2,Femenino,39,5,5,5,5,5,5,5,No sabe,5,5,5,5,5,No sabe,,5,5,5,5,5,No sabe,Neutral,Ha disminuido,Desigualdad económica,0,0,0,1,0,0,0,Neutral,Neutral,No estoy seguro/a,Neutral,A veces,Algunas veces por semana,Instagram Whatsapp,0,0,1,0,0,1,0,0,Mayormente equilibrado,A veces,No estoy seguro/a,"No, pero me interesaría",No,Neutral,Madrugada,Calles principales,0,0,1,0,0,0,0,5,5,5,5,5,5,5,Prefiero no responder,Consumo de drogas,0,0,1,0,0,0,0,Neutral,No,,Temor a represalias,"Sí, pero de forma insuficiente","Sí, pero de forma insuficiente",Participar en grupos vecinales,0,0,1,0,0,"No, pero hay interés",0,1,0,0,Más patrullas policiales,,Igual que el resto del país,Ni buena ni mala,Peor,Ni satisfecho/a ni insatisfecho/a,Igual,Moderada,Moderada,Moderada,Moderada,Moderada,No han cambiado,Se ha mantenido igual,Se ha mantenido igual,En desacuerdo,Regular,Centro de salud de la parroquia,3,Injustos,Si,Público o fiscal,,Regular,Regular,Regular,Injusta,Poco,En desacuerdo,,No,,,Neutral,Ni de acuerdo ni en desacuerdo,"Cuento con un kit de emergencia con agua, alimentos, botiquín, abrigos, etc. Tengo un plan de emergencia para toda la familia",1,0,1,0,0,0,0,0,0,0,0,0,Moderadamente preocupado/a,Con el tiempo necesario,,Ni bien ni mal,Muy mal,No sabe/no responde,0.0744086 -80.0459294 42.89999771118164 4.05,0.0744086,-80.0459294,42.89999771,4.05
Pedernales,Conglomerado 2,Femenino,25,5,5,5,5,5,5,5,Código ético para cargos públicos,5,5,5,5,5,Desconfianza en el sistema electoral,,5,5,5,5,5,Corrupción,Neutral,No sé,Falta de diálogo,0,0,0,0,1,0,0,Neutral,Neutral,No estoy seguro/a,Neutral,A veces,Algunas veces por semana,Facebook,1,0,0,0,0,0,0,0,Mayormente equilibrado,A veces,No estoy seguro/a,"No, no me importa",No,Neutral,Madrugada,Calles principales,0,0,1,0,0,0,0,5,3,4,2,2,4,2,No,Crimen organizado,0,0,0,0,1,0,0,Neutral,No,,Consideró que no serviría de nada,"Sí, pero de forma insuficiente","Sí, pero de forma insuficiente",Evitar salir de noche Cambiar itinerarios y rutas Participar en grupos vecinales,1,0,1,1,0,"Sí, pero hay temor",0,0,1,0,Programas sociales para jóvenes,,Igual que el resto del país,Ni buena ni mala,Igual,Ni satisfecho/a ni insatisfecho/a,Igual,Limitada,Limitada,Limitada,Limitada,Limitada,No han cambiado,Se ha mantenido igual,Se ha mantenido igual,Ni de acuerdo ni en desacuerdo,Regular,Hospital,4,Injustos,No,,,,,,Injusta,Neutral,En desacuerdo,,Si,Neutral,Moderadamente,,Ni de acuerdo ni en desacuerdo,Conozco los sitios seguros de la ciudad,0,0,0,0,0,0,0,0,1,0,0,0,Moderadamente preocupado/a,Lentamente,,Ni bien ni mal,Ni bien ni mal,Ni bien ni mal,0.0737708 -80.0478032 42.39999771118164 4.3,0.0737708,-80.0478032,42.39999771,4.3
Pedernales,Conglomerado 2,Masculino,24,5,5,5,5,5,5,5,Gobierno abierto y participativo,5,5,5,5,5,Desconfianza,,5,5,5,5,5,Manipulación de información,Neutral,No ha cambiado,Falta de diálogo Redes sociales,1,0,0,0,1,0,0,Neutral,Muy agresivo,"Sí, en ciertos casos",Reduce un poco mi confianza,Siempre,Varias veces al día,Facebook Whatsapp YouTube TikTok Instagram,1,0,1,1,1,1,0,0,Altamente polarizado,Rara vez,"Sí, muy seguido","No, no me importa",No,Neutral,Madrugada,Zonas oscuras o alejadas Calles principales,0,0,1,1,0,0,0,5,3,4,2,2,4,2,Si,Falta de trabajo Corrupción Crimen organizado La pobreza,1,0,0,1,1,1,0,Neutral,No,,Consideró que no serviría de nada,"Sí, pero de forma insuficiente","Sí, pero de forma insuficiente",Cambiar itinerarios y rutas,0,0,0,1,0,"Sí, pero hay temor",0,0,1,0,Mayor iluminación pública,,Igual que el resto del país,Ni buena ni mala,Igual,Ni satisfecho/a ni insatisfecho/a,Igual,Limitada,Limitada,Limitada,Limitada,Limitada,No han cambiado,Se ha mantenido igual,Se ha mantenido igual,Ni de acuerdo ni en desacuerdo,Regular,Clínica privada,8,Injustos,No,,,,,,Muy injusta,Neutral,Ni de acuerdo ni en desacuerdo,,Si,Neutral,Moderadamente,,Ni de acuerdo ni en desacuerdo,Conozco los sitios seguros de la ciudad Conozco los números de emergencia,0,0,0,0,1,0,0,0,1,0,0,0,Moderadamente preocupado/a,Con el tiempo necesario,,Ni bien ni mal,Ni bien ni mal,Ni bien ni mal,0.0741683 -80.0468867 43.0 4.6,0.0741683,-80.0468867,43,4.6
Pedernales,Conglomerado 3,Masculino,35,1,1,1,1,1,1,1,Que las leyes sean transparentes y justas ,5,1,1,1,1,Faltas de conocimiento electorales ,,1,1,1,1,1,Violencia politicas ,Consciente,"Sí, ha cambiado un poco",Líderes o partidos políticos Medios tradicionales,0,1,1,0,0,0,0,Neutral,Poco agresivo,No estoy seguro/a,Reduce mucho mi confianza,A veces,Varias veces al día,Facebook Instagram TikTok YouTube Whatsapp,1,0,1,1,1,1,0,0,Mayormente equilibrado,A veces,"Sí, ocasionalmente","Sí, ocasionalmente",Si,Inseguro,Noche,Zonas oscuras o alejadas,0,0,0,1,0,0,0,4,1,3,1,1,4,4,No,Falta de trabajo Crimen organizado,1,0,0,0,1,0,0,Neutral,No,,Temor a represalias,"Sí, pero de forma insuficiente","Sí, pero de forma insuficiente",Evitar salir de noche,1,0,0,0,0,"Sí, pero hay temor",0,0,1,0,Educación ciudadana,,Igual que el resto del país,Ni buena ni mala,Igual,Ni satisfecho/a ni insatisfecho/a,Igual,Limitada,Limitada,Limitada,Limitada,Limitada,Han aumentado mucho,Se ha mantenido igual,Se ha mantenido igual,Ni de acuerdo ni en desacuerdo,Regular,Hospital,8,Justos,Si,Público o fiscal,,Buena,Muy buena,Buena,Justa,Algo,Ni de acuerdo ni en desacuerdo,,Si,Inseguro,Poco,,Ni de acuerdo ni en desacuerdo,Cuento con un fondo económico de emergencia,0,0,0,0,0,0,0,0,0,0,0,1,Moderadamente preocupado/a,Con el tiempo necesario,,Muy mal,Muy mal,Muy mal,0.0712821 -80.051525 44.39999771118164 4.8,0.0712821,-80.051525,44.39999771,4.8
Pedernales,Conglomerado 3,Masculino,57,5,5,4,4,4,4,4,Que las leyes sean justas y transparentes para todos ,5,5,5,5,5,Falta de identificación ,,1,1,1,1,1,Actos de violencia en el país ,Consciente,"Sí, ha cambiado un poco",Líderes o partidos políticos Desigualdad económica Falta de diálogo,0,1,0,1,1,0,0,Neutral,Neutral,No estoy seguro/a,Reduce mucho mi confianza,A veces,Varias veces al día,Facebook Instagram TikTok YouTube Whatsapp Telegram,1,0,1,1,1,1,1,0,Mayormente equilibrado,A veces,Rara vez,"Sí, ocasionalmente",Si,Inseguro,Noche,Transporte público Zonas oscuras o alejadas,0,1,0,1,0,0,0,1,1,1,1,1,1,1,No,Crimen organizado Falta de trabajo,1,0,0,0,1,0,0,Neutral,No,,Desconfianza en las autoridades,"No, no hacen nada ","Sí, pero de forma insuficiente",Instalar cámaras o alarmas Participar en grupos vecinales,0,1,1,0,0,"Sí, pero hay temor",0,0,1,0,Más patrullas policiales,,Ligeramente peor que el resto del país,Ni buena ni mala,Igual,Ni satisfecho/a ni insatisfecho/a,Igual,Limitada,Limitada,Limitada,Limitada,Limitada,Han aumentado mucho,Ha aumentado mucho,Ha disminuido mucho,Ni de acuerdo ni en desacuerdo,Regular,Hospital,8,Justos,Si,Público o fiscal,,Buena,Buena,Buena,Justa,Neutral,Ni de acuerdo ni en desacuerdo,,Si,Inseguro,Poco,,Ni de acuerdo ni en desacuerdo,Estoy informado sobre los riesgos de desastres naturales en mi área,0,0,0,0,0,0,1,0,0,0,0,0,Moderadamente preocupado/a,Con el tiempo necesario,,Ni bien ni mal,Ni bien ni mal,Ni bien ni mal,0.0731675 -80.0519672 39.5 3.75,0.0731675,-80.0519672,39.5,3.75
Pedernales,Conglomerado 3,Masculino,39,2,2,2,2,2,2,2,Fomentar la participación cuidada sin miedos ,5,1,1,1,1, alfabetización ,,1,1,1,1,1,La falta de confianza institucionales ,Consciente,Ha disminuido,Líderes o partidos políticos Desigualdad económica Medios tradicionales,0,1,1,1,0,0,0,"Sí, en parte",Poco agresivo,No realmente,Reduce un poco mi confianza,Rara vez,Algunas veces por semana,Facebook YouTube Whatsapp,1,0,0,0,1,1,0,0,Mayormente equilibrado,A veces,Rara vez,"No, pero me interesaría",Si,Inseguro,Noche,Zonas oscuras o alejadas,0,0,0,1,0,0,0,5,1,3,3,3,4,3,No,Falta de presencia policial Crimen organizado,0,1,0,0,1,0,0,Neutral,Si,3,,"Sí, pero de forma insuficiente","Sí, pero de forma insuficiente",Cambiar itinerarios y rutas,0,0,0,1,0,"Sí, pero hay temor",0,0,1,0,Educación ciudadana,,Ligeramente peor que el resto del país,Ni buena ni mala,Igual,Ni satisfecho/a ni insatisfecho/a,Igual,Limitada,Limitada,Limitada,Limitada,Limitada,Han aumentado mucho,Ha aumentado poco,Se ha mantenido igual,Ni de acuerdo ni en desacuerdo,Regular,Hospital,7,Justos,Si,Público o fiscal,,Buena,Muy buena,Muy buena,Justa,Algo,Ni de acuerdo ni en desacuerdo,,Si,Inseguro,Moderadamente,,De acuerdo,Conozco los sitios seguros de la ciudad,0,0,0,0,0,0,0,0,1,0,0,0,Moderadamente preocupado/a,Con el tiempo necesario,,Ni bien ni mal,Ni bien ni mal,Ni bien ni mal,0.0718832 -80.051669 41.20000076293945 4.983,0.0718832,-80.051669,41.20000076,4.983
Pedernales,Conglomerado 6,Masculino,32,5,2,3,2,3,2,2,Que regrese el presidente Rafael correa,5,1,1,3,1,La lejura de que vivimos lejos para votar,,3,1,1,1,1,Siempre hay robo,Neutral,"Sí, ha cambiado significativamente",Líderes o partidos políticos,0,1,0,0,0,0,0,"Sí, en parte",Muy agresivo,No realmente,No afecta mi confianza,Frecuentemente,Varias veces al día,Whatsapp,0,0,0,0,0,1,0,0,No consumo,No sé,No estoy seguro/a,No lo sé,No,Muy inseguro,Mañana,Parques Zonas oscuras o alejadas,1,0,0,1,0,0,0,5,5,5,5,5,5,5,Si,Falta de trabajo Falta de presencia policial,1,1,0,0,0,0,0,Muy ineficaz,Si,1,,"No sabe, no responde","Sí, de manera activa",Evitar salir de noche,1,0,0,0,0,"No sabe, no responde",0,0,0,1,Más patrullas policiales,,Mucho peor que el resto del país,Ni buena ni mala,Peor,Ni satisfecho/a ni insatisfecho/a,Peor,Extremadamente limitada,Extremadamente limitada,Muy limitada,Extremadamente limitada,Extremadamente limitada,No han cambiado,Se ha mantenido igual,Ha aumentado mucho,Totalmente en desacuerdo,Muy difícil,Centro de salud de la parroquia,2,Injustos,Si,Público o fiscal,,Mala,Muy buena,Regular,Justa,Algo,En desacuerdo,,No contesta,,,,Ni de acuerdo ni en desacuerdo,Conozco los números de emergencia Conozco las rutas de evacuación establecidas en la ciudad,0,1,0,0,1,0,0,0,0,0,0,0,Moderadamente preocupado/a,Muy lentamente,,Muy mal,No sabe/no responde,No sabe/no responde,0.1047224 -80.0465227 34.34283447265625 4.824,0.1047224,-80.0465227,34.34283447,4.824
Pedernales,Conglomerado 2,Femenino,29,1,2,1,3,5,5,5,Tendrian que escucharnos más a la gente del pueblo no de la ciudad,5,1,1,5,1,"Mis hijos, no tengo tiempo de ir a votar",,1,1,1,1,1,Son muy mentirosos,Muy consciente,"Sí, ha cambiado significativamente",Líderes o partidos políticos,0,1,0,0,0,0,0,"Sí, totalmente",Muy agresivo,"Sí, claramente",Reduce mucho mi confianza,Siempre,Una vez al día,Whatsapp,0,0,0,0,0,1,0,0,No consumo,A veces,"Sí, muy seguido",No lo sé,No,Muy inseguro,Madrugada,Parques Calles principales Zonas oscuras o alejadas,1,0,1,1,0,0,0,5,5,5,5,5,5,5,Si,Consumo de drogas La pobreza,0,0,1,0,0,1,0,Ineficaz,Si,1,,"No, no hacen nada ","Sí, pero de forma insuficiente",Evitar salir de noche,1,0,0,0,0,"No sabe, no responde",0,0,0,1,Más patrullas policiales,,Ligeramente peor que el resto del país,Ni buena ni mala,Medianamente mejor,Ni satisfecho/a ni insatisfecho/a,Igual,Muy limitada,Extremadamente limitada,Extremadamente limitada,Extremadamente limitada,Extremadamente limitada,Han disminuido poco,Se ha mantenido igual,Ha aumentado,Totalmente en desacuerdo,Regular,Centro de salud de la parroquia,6,Injustos,Si,Público o fiscal,,Regular,Muy buena,Regular,Muy injusta,Algo,Ni de acuerdo ni en desacuerdo,,Si,Neutral,Moderadamente,,En desacuerdo,Conozco los números de emergencia,0,0,0,0,1,0,0,0,0,0,0,0,Poco preocupado/a,Muy lentamente,,Muy mal,Ni bien ni mal,Bien,0.104695 -80.0465477 27.193115234375 4.945,0.104695,-80.0465477,27.19311523,4.945
Pedernales,Conglomerado 6,Femenino,33,1,2,3,1,4,1,2,Cambios de líderes,1,5,1,3,3,Viajes,,1,2,5,2,3,Delincuencia,Neutral,"Sí, ha cambiado un poco",Desigualdad económica,0,0,0,1,0,0,0,Neutral,Neutral,No estoy seguro/a,Neutral,A veces,Algunas veces por semana,Facebook Twitter/X Instagram TikTok YouTube Whatsapp Telegram Otras,1,1,1,1,1,1,1,1,Mayormente equilibrado,"Sí, frecuentemente","Sí, ocasionalmente","Sí, ocasionalmente",Si,Neutral,Tarde,Zonas oscuras o alejadas,0,0,0,1,0,0,0,5,2,1,3,4,2,3,Si,Falta de trabajo,1,0,0,0,0,0,0,Neutral,No,,Desconfianza en las autoridades,"Sí, pero de forma insuficiente","Sí, de manera activa",Instalar cámaras o alarmas Participar en grupos vecinales,0,1,1,0,0,"No, pero hay interés",0,1,0,0,Programas sociales para jóvenes,,Ligeramente peor que el resto del país,Ni buena ni mala,Igual,Ni satisfecho/a ni insatisfecho/a,Igual,Muy limitada,Muy limitada,Muy suficiente,Suficiente,Moderada,Han disminuido mucho,Se ha mantenido igual,Ha aumentado,Ni de acuerdo ni en desacuerdo,Regular,Centro médico particular,2,Muy injustos,Si,Público o fiscal,,Muy buena,Mala,Regular,Injusta,Neutral,Ni de acuerdo ni en desacuerdo,,No,,,Neutral,Ni de acuerdo ni en desacuerdo,"Cuento con un kit de emergencia con agua, alimentos, botiquín, abrigos, etc.",0,0,1,0,0,0,0,0,0,0,0,0,Moderadamente preocupado/a,Con el tiempo necesario,,Muy bien,Muy bien,Ni bien ni mal,0.1111199 -80.043581 37.79999923706055 4.5,0.1111199,-80.043581,37.79999924,4.5
Pedernales,Conglomerado 6,Masculino,43,1,2,5,1,5,3,3,Igualdad,4,2,3,2,4,Inseguridad,,3,2,1,5,5,Inseguridad,Neutral,Ha disminuido,Medios tradicionales,0,0,1,0,0,0,0,"Sí, en parte",Poco agresivo,"No, en absoluto",Reduce mucho mi confianza,A veces,Varias veces al día,Facebook Otras Telegram Whatsapp YouTube TikTok Instagram Twitter/X,1,1,1,1,1,1,1,1,Parcialmente sesgado,"Sí, frecuentemente","Sí, ocasionalmente","Sí, activamente",Si,Muy seguro,Madrugada,Transporte público Restaurantes y cafeterías Centros comerciales Zonas oscuras o alejadas,0,1,0,1,1,1,0,1,5,1,1,3,3,4,No,Crimen organizado,0,0,0,0,1,0,0,Neutral,No,,Otras,"Sí, de manera activa","Sí, de manera activa",Participar en grupos vecinales,0,0,1,0,0,"Sí, pero hay temor",0,0,1,0,Liderazgo de las autoridades locales,,Mucho peor que el resto del país,No sabe/no contesta,Peor,Satisfecho/a,Mejor,Extremadamente limitada,Muy suficiente,Muy limitada,Muy limitada,Suficiente,No han cambiado,Ha disminuido mucho,Ha disminuido,Ni de acuerdo ni en desacuerdo,Regular,Hospital,7,Injustos,Si,Público o fiscal,,Muy mala,Buena,Muy mala,Injusta,Algo,Totalmente de acuerdo,,Si,Inseguro,Moderadamente,,Totalmente de acuerdo,"Cuento con un kit de emergencia con agua, alimentos, botiquín, abrigos, etc.",0,0,1,0,0,0,0,0,0,0,0,0,Nada preocupado/a,Muy lentamente,,Muy bien,Bien,Ni bien ni mal,0.1125713 -80.0426621 37.79999923706055 4.7,0.1125713,-80.0426621,37.79999924,4.7
Pedernales,Conglomerado 6,Femenino,55,1,1,1,1,1,1,1,Partidos nuevos,2,2,2,2,2,Transporte,,3,3,3,3,3,Inseguridad,Nada consciente,Ha disminuido,Redes sociales,1,0,0,0,0,0,0,"No, en absoluto",Muy agresivo,"No, en absoluto",Aumenta mi confianza,Nunca,Varias veces al día,Facebook Twitter/X Instagram TikTok YouTube Whatsapp Telegram Otras,1,1,1,1,1,1,1,1,No consumo,No sé,Nunca,No lo sé,Si,Muy inseguro,Mañana,Parques,1,0,0,0,0,0,0,3,3,3,3,3,3,3,Si,Falta de trabajo,1,0,0,0,0,0,0,Muy ineficaz,Si,4,,"No sabe, no responde","No sabe, no responde",Evitar salir de noche,1,0,0,0,0,"Sí, hay grupos de vigilancia",1,0,0,0,Mayor iluminación pública,,Mucho peor que el resto del país,Muy buena,Mejor,Muy insatisfecho/a,Mucho peor,Extremadamente suficiente,Extremadamente suficiente,Extremadamente suficiente,Extremadamente suficiente,Extremadamente suficiente,Han disminuido mucho,Ha disminuido mucho,Ha aumentado mucho,Totalmente en desacuerdo,Muy difícil,Hospital,1,Muy justos,Si,Público o fiscal,,Muy mala,Muy mala,Muy mala,Muy justa,Mucho,Totalmente en desacuerdo,,Si,Muy inseguro,Nada,,Totalmente en desacuerdo,Tengo un plan de emergencia para toda la familia,1,0,0,0,0,0,0,0,0,0,0,0,Nada preocupado/a,Muy rápidamente,,Bien,Bien,Bien,0.1101333 -80.04381 37.79999923706055 4.1,0.1101333,-80.04381,37.79999924,4.1
Pedernales,Conglomerado 6,Femenino,36,2,2,2,2,2,2,2,La política,2,2,2,2,2,Inseguridad,,1,1,1,1,1,Inseguridad,Nada consciente,No ha cambiado,Líderes o partidos políticos,0,1,0,0,0,0,0,No realmente,Neutral,No estoy seguro/a,Neutral,Frecuentemente,Varias veces al día,Facebook Twitter/X Instagram TikTok YouTube Whatsapp Telegram Otras,1,1,1,1,1,1,1,1,Mayormente equilibrado,Rara vez,No estoy seguro/a,"No, pero me interesaría",Si,Inseguro,Tarde,Transporte público,0,1,0,0,0,0,0,1,1,1,1,1,1,1,Si,Falta de trabajo,1,0,0,0,0,0,0,Eficaz,No,,Temor a represalias,"Sí, de manera activa","No sabe, no responde",Cambiar itinerarios y rutas,0,0,0,1,0,"Sí, pero hay temor",0,0,1,0,Educación ciudadana,,Mucho peor que el resto del país,Ni buena ni mala,Igual,Ni satisfecho/a ni insatisfecho/a,Igual,Extremadamente limitada,Moderada,Limitada,Muy limitada,Muy limitada,Han disminuido mucho,Ha disminuido mucho,Ha aumentado mucho,Totalmente en desacuerdo,Muy difícil,Hospital,4,No sabe/no responde,Si,Público o fiscal,,Muy buena,Regular,Regular,No sabe/no responde,Neutral,Ni de acuerdo ni en desacuerdo,,No,,,Muy difícil,En desacuerdo,"Tengo un plan de emergencia para toda la familia Conozco las rutas de evacuación establecidas en la ciudad Cuento con un kit de emergencia con agua, alimentos, botiquín, abrigos, etc. He participado en simulacros de desastres naturales que se han realizado Conozco los números de emergencia Sé cómo contactar a las autoridades y/o instituciones en caso de desastre Estoy informado sobre los riesgos de desastres naturales en mi área",1,1,1,1,1,1,1,0,0,0,0,0,Moderadamente preocupado/a,Con el tiempo necesario,,Muy bien,Muy bien,Muy bien,0.1083133 -80.04383 37.79999923706055 3.0,0.1083133,-80.04383,37.79999924,3
Pedernales,Conglomerado 6,Masculino,41,1,1,1,1,1,1,1,Igualdad,2,3,1,1,1,Injusticia,,2,2,2,2,2,Inseguridad,Poco consciente,No sé,Medios tradicionales,0,0,1,0,0,0,0,"Sí, en parte",Neutral,No estoy seguro/a,Reduce un poco mi confianza,Frecuentemente,Algunas veces por semana,Instagram TikTok YouTube Whatsapp Telegram Otras Facebook Twitter/X,1,1,1,1,1,1,1,1,Mayormente equilibrado,A veces,No estoy seguro/a,"No, pero me interesaría",No,Neutral,Noche,Calles principales,0,0,1,0,0,0,0,3,3,4,2,1,4,3,No,Falta de trabajo,1,0,0,0,0,0,0,Neutral,No,,Consideró que no serviría de nada,"No sabe, no responde","Sí, de manera activa",Participar en grupos vecinales,0,0,1,0,0,"Sí, pero hay temor",0,0,1,0,Más patrullas policiales,,Mucho peor que el resto del país,Buena,Medianamente mejor,Ni satisfecho/a ni insatisfecho/a,Igual,Extremadamente limitada,Extremadamente limitada,Extremadamente limitada,Muy limitada,Extremadamente limitada,Han disminuido poco,Se ha mantenido igual,Ha disminuido,En desacuerdo,Difícil,Centro de salud de la parroquia,2,Muy justos,Si,Privada o particular,,Muy mala,Buena,Mala,Justa,Algo,Totalmente en desacuerdo,,No contesta,,,,Totalmente de acuerdo,"Cuento con un kit de emergencia con agua, alimentos, botiquín, abrigos, etc.",0,0,1,0,0,0,0,0,0,0,0,0,Extremadamente preocupado/a,Muy lentamente,,Bien,Bien,Muy bien,0.1074383 -80.0447367 37.79999923706055 4.0,0.1074383,-80.0447367,37.79999924,4
Pedernales,Conglomerado 6,Femenino,25,1,1,1,1,1,1,1,Partidos políticos,1,1,1,1,1,Inseguridad,,1,3,2,2,1,Inseguridad,Muy consciente,"Sí, ha cambiado significativamente",Falta de respuesta a las demandas sociales,0,0,0,0,0,1,0,"Sí, en parte",Moderadamente respetuoso,No estoy seguro/a,Reduce un poco mi confianza,Frecuentemente,Rara vez,Telegram,0,0,0,0,0,0,1,0,Altamente polarizado,"Sí, siempre","Sí, muy seguido","Sí, activamente",No,Neutral,Noche,Calles principales,0,0,1,0,0,0,0,1,1,2,5,3,3,3,Prefiero no responder,La pobreza,0,0,0,0,0,1,0,Neutral,Si,3,,"Sí, de manera activa","Sí, pero de forma insuficiente",Instalar cámaras o alarmas,0,1,0,0,0,"Sí, pero hay temor",0,0,1,0,Educación ciudadana,,Ligeramente peor que el resto del país,Muy Mala,Peor,Muy satisfecho/a,Mejor,Limitada,Limitada,Muy limitada,Muy limitada,Muy limitada,Han disminuido mucho,Se ha mantenido igual,Se ha mantenido igual,Ni de acuerdo ni en desacuerdo,Regular,Centro de salud de la parroquia,2,Muy injustos,No,,,,,,Injusta,Poco,Ni de acuerdo ni en desacuerdo,,No contesta,,,,Ni de acuerdo ni en desacuerdo,"Cuento con un kit de emergencia con agua, alimentos, botiquín, abrigos, etc.",0,0,1,0,0,0,0,0,0,0,0,0,Extremadamente preocupado/a,Lentamente,,Muy bien,Muy bien,Bien,0.1056633 -80.046175 37.79999923706055 3.4,0.1056633,-80.046175,37.79999924,3.4
Pedernales,Conglomerado 6,Masculino,55,1,1,1,1,1,1,1,Partidos políticos,1,1,1,1,1,Inseguridad,,1,1,1,1,1,Inseguridad,Nada consciente,Ha disminuido,Redes sociales,1,0,0,0,0,0,0,"No, en absoluto",Constructivo y respetuoso,No realmente,No afecta mi confianza,Frecuentemente,Rara vez,YouTube,0,0,0,0,1,0,0,0,Altamente polarizado,"Sí, frecuentemente","Sí, muy seguido","Sí, activamente",No,Neutral,Madrugada,Calles principales,0,0,1,0,0,0,0,1,1,1,1,1,1,2,Prefiero no responder,Falta de presencia policial,0,1,0,0,0,0,0,Neutral,Si,1,,"Sí, de manera activa","Sí, de manera activa",Instalar cámaras o alarmas,0,1,0,0,0,"Sí, hay grupos de vigilancia",1,0,0,0,Más patrullas policiales,,Mucho peor que el resto del país,Ni buena ni mala,Medianamente mejor,Satisfecho/a,Igual,Suficiente,Extremadamente limitada,Extremadamente limitada,Moderada,Moderada,No han cambiado,Se ha mantenido igual,Se ha mantenido igual,Ni de acuerdo ni en desacuerdo,Regular,Centro de salud de la parroquia,2,Justos,Si,Privada o particular,,Muy mala,Mala,Buena,Justa,Neutral,En desacuerdo,,No contesta,,,,En desacuerdo,Conozco las rutas de evacuación establecidas en la ciudad,0,1,0,0,0,0,0,0,0,0,0,0,Moderadamente preocupado/a,Lentamente,,Muy bien,Muy bien,Muy bien,0.09785 -80.04539 14.40000057220459 2.7,0.09785,-80.04539,14.40000057,2.7
Pedernales,Conglomerado 2,Femenino,36,1,1,1,1,1,1,1,Ninguna ,3,3,2,1,4,Ninguna ,,1,4,1,4,2,Ninguna ,Neutral,No sé,Redes sociales Medios tradicionales,1,0,1,0,0,0,0,Neutral,Neutral,No estoy seguro/a,Neutral,Rara vez,Varias veces al día,Facebook Instagram TikTok Whatsapp,1,0,1,1,0,1,0,0,No consumo,A veces,Rara vez,"No, pero me interesaría",No,Neutral,Noche,Parques Calles principales,1,0,1,0,0,0,0,1,1,1,1,1,1,1,No,Falta de trabajo La pobreza Falta de presencia policial,1,1,0,0,0,1,0,Neutral,No,,Otras,"No sabe, no responde","Sí, pero de forma insuficiente",Evitar salir de noche Cambiar itinerarios y rutas,1,0,0,1,0,"No, pero hay interés",0,1,0,0,Mayor iluminación pública,,Mucho peor que el resto del país,Ni buena ni mala,Igual,Satisfecho/a,Mejor,Muy suficiente,Extremadamente limitada,Suficiente,Limitada,Muy suficiente,No han cambiado,Ha disminuido poco,Ha aumentado mucho,Ni de acuerdo ni en desacuerdo,Regular,Hospital,2,Injustos,Si,Público o fiscal,,Buena,Muy mala,Buena,Injusta,Neutral,En desacuerdo,,Si,Neutral,Poco,,En desacuerdo,Conozco las rutas de evacuación establecidas en la ciudad Tengo un plan de emergencia para toda la familia Cuento con un fondo económico de emergencia,1,1,0,0,0,0,0,0,0,0,0,1,Moderadamente preocupado/a,Con el tiempo necesario,,Muy bien,Muy mal,Muy mal,0.0785098 -80.0380515 45.599998474121094 4.23,0.0785098,-80.0380515,45.59999847,4.23
Pedernales,Conglomerado 3,Femenino,54,5,4,4,4,4,4,4,Que haya participación cuidada igualitaria para todos,5,1,1,1,1,Identificación,,5,3,3,3,3,Falta de confianza hacia el gobierno,Consciente,Ha disminuido,Falta de diálogo,0,0,0,0,1,0,0,Neutral,Muy agresivo,No estoy seguro/a,Reduce un poco mi confianza,A veces,Varias veces al día,Facebook Instagram TikTok YouTube Whatsapp,1,0,1,1,1,1,0,0,Mayormente equilibrado,A veces,No estoy seguro/a,"Sí, ocasionalmente",Si,Inseguro,Noche,Zonas oscuras o alejadas,0,0,0,1,0,0,0,1,1,1,1,1,1,1,No,La pobreza,0,0,0,0,0,1,0,Neutral,No,,Consideró que no serviría de nada,"Sí, pero de forma insuficiente","Sí, pero de forma insuficiente",Evitar salir de noche,1,0,0,0,0,"Sí, pero hay temor",0,0,1,0,Educación ciudadana,,Igual que el resto del país,Ni buena ni mala,Igual,Ni satisfecho/a ni insatisfecho/a,Igual,Limitada,Limitada,Limitada,Limitada,Limitada,Han aumentado poco,Ha aumentado poco,Ha aumentado,Ni de acuerdo ni en desacuerdo,Regular,Hospital,8,Justos,Si,Público o fiscal,,Buena,Muy buena,Buena,Justa,Neutral,Ni de acuerdo ni en desacuerdo,,Si,Neutral,Moderadamente,,Ni de acuerdo ni en desacuerdo,Conozco los números de emergencia,0,0,0,0,1,0,0,0,0,0,0,0,Moderadamente preocupado/a,Con el tiempo necesario,,Ni bien ni mal,Ni bien ni mal,Ni bien ni mal,0.0691823 -80.0520394 31.700000762939453 3.712,0.0691823,-80.0520394,31.70000076,3.712
Pedernales,Conglomerado 2,Femenino,47,1,1,1,1,1,1,1,Ninguna ,2,3,1,3,2,Ninguna ,,3,4,3,4,3,Ninguna ,Neutral,Ha disminuido,Redes sociales Medios tradicionales,1,0,1,0,0,0,0,Neutral,Poco agresivo,No realmente,Neutral,Nunca,Una vez al día,Facebook,1,0,0,0,0,0,0,0,No consumo,Rara vez,Nunca,"No, no me importa",No,Neutral,Noche,Parques Transporte público,1,1,0,0,0,0,0,1,1,1,1,1,1,1,No,Falta de trabajo La pobreza Consumo de drogas Falta de presencia policial,1,1,1,0,0,1,0,Neutral,No,,Otras,"No, no hacen nada ","No, no hacen nada ",Evitar salir de noche,1,0,0,0,0,"No, pero hay interés",0,1,0,0,Mayor iluminación pública,,Ligeramente peor que el resto del país,Muy buena,Peor,Ni satisfecho/a ni insatisfecho/a,Peor,Suficiente,Moderada,Muy suficiente,Muy limitada,Suficiente,Han disminuido poco,Ha disminuido mucho,Ha aumentado,Ni de acuerdo ni en desacuerdo,Regular,Hospital,5,Injustos,No,,,,,,Justa,Neutral,En desacuerdo,,No,,,Neutral,Totalmente en desacuerdo,Tengo un plan de emergencia para toda la familia,1,0,0,0,0,0,0,0,0,0,0,0,Moderadamente preocupado/a,Con el tiempo necesario,,Muy mal,Ni bien ni mal,Muy bien,0.0762468 -80.0388823 48.0 15.569,0.0762468,-80.0388823,48,15.569
Pedernales,Conglomerado 2,Masculino,53,1,2,1,1,2,3,2,Ninguna ,3,5,3,3,2,Ninguna ,,3,4,1,2,4,Ninguna ,Poco consciente,"Sí, ha cambiado un poco",Desigualdad económica Redes sociales,1,0,0,1,0,0,0,Neutral,Muy agresivo,No estoy seguro/a,Neutral,Rara vez,Varias veces al día,TikTok Facebook,1,0,0,1,0,0,0,0,Parcialmente sesgado,No sé,"Sí, ocasionalmente","No, no me importa",No,Inseguro,Noche,Parques,1,0,0,0,0,0,0,1,1,1,1,1,1,3,No,Consumo de drogas Falta de trabajo Falta de presencia policial,1,1,1,0,0,0,0,Neutral,No,,Consideró que no serviría de nada,"Sí, de manera activa","No, no hacen nada ",Instalar cámaras o alarmas,0,1,0,0,0,"Sí, pero hay temor",0,0,1,0,Programas sociales para jóvenes,,Mucho peor que el resto del país,Ni buena ni mala,Igual,Insatisfecho/a,Peor,Suficiente,Muy limitada,Limitada,Extremadamente suficiente,Muy suficiente,Han disminuido poco,Ha disminuido poco,Ha aumentado,Totalmente en desacuerdo,Regular,Centro de salud de la parroquia,5,Injustos,No,,,,,,Justa,Neutral,En desacuerdo,,No,,,Neutral,Ni de acuerdo ni en desacuerdo,Conozco las rutas de evacuación establecidas en la ciudad,0,1,0,0,0,0,0,0,0,0,0,0,Extremadamente preocupado/a,Rápidamente,,Ni bien ni mal,No sabe/no responde,Muy mal,0.0757543 -80.0393307 39.20000076293945 5.5,0.0757543,-80.0393307,39.20000076,5.5
Pedernales,Conglomerado 2,Masculino,48,1,2,1,3,1,2,1,Ninguna ,2,1,2,1,3,Ninguna ,,1,2,1,2,2,Ninguna ,Neutral,No sé,Desigualdad económica,0,0,0,1,0,0,0,Neutral,Neutral,"No, en absoluto",Reduce un poco mi confianza,A veces,Una vez al día,Facebook,1,0,0,0,0,0,0,0,Parcialmente sesgado,A veces,No estoy seguro/a,"No, no me importa",No,Neutral,Madrugada,Calles principales,0,0,1,0,0,0,0,1,1,1,1,1,1,1,No,Falta de trabajo,1,0,0,0,0,0,0,Eficaz,No,,Otras,"No, no hacen nada ","Sí, de manera activa",Evitar salir de noche,1,0,0,0,0,"Sí, hay grupos de vigilancia",1,0,0,0,Programas sociales para jóvenes,,Ligeramente peor que el resto del país,Mala,Peor,Ni satisfecho/a ni insatisfecho/a,Igual,Limitada,Suficiente,Limitada,Muy suficiente,Extremadamente limitada,Han disminuido poco,Ha disminuido mucho,Ha aumentado,Ni de acuerdo ni en desacuerdo,Regular,Policlínico,7,Injustos,No,,,,,,Injusta,Neutral,En desacuerdo,,No,,,Difícil,De acuerdo,Conozco las rutas de evacuación establecidas en la ciudad,0,1,0,0,0,0,0,0,0,0,0,0,Moderadamente preocupado/a,Rápidamente,,No sabe/no responde,Bien,Ni bien ni mal,0.0749664 -80.0399104 42.79999923706055 5.233,0.0749664,-80.0399104,42.79999924,5.233
Pedernales,Conglomerado 2,Femenino,22,1,1,3,2,4,4,4,Ninguna ,2,3,1,1,3,Ninguna ,,3,2,2,2,2,Ninguna ,Neutral,No sé,Líderes o partidos políticos,0,1,0,0,0,0,0,Neutral,Muy agresivo,No realmente,Neutral,A veces,Varias veces al día,Facebook TikTok,1,0,0,1,0,0,0,0,Mayormente equilibrado,Rara vez,No estoy seguro/a,"No, no me importa",No,Seguro,Noche,Calles principales,0,0,1,0,0,0,0,1,1,1,1,1,1,1,No,Falta de trabajo La pobreza,1,0,0,0,0,1,0,Neutral,No,,Temor a represalias,"Sí, de manera activa","Sí, de manera activa",Participar en grupos vecinales,0,0,1,0,0,"Sí, pero hay temor",0,0,1,0,Educación ciudadana,,Ligeramente peor que el resto del país,Mala,Igual,Insatisfecho/a,Igual,Limitada,Muy limitada,Moderada,Limitada,Extremadamente suficiente,No han cambiado,Ha disminuido poco,Ha aumentado,En desacuerdo,Fácil,Policlínico,4,Injustos,No,,,,,,Justa,Neutral,En desacuerdo,,No,,,Neutral,Ni de acuerdo ni en desacuerdo,Tengo un plan de emergencia para toda la familia,1,0,0,0,0,0,0,0,0,0,0,0,Moderadamente preocupado/a,Rápidamente,,Ni bien ni mal,Muy mal,Ni bien ni mal,0.0746131 -80.0405271 42.5 3.86,0.0746131,-80.0405271,42.5,3.86
Pedernales,Conglomerado 2,Masculino,66,1,1,3,2,3,3,3,Ninguna ,2,2,3,2,1,Ninguna ,,2,2,3,1,3,Ninguna ,Neutral,No sé,Medios tradicionales,0,0,1,0,0,0,0,Neutral,Neutral,"Sí, en ciertos casos",Neutral,Rara vez,Varias veces al día,Facebook,1,0,0,0,0,0,0,0,Mayormente equilibrado,A veces,"Sí, ocasionalmente","No, pero me interesaría",No,Inseguro,Noche,Transporte público Parques,1,1,0,0,0,0,0,1,1,1,1,1,1,1,No,Falta de presencia policial,0,1,0,0,0,0,0,Neutral,No,,Otras,"Sí, pero de forma insuficiente","No sabe, no responde",Evitar salir de noche,1,0,0,0,0,"Sí, pero hay temor",0,0,1,0,Programas sociales para jóvenes,,Mucho peor que el resto del país,Ni buena ni mala,Igual,Ni satisfecho/a ni insatisfecho/a,Igual,Moderada,Muy suficiente,Muy limitada,Suficiente,Muy limitada,Han disminuido poco,Ha disminuido mucho,Ha aumentado mucho,En desacuerdo,Regular,Hospital,7,Injustos,No,,,,,,Injusta,Neutral,De acuerdo,,Si,Seguro,Moderadamente,,En desacuerdo,Conozco las rutas de evacuación establecidas en la ciudad,0,1,0,0,0,0,0,0,0,0,0,0,Moderadamente preocupado/a,Muy rápidamente,,Ni bien ni mal,Ni bien ni mal,Muy mal,0.0744403 -80.0406902 42.599998474121094 3.085,0.0744403,-80.0406902,42.59999847,3.085
Pedernales,Conglomerado 1,Masculino,67,4,5,5,5,2,4,4,Que yaya más participación  ciudadana ,3,2,2,4,2,Falta de comunicación ,,3,2,2,3,2,Feaude,Consciente,No ha cambiado,Redes sociales Desigualdad económica Líderes o partidos políticos,1,1,0,1,0,0,0,"Sí, en parte",Poco agresivo,"Sí, en ciertos casos",Reduce un poco mi confianza,Rara vez,Rara vez,YouTube,0,0,0,0,1,0,0,0,No consumo,No sé,No estoy seguro/a,"No, no me importa",No,Inseguro,Noche,Parques Calles principales Zonas oscuras o alejadas,1,0,1,1,0,0,0,4,1,3,2,1,3,3,No,Crimen organizado Corrupción Consumo de drogas,0,0,1,1,1,0,0,Ineficaz,No,,Desconfianza en las autoridades,"Sí, pero de forma insuficiente","Sí, pero de forma insuficiente",Evitar salir de noche Otras,1,0,0,0,1,"No sabe, no responde",0,0,0,1,Más patrullas policiales,,Igual que el resto del país,Ni buena ni mala,Igual,Ni satisfecho/a ni insatisfecho/a,Igual,Limitada,Limitada,Limitada,Muy limitada,Muy limitada,No han cambiado,Se ha mantenido igual,Se ha mantenido igual,Ni de acuerdo ni en desacuerdo,Regular,Hospital,9,Justos,Si,Ninguna,,,,,Injusta,Neutral,Ni de acuerdo ni en desacuerdo,,Si,Inseguro,Nada,,Totalmente en desacuerdo,Conozco las rutas de evacuación establecidas en la ciudad,0,1,0,0,0,0,0,0,0,0,0,0,Extremadamente preocupado/a,Lentamente,,Ni bien ni mal,Ni bien ni mal,Ni bien ni mal,0.0789722 -80.0515629 45.20000076293945 4.8,0.0789722,-80.0515629,45.20000076,4.8
Pedernales,Conglomerado 3,Masculino,40,1,1,1,1,1,1,1,Crear mecanismos de participación cuidadana,5,4,4,1,1,Falta de información,,1,1,1,1,1,Organización de crimenes en ciertas regiones ,Consciente,No ha cambiado,Líderes o partidos políticos,0,1,0,0,0,0,0,Neutral,Poco agresivo,No estoy seguro/a,Reduce mucho mi confianza,A veces,Varias veces al día,Facebook Instagram TikTok YouTube Whatsapp,1,0,1,1,1,1,0,0,Mayormente equilibrado,A veces,"Sí, ocasionalmente","Sí, ocasionalmente",Si,Inseguro,Noche,Zonas oscuras o alejadas,0,0,0,1,0,0,0,3,1,3,2,2,4,4,No,Falta de trabajo,1,0,0,0,0,0,0,Neutral,Si,3,,"Sí, pero de forma insuficiente","Sí, pero de forma insuficiente",Cambiar itinerarios y rutas,0,0,0,1,0,"Sí, pero hay temor",0,0,1,0,Educación ciudadana,,Igual que el resto del país,Ni buena ni mala,Igual,Ni satisfecho/a ni insatisfecho/a,Igual,Limitada,Limitada,Limitada,Limitada,Limitada,Han aumentado mucho,Ha aumentado poco,Ha aumentado,Ni de acuerdo ni en desacuerdo,Regular,Hospital,9,Justos,Si,Privada o particular,,Muy buena,Buena,Buena,Justa,Algo,Ni de acuerdo ni en desacuerdo,,Si,Neutral,Moderadamente,,Ni de acuerdo ni en desacuerdo,He participado en simulacros de desastres naturales que se han realizado,0,0,0,1,0,0,0,0,0,0,0,0,Moderadamente preocupado/a,Con el tiempo necesario,,Ni bien ni mal,Ni bien ni mal,Ni bien ni mal,0.0714993 -80.0525743 44.099998474121094 4.22,0.0714993,-80.0525743,44.09999847,4.22
Pedernales,Conglomerado 3,Masculino,64,1,1,1,1,1,1,1,"Control y supervicion
Para evitar la corrupción. ",5,5,1,1,1,Falta de información ,,1,1,1,1,1,La difusión de información falsa ante la ciudadanía ,Consciente,"Sí, ha cambiado un poco",Medios tradicionales Desigualdad económica,0,0,1,1,0,0,0,"Sí, en parte",Neutral,No estoy seguro/a,Reduce un poco mi confianza,A veces,Varias veces al día,Whatsapp YouTube,0,0,0,0,1,1,0,0,No consumo,No sé,Rara vez,"Sí, ocasionalmente",No,Neutral,Noche,Zonas oscuras o alejadas Mercados de abastos,0,0,0,1,0,0,1,3,1,1,3,3,3,3,No,Crimen organizado,0,0,0,0,1,0,0,Ineficaz,No,,Desconfianza en las autoridades,"No, no hacen nada ","Sí, pero de forma insuficiente",Instalar cámaras o alarmas,0,1,0,0,0,"No sabe, no responde",0,0,0,1,Educación ciudadana,,Ligeramente peor que el resto del país,Ni buena ni mala,Igual,Ni satisfecho/a ni insatisfecho/a,Peor,Limitada,Limitada,Limitada,Limitada,Limitada,Han aumentado mucho,Ha aumentado poco,Ha aumentado,Ni de acuerdo ni en desacuerdo,Regular,Centro de salud de la parroquia,7,Justos,No,,,,,,Justa,Algo,Ni de acuerdo ni en desacuerdo,,No,,,Difícil,Ni de acuerdo ni en desacuerdo,Conozco los sitios seguros de la ciudad,0,0,0,0,0,0,0,0,1,0,0,0,Moderadamente preocupado/a,Con el tiempo necesario,,Ni bien ni mal,Ni bien ni mal,Ni bien ni mal,0.0709893 -80.0531523 44.099998474121094 4.05,0.0709893,-80.0531523,44.09999847,4.05
Pedernales,Conglomerado 3,Femenino,42,5,5,5,5,5,5,5,La ley de transparcia en el país ,5,1,1,1,1,Falta de identificación,,1,1,1,1,1,Violencia en el país ,Muy consciente,Ha disminuido,Falta de diálogo,0,0,0,0,1,0,0,"No, en absoluto",Poco agresivo,No realmente,Reduce un poco mi confianza,Rara vez,Varias veces al día,YouTube Whatsapp TikTok,0,0,0,1,1,1,0,0,Mayormente equilibrado,A veces,No estoy seguro/a,"No, pero me interesaría",No,Neutral,Tarde,Calles principales,0,0,1,0,0,0,0,3,1,1,3,1,3,3,Si,Crimen organizado,0,0,0,0,1,0,0,Ineficaz,Si,2,,"No, no hacen nada ","No, no hacen nada ",Participar en grupos vecinales Instalar cámaras o alarmas,0,1,1,0,0,"No, pero hay interés",0,1,0,0,Educación ciudadana,,Ligeramente peor que el resto del país,Ni buena ni mala,Igual,Ni satisfecho/a ni insatisfecho/a,Igual,Limitada,Limitada,Limitada,Limitada,Limitada,Han aumentado mucho,Ha disminuido poco,Ha aumentado,Ni de acuerdo ni en desacuerdo,Difícil,Centro médico particular,9,Justos,Si,Privada o particular,,Muy buena,Regular,Regular,Justa,Poco,Ni de acuerdo ni en desacuerdo,,Si,Neutral,Moderadamente,,De acuerdo,Conozco los números de emergencia,0,0,0,0,1,0,0,0,0,0,0,0,Moderadamente preocupado/a,Con el tiempo necesario,,Ni bien ni mal,Ni bien ni mal,Ni bien ni mal,0.0705719 -80.0544631 41.89999771118164 4.233,0.0705719,-80.0544631,41.89999771,4.233
Pedernales,Conglomerado 3,Masculino,53,1,1,1,1,1,1,1,Igualdad Socioeconómico para todos ,5,5,1,1,1,Hay personas que saben leer ni escribir ,,1,1,1,1,1,Agresiones en el país ,Muy consciente,"Sí, ha cambiado un poco",Desigualdad económica,0,0,0,1,0,0,0,No realmente,Muy agresivo,No realmente,Reduce mucho mi confianza,Rara vez,Varias veces al día,Facebook TikTok YouTube Whatsapp,1,0,0,1,1,1,0,0,No consumo,Rara vez,No estoy seguro/a,"No, pero me interesaría",No,Neutral,Noche,Zonas oscuras o alejadas,0,0,0,1,0,0,0,3,1,3,3,3,3,3,No,Crimen organizado,0,0,0,0,1,0,0,Neutral,No,,Temor a represalias,"No, no hacen nada ","No, no hacen nada ",Evitar salir de noche,1,0,0,0,0,"No sabe, no responde Sí, pero hay temor",0,0,1,1,Programas sociales para jóvenes,,Ligeramente peor que el resto del país,Ni buena ni mala,Igual,Ni satisfecho/a ni insatisfecho/a,Igual,Limitada,Limitada,Limitada,Limitada,Limitada,Han aumentado poco,Ha aumentado poco,Se ha mantenido igual,Ni de acuerdo ni en desacuerdo,Regular,Hospital,8,Justos,Si,Público o fiscal,,Muy buena,Buena,Buena,Justa,Algo,Ni de acuerdo ni en desacuerdo,,No,,,Difícil,Ni de acuerdo ni en desacuerdo,Conozco los sitios seguros de la ciudad,0,0,0,0,0,0,0,0,1,0,0,0,Moderadamente preocupado/a,Con el tiempo necesario,,Ni bien ni mal,Ni bien ni mal,Ni bien ni mal,0.068846 -80.0530677 31.5 3.971,0.068846,-80.0530677,31.5,3.971
Pedernales,Conglomerado 2,Masculino,0,1,1,1,1,1,1,1,Capacitaciones y charlas porque hay personas que no saben que pueden participar o hablar o defender sus derechos,4,3,3,4,5,"Recursos, aveces hay miedo por otros partidos políticos",,1,5,1,5,1,Inseguridad,Consciente,"Sí, ha cambiado un poco",Falta de diálogo,0,0,0,0,1,0,0,"Sí, en parte",Neutral,"Sí, en ciertos casos",Reduce un poco mi confianza,Siempre,Rara vez,Instagram YouTube,0,0,1,0,1,0,0,0,Mayormente equilibrado,"Sí, frecuentemente","Sí, ocasionalmente","Sí, ocasionalmente",Si,Neutral,Madrugada,Zonas oscuras o alejadas Transporte público,0,1,0,1,0,0,0,4,2,5,3,3,3,1,Prefiero no responder,Otras,0,0,0,0,0,0,1,Muy ineficaz,No,,Otras,"No, no hacen nada ","No, no hacen nada ",Otras,0,0,0,0,1,"No sabe, no responde",0,0,0,1,Educación ciudadana,,Mucho peor que el resto del país,Mala,No sabe/no contesta,Ni satisfecho/a ni insatisfecho/a,Igual,Moderada,Moderada,Suficiente,Limitada,Moderada,Han disminuido poco,Ha disminuido mucho,Se ha mantenido igual,Totalmente en desacuerdo,Regular,Hospital,5,Injustos,Si,Público o fiscal,,Regular,Muy buena,Muy buena,Injusta,Neutral,Ni de acuerdo ni en desacuerdo,,No contesta,,,,Totalmente de acuerdo,Tengo un plan de emergencia para toda la familia Conozco las rutas de evacuación establecidas en la ciudad Conozco los números de emergencia He participado en simulacros de desastres naturales que se han realizado,1,1,0,1,1,0,0,0,0,0,0,0,Extremadamente preocupado/a,No sabe/no responde,,No sabe/no responde,No sabe/no responde,No sabe/no responde,0.0700833 -80.0449785 44.0 4.748,0.0700833,-80.0449785,44,4.748
Pedernales,Conglomerado 2,Masculino,40,3,1,1,1,1,1,5,Cambio de presidente,3,1,3,3,5,No se,,2,1,5,3,1,Atentados,Neutral,"Sí, ha cambiado un poco",Líderes o partidos políticos,0,1,0,0,0,0,0,"Sí, totalmente",Muy agresivo,"Sí, claramente",Reduce mucho mi confianza,Siempre,Rara vez,Facebook TikTok YouTube,1,0,0,1,1,0,0,0,No consumo,A veces,"Sí, muy seguido","Sí, ocasionalmente",Si,Muy inseguro,Noche,Parques Centros comerciales Transporte público Calles principales Zonas oscuras o alejadas Restaurantes y cafeterías Mercados de abastos,1,1,1,1,1,1,1,5,3,5,1,5,5,5,Prefiero no responder,Falta de presencia policial Consumo de drogas,0,1,1,0,0,0,0,Muy ineficaz,No,,Temor a represalias,"No, no hacen nada ","No, no hacen nada ",Evitar salir de noche,1,0,0,0,0,"No sabe, no responde",0,0,0,1,Más patrullas policiales,,Mucho peor que el resto del país,Ni buena ni mala,Igual,Ni satisfecho/a ni insatisfecho/a,Igual,Moderada,Moderada,Moderada,Limitada,Moderada,Han disminuido mucho,Ha disminuido mucho,Se ha mantenido igual,Ni de acuerdo ni en desacuerdo,Regular,Hospital,5,Injustos,Si,Público o fiscal,,Regular,Muy buena,Regular,Injusta,Neutral,De acuerdo,,Si,Inseguro,Poco,,Totalmente en desacuerdo,Conozco las rutas de evacuación establecidas en la ciudad,0,1,0,0,0,0,0,0,0,0,0,0,Moderadamente preocupado/a,Con el tiempo necesario,,Ni bien ni mal,Ni bien ni mal,Ni bien ni mal,0.0692269 -80.0541256 42.20000076293945 4.955,0.0692269,-80.0541256,42.20000076,4.955
Pedernales,Conglomerado 2,Masculino,33,1,1,2,1,2,2,2,Participación más activa de los ciudadanos,2,2,2,3,5,"La gente siempre prefiere a la gente conocidas, a que darle oportunidad a nuevos candidatos, eso reduce el ánimo de participar en ellas",,4,1,1,3,1,El fanatismo,Consciente,No sé,Falta de respuesta a las demandas sociales Líderes o partidos políticos,0,1,0,0,0,1,0,Neutral,Muy agresivo,"Sí, claramente",Reduce mucho mi confianza,Siempre,Varias veces al día,Facebook Twitter/X Instagram TikTok YouTube,1,1,1,1,1,0,0,0,Mayormente equilibrado,A veces,"Sí, muy seguido","Sí, ocasionalmente",Si,Inseguro,Noche,Calles principales Zonas oscuras o alejadas,0,0,1,1,0,0,0,1,3,2,1,1,3,1,No,Consumo de drogas Falta de presencia policial La pobreza,0,1,1,0,0,1,0,Ineficaz,No,,Otras,"No, no hacen nada ","Sí, pero de forma insuficiente",Evitar salir de noche,1,0,0,0,0,"No sabe, no responde",0,0,0,1,Más patrullas policiales,,Mucho peor que el resto del país,Ni buena ni mala,Igual,Ni satisfecho/a ni insatisfecho/a,Igual,Moderada,Moderada,Moderada,Moderada,Moderada,Han disminuido mucho,Se ha mantenido igual,Ha aumentado,Ni de acuerdo ni en desacuerdo,Regular,Hospital,6,Injustos,No,,,,,,Injusta,Neutral,De acuerdo,,Si,Neutral,Poco,,Ni de acuerdo ni en desacuerdo,"Conozco las rutas de evacuación establecidas en la ciudad Cuento con un kit de emergencia con agua, alimentos, botiquín, abrigos, etc. Estoy informado sobre los riesgos de desastres naturales en mi área",0,1,1,0,0,0,1,0,0,0,0,0,Muy preocupado/a,Con el tiempo necesario,,Muy mal,Muy mal,Muy mal,0.0715485 -80.0444777 53.599998474121094 4.903,0.0715485,-80.0444777,53.59999847,4.903
Pedernales,Conglomerado 2,Masculino,29,2,2,1,1,1,1,3,Transparencia,4,1,2,1,5,Dificultad en accesos a los recintos,,2,1,1,4,1,Amenazas y conflictos,Neutral,"Sí, ha cambiado un poco",Líderes o partidos políticos,0,1,0,0,0,0,0,"Sí, en parte",Muy agresivo,"Sí, en ciertos casos",Reduce mucho mi confianza,Frecuentemente,Varias veces al día,Facebook Twitter/X TikTok,1,1,0,1,0,0,0,0,No consumo,A veces,"Sí, ocasionalmente","No, pero me interesaría",Si,Neutral,Madrugada,Calles principales Zonas oscuras o alejadas Parques,1,0,1,1,0,0,0,2,3,3,3,4,3,4,Si,Falta de presencia policial,0,1,0,0,0,0,0,Muy ineficaz,Si,3,,"No, no hacen nada ","No, no hacen nada ",Evitar salir de noche,1,0,0,0,0,"No sabe, no responde",0,0,0,1,Más patrullas policiales,,Ligeramente peor que el resto del país,Ni buena ni mala,Medianamente mejor,Ni satisfecho/a ni insatisfecho/a,Igual,Suficiente,Suficiente,Suficiente,Limitada,Suficiente,Han disminuido mucho,Ha disminuido poco,Se ha mantenido igual,Totalmente de acuerdo,Regular,Hospital,5,Justos,No,,,,,,Injusta,Neutral,De acuerdo,,Si,Inseguro,Poco,,Ni de acuerdo ni en desacuerdo,Tengo los documentos importantes protegidos y resguardados,0,0,0,0,0,0,0,1,0,0,0,0,Extremadamente preocupado/a,Lentamente,,Muy mal,Muy mal,Muy mal,0.0709556 -80.0440985 51.79999923706055 4.034,0.0709556,-80.0440985,51.79999924,4.034
Pedernales,Conglomerado 2,Masculino,29,1,3,1,2,1,1,1,No sabe,2,2,2,1,5,No sabe,,3,1,1,4,1,Riesgos de seguridad,Neutral,No sé,Líderes o partidos políticos Falta de diálogo,0,1,0,0,1,0,0,"Sí, en parte",Poco agresivo,"Sí, en ciertos casos",Neutral,A veces,Rara vez,Whatsapp,0,0,0,0,0,1,0,0,No consumo,No sé,Rara vez,No lo sé,No,Inseguro,Noche,Calles principales,0,0,1,0,0,0,0,5,2,3,1,1,3,5,Prefiero no responder,Falta de presencia policial,0,1,0,0,0,0,0,Ineficaz,No,,Otras,"No sabe, no responde","No sabe, no responde",Evitar salir de noche,1,0,0,0,0,"No sabe, no responde",0,0,0,1,Más patrullas policiales,,Ligeramente peor que el resto del país,Mala,Mejor,Insatisfecho/a,Peor,Muy limitada,Muy limitada,Muy limitada,Extremadamente limitada,Muy limitada,Han disminuido mucho,Ha disminuido mucho,Ha aumentado mucho,Totalmente en desacuerdo,Regular,Hospital,5,No sabe/no responde,Si,Público o fiscal,,Regular,Muy buena,Muy buena,Injusta,Mucho,En desacuerdo,,No contesta,,,,Totalmente en desacuerdo,Tengo los documentos importantes protegidos y resguardados,0,0,0,0,0,0,0,1,0,0,0,0,Extremadamente preocupado/a,Muy lentamente,,Muy mal,Muy mal,Muy mal,0.0710806 -80.050307 54.0 3.79,0.0710806,-80.050307,54,3.79
Pedernales,Conglomerado 2,Masculino,33,1,1,1,1,1,1,1,Poder hablar sin miedo a represalias,2,1,1,1,1,No sabe,,1,1,1,1,2,Todo lo que tiene que ver con violencia,Muy consciente,"Sí, ha cambiado significativamente",Líderes o partidos políticos Falta de diálogo Redes sociales Desigualdad económica Falta de respuesta a las demandas sociales,1,1,0,1,1,1,0,"Sí, totalmente",Neutral,"Sí, en ciertos casos",Reduce un poco mi confianza,A veces,Varias veces al día,Facebook TikTok Whatsapp,1,0,0,1,0,1,0,0,Parcialmente sesgado,A veces,No estoy seguro/a,"No, pero me interesaría",No,Muy inseguro,Madrugada,Parques,1,0,0,0,0,0,0,5,3,1,5,4,5,5,No,Corrupción Falta de presencia policial Crimen organizado La pobreza Falta de trabajo Consumo de drogas,1,1,1,1,1,1,0,Muy ineficaz,No,,Consideró que no serviría de nada,"No, no hacen nada ","No, no hacen nada ",Evitar salir de noche,1,0,0,0,0,"No sabe, no responde",0,0,0,1,Más patrullas policiales,,Mucho peor que el resto del país,Ni buena ni mala,Igual,Ni satisfecho/a ni insatisfecho/a,Igual,Moderada,Moderada,Suficiente,Muy limitada,Moderada,Han disminuido mucho,Ha disminuido mucho,Ha aumentado mucho,Totalmente en desacuerdo,Regular,Hospital,8,Justos,No,,,,,,Injusta,Neutral,De acuerdo,,Si,Neutral,Nada,,Ni de acuerdo ni en desacuerdo,Conozco los números de emergencia Estoy informado sobre los riesgos de desastres naturales en mi área,0,0,0,0,1,0,1,0,0,0,0,0,Extremadamente preocupado/a,No sabe/no responde,,Muy mal,Muy mal,Muy mal,0.0694075 -80.0538443 54.0 4.86,0.0694075,-80.0538443,54,4.86
Pedernales,Conglomerado 2,Masculino,33,2,1,2,1,1,1,2,Capacitaciones y mas permicion en la actividad de la ciudadania,2,1,3,5,1,No sabe,,3,1,1,5,4,No sabe,Neutral,"Sí, ha cambiado un poco",Falta de diálogo,0,0,0,0,1,0,0,"Sí, en parte",Poco agresivo,"Sí, claramente",Reduce mucho mi confianza,Siempre,Algunas veces por semana,Facebook YouTube,1,0,0,0,1,0,0,0,No consumo,A veces,"Sí, muy seguido",No lo sé,Si,Inseguro,Madrugada,Calles principales Zonas oscuras o alejadas,0,0,1,1,0,0,0,5,2,1,5,3,1,1,No,Falta de presencia policial,0,1,0,0,0,0,0,Ineficaz,No,,Otras,"No sabe, no responde","No sabe, no responde",Evitar salir de noche Cambiar itinerarios y rutas,1,0,0,1,0,"No sabe, no responde",0,0,0,1,Liderazgo de las autoridades locales,,Ligeramente peor que el resto del país,Ni buena ni mala,Igual,Ni satisfecho/a ni insatisfecho/a,Igual,Limitada,Limitada,Limitada,Extremadamente limitada,Limitada,Han aumentado poco,Ha disminuido mucho,Ha aumentado mucho,Ni de acuerdo ni en desacuerdo,Regular,Hospital,7,Justos,Si,Público o fiscal,,Mala,Muy buena,Muy buena,Muy injusta,Algo,Ni de acuerdo ni en desacuerdo,,Si,Muy inseguro,Nada,,Totalmente en desacuerdo,Estoy informado sobre los riesgos de desastres naturales en mi área Tengo los documentos importantes protegidos y resguardados,0,0,0,0,0,0,1,1,0,0,0,0,Extremadamente preocupado/a,No sabe/no responde,,Muy mal,No sabe/no responde,No sabe/no responde,0.071299 -80.0530613 44.29949951171875 3.79,0.071299,-80.0530613,44.29949951,3.79
Pedernales,Conglomerado 2,Masculino,29,3,2,1,1,1,1,1,Verdadera inclusión ciudadana,1,1,3,5,5,Falta de recursos,,1,3,1,5,1,Fraude,Consciente,"Sí, ha cambiado un poco",Medios tradicionales Líderes o partidos políticos Desigualdad económica,0,1,1,1,0,0,0,Neutral,Muy agresivo,No estoy seguro/a,Reduce mucho mi confianza,Frecuentemente,Varias veces al día,Facebook Instagram Twitter/X TikTok YouTube Telegram Whatsapp,1,1,1,1,1,1,1,0,Parcialmente sesgado,"Sí, frecuentemente","Sí, muy seguido","Sí, activamente",Si,Neutral,Madrugada,Calles principales Transporte público Zonas oscuras o alejadas Parques,1,1,1,1,0,0,0,5,1,1,1,1,5,5,No,Falta de presencia policial Consumo de drogas Corrupción,0,1,1,1,0,0,0,Neutral,Si,3,,"Sí, pero de forma insuficiente","Sí, pero de forma insuficiente",Evitar salir de noche,1,0,0,0,0,"No sabe, no responde",0,0,0,1,Programas sociales para jóvenes,,Mucho peor que el resto del país,Buena,Igual,Satisfecho/a,Igual,Suficiente,Suficiente,Suficiente,Muy limitada,Suficiente,Han disminuido mucho,Ha disminuido mucho,Se ha mantenido igual,Totalmente de acuerdo,Regular,Clínica privada,8,Justos,No,,,,,,Injusta,Neutral,Totalmente de acuerdo,,Si,Neutral,Moderadamente,,Totalmente de acuerdo,Estoy informado sobre los riesgos de desastres naturales en mi área Sé cómo contactar a las autoridades y/o instituciones en caso de desastre Tengo los documentos importantes protegidos y resguardados Tengo suficientes provisiones de medicamentos en caso de emergencia Cuento con un fondo económico de emergencia,0,0,0,0,0,1,1,1,0,1,0,1,Muy preocupado/a,Lentamente,,Ni bien ni mal,No sabe/no responde,No sabe/no responde,0.0700419 -80.0557048 39.70000076293945 4.044,0.0700419,-80.0557048,39.70000076,4.044
Pedernales,Conglomerado 2,Masculino,35,2,5,4,2,3,1,5,Libertad de expresión tanto de la prensa como de las personas,5,5,3,5,5,Desinformación,,5,1,1,5,1,Corrupción,Nada consciente,No sé,Otras,0,0,0,0,0,0,1,Neutral,Muy agresivo,No estoy seguro/a,Neutral,A veces,Varias veces al día,Facebook,1,0,0,0,0,0,0,0,Mayormente equilibrado,A veces,"Sí, ocasionalmente",No lo sé,Si,Inseguro,Madrugada,Parques Transporte público Calles principales,1,1,1,0,0,0,0,5,1,1,1,3,5,5,Prefiero no responder,Crimen organizado,0,0,0,0,1,0,0,Muy ineficaz,No,,Otras,"No, no hacen nada ","No, no hacen nada ",Evitar salir de noche Otras,1,0,0,0,1,"No sabe, no responde",0,0,0,1,Más patrullas policiales,,Ligeramente peor que el resto del país,Ni buena ni mala,Igual,Ni satisfecho/a ni insatisfecho/a,Igual,Moderada,Moderada,Moderada,Moderada,Moderada,No han cambiado,Se ha mantenido igual,Se ha mantenido igual,Ni de acuerdo ni en desacuerdo,Regular,Hospital,6,Justos,Si,Público o fiscal,,Buena,Muy buena,Muy buena,Justa,Mucho,Ni de acuerdo ni en desacuerdo,,No contesta,,,,Ni de acuerdo ni en desacuerdo,Tengo un plan de emergencia para toda la familia,1,0,0,0,0,0,0,0,0,0,0,0,Extremadamente preocupado/a,No sabe/no responde,,No sabe/no responde,No sabe/no responde,No sabe/no responde,0.0730837 -80.0476861 43.099998474121094 4.036,0.0730837,-80.0476861,43.09999847,4.036
Pedernales,Conglomerado 2,Masculino,29,3,3,3,3,3,3,3,Mayor incentivo,5,1,3,5,5,La información distorcionada,,1,5,3,3,3,"Amenazas, intimidación",Neutral,No sé,Redes sociales Líderes o partidos políticos Falta de diálogo,1,1,0,0,1,0,0,Neutral,Muy agresivo,No estoy seguro/a,Neutral,Siempre,Varias veces al día,Facebook Otras Whatsapp,1,0,0,0,0,1,0,1,Mayormente equilibrado,"Sí, siempre","Sí, muy seguido","Sí, activamente",Si,Neutral,Madrugada,Parques Calles principales,1,0,1,0,0,0,0,5,1,1,1,3,5,3,Prefiero no responder,Falta de trabajo Consumo de drogas,1,0,1,0,0,0,0,Muy ineficaz,Si,4,,"Sí, pero de forma insuficiente","Sí, pero de forma insuficiente",Instalar cámaras o alarmas Evitar salir de noche,1,1,0,0,0,"No sabe, no responde",0,0,0,1,Más patrullas policiales,,Mucho peor que el resto del país,Ni buena ni mala,Mejor,Insatisfecho/a,Igual,Moderada,Moderada,Moderada,Limitada,Moderada,Han disminuido mucho,Ha disminuido mucho,Se ha mantenido igual,Totalmente en desacuerdo,Regular,Hospital,5,Injustos,Si,Público o fiscal,,Buena,Muy buena,Muy buena,Injusta,Neutral,De acuerdo,,Si,Muy inseguro,Nada,,Totalmente en desacuerdo,Tengo un plan de emergencia para toda la familia,1,0,0,0,0,0,0,0,0,0,0,0,Extremadamente preocupado/a,No sabe/no responde,,Ni bien ni mal,No sabe/no responde,No sabe/no responde,0.0731166 -80.0462012 41.29999923706055 4.439,0.0731166,-80.0462012,41.29999924,4.439
Pedernales,Conglomerado 2,Masculino,38,1,3,1,1,1,1,1,No sabe,3,2,2,5,5,Falta de acceso,,5,1,1,5,3,Mucha inseguridad por fanatismo,Consciente,"Sí, ha cambiado significativamente",Falta de diálogo,0,0,0,0,1,0,0,"Sí, totalmente",Neutral,No estoy seguro/a,Neutral,Frecuentemente,Varias veces al día,Facebook Instagram Telegram,1,0,1,0,0,0,1,0,No consumo,A veces,"Sí, muy seguido",No lo sé,Si,Muy inseguro,Noche,Parques Transporte público Calles principales Zonas oscuras o alejadas Centros comerciales Restaurantes y cafeterías Mercados de abastos,1,1,1,1,1,1,1,5,3,3,5,5,5,3,Si,Falta de trabajo Consumo de drogas Crimen organizado La pobreza,1,0,1,0,1,1,0,Neutral,Si,4,,"Sí, pero de forma insuficiente","Sí, pero de forma insuficiente",Evitar salir de noche Instalar cámaras o alarmas Otras,1,1,0,0,1,"No sabe, no responde",0,0,0,1,Más patrullas policiales,,Mucho peor que el resto del país,Buena,Medianamente mejor,Satisfecho/a,Igual,Moderada,Suficiente,Suficiente,Limitada,Suficiente,Han disminuido mucho,Ha disminuido poco,Ha aumentado mucho,Totalmente en desacuerdo,Regular,Hospital,7,Injustos,Si,Privada o particular,,Mala,Muy buena,Muy buena,Muy injusta,Neutral,Totalmente de acuerdo,,No contesta,,,,Ni de acuerdo ni en desacuerdo,Tengo un plan de emergencia para toda la familia,1,0,0,0,0,0,0,0,0,0,0,0,Moderadamente preocupado/a,Lentamente,,No sabe/no responde,No sabe/no responde,Muy mal,0.0711069 -80.0452211 55.70000076293945 4.211,0.0711069,-80.0452211,55.70000076,4.211
Pedernales,Conglomerado 2,Masculino,61,5,4,5,5,5,5,2,La educación para la ciudadanía,5,1,1,4,5,Presupuesto de quienes quieran participar,,1,1,3,1,1,El riesgo al fraude,Muy consciente,"Sí, ha cambiado significativamente",Líderes o partidos políticos Desigualdad económica,0,1,0,1,0,0,0,"Sí, totalmente",Muy agresivo,"Sí, claramente",Reduce mucho mi confianza,Siempre,Varias veces al día,Facebook,1,0,0,0,0,0,0,0,Altamente polarizado,A veces,"Sí, muy seguido","Sí, activamente",Si,Inseguro,Madrugada,Zonas oscuras o alejadas Parques,1,0,0,1,0,0,0,2,2,2,1,1,1,1,No,Crimen organizado La pobreza Falta de trabajo,1,0,0,0,1,1,0,Ineficaz,No,,Temor a represalias,"Sí, de manera activa","Sí, pero de forma insuficiente",Evitar salir de noche,1,0,0,0,0,"Sí, pero hay temor",0,0,1,0,Educación ciudadana,,Igual que el resto del país,Ni buena ni mala,Peor,Satisfecho/a,Mejor,Muy limitada,Muy limitada,Muy limitada,Muy limitada,Muy limitada,Han disminuido poco,Ha disminuido poco,Ha aumentado mucho,En desacuerdo,Regular,Hospital,6,Injustos,Si,Público o fiscal,,Regular,Regular,Regular,Injusta,Mucho,Totalmente en desacuerdo,,Si,Inseguro,Nada,,En desacuerdo,Estoy informado sobre los riesgos de desastres naturales en mi área,0,0,0,0,0,0,1,0,0,0,0,0,Moderadamente preocupado/a,Muy lentamente,,Muy mal,Muy mal,Muy mal,0.0699269 -80.0440074 52.20000076293945 4.875,0.0699269,-80.0440074,52.20000076,4.875
Pedernales,Conglomerado 2,Femenino,23,4,4,1,1,1,2,4,Promover la participación ciudadana,1,5,5,3,1,La desconfianza en las instituciones,,1,1,3,1,1,La compra de votos  y la desinformación y noticias falsas,Muy consciente,"Sí, ha cambiado significativamente",Líderes o partidos políticos Desigualdad económica,0,1,0,1,0,0,0,"Sí, totalmente",Muy agresivo,"Sí, claramente",Reduce mucho mi confianza,Frecuentemente,Varias veces al día,Facebook TikTok Instagram Twitter/X,1,1,1,1,0,0,0,0,Parcialmente sesgado,Rara vez,"Sí, muy seguido","No, pero me interesaría",Si,Neutral,Noche,Parques Zonas oscuras o alejadas,1,0,0,1,0,0,0,3,2,4,2,2,1,3,No,Falta de presencia policial Falta de trabajo,1,1,0,0,0,0,0,Ineficaz,No,,Otras,"Sí, de manera activa","Sí, pero de forma insuficiente",Evitar salir de noche,1,0,0,0,0,"No sabe, no responde",0,0,0,1,Más patrullas policiales,,Igual que el resto del país,Ni buena ni mala,Igual,Satisfecho/a,Mejor,Moderada,Moderada,Moderada,Moderada,Moderada,Han disminuido poco,Ha disminuido poco,Ha aumentado,En desacuerdo,Regular,Hospital,5,Muy justos,No,,,,,,Justa,Algo,Ni de acuerdo ni en desacuerdo,,Si,Inseguro,Nada,,Ni de acuerdo ni en desacuerdo,Conozco los sitios seguros de la ciudad,0,0,0,0,0,0,0,0,1,0,0,0,Moderadamente preocupado/a,Muy lentamente,,Muy mal,Muy mal,Muy mal,0.069708 -80.0548294 41.39999771118164 3.35,0.069708,-80.0548294,41.39999771,3.35
Pedernales,Conglomerado 2,Femenino,25,1,1,1,1,1,2,4,Combatir la desinformación,5,1,1,3,5,Pobreza y desigualdad,,3,1,3,1,1,Falta de regulación en el financiamiento de las campañas,Muy consciente,"Sí, ha cambiado significativamente",Redes sociales Líderes o partidos políticos,1,1,0,0,0,0,0,"Sí, totalmente",Muy agresivo,"Sí, claramente",Reduce mucho mi confianza,Frecuentemente,Varias veces al día,Facebook Instagram Twitter/X TikTok,1,1,1,1,0,0,0,0,Parcialmente sesgado,"Sí, frecuentemente","Sí, muy seguido","Sí, ocasionalmente",Si,Inseguro,Madrugada,Parques Zonas oscuras o alejadas,1,0,0,1,0,0,0,4,4,4,2,3,2,3,No,Consumo de drogas Crimen organizado La pobreza,0,0,1,0,1,1,0,Neutral,No,,Otras,"Sí, pero de forma insuficiente","Sí, pero de forma insuficiente",Evitar salir de noche,1,0,0,0,0,"No sabe, no responde",0,0,0,1,Educación ciudadana,,Ligeramente peor que el resto del país,Buena,Igual,Satisfecho/a,Igual,Suficiente,Suficiente,Suficiente,Suficiente,Suficiente,Han disminuido poco,Ha disminuido poco,Ha aumentado,En desacuerdo,Regular,Hospital,6,Justos,No,,,,,,Justa,Algo,Ni de acuerdo ni en desacuerdo,,Si,Neutral,Poco,,Ni de acuerdo ni en desacuerdo,Conozco los sitios seguros de la ciudad Estoy informado sobre los riesgos de desastres naturales en mi área,0,0,0,0,0,0,1,0,1,0,0,0,Poco preocupado/a,Muy lentamente,,Muy mal,Muy mal,Muy mal,0.0710409 -80.0522472 45.29999923706055 3.966,0.0710409,-80.0522472,45.29999924,3.966
Pedernales,Conglomerado 2,Femenino,30,1,1,1,1,1,1,3,Mejorar la transparencia de las cuentas,5,1,1,1,5,La limitación de recursos,,3,1,3,1,1,La credibilidad por corrupción,Muy consciente,"Sí, ha cambiado significativamente",Líderes o partidos políticos,0,1,0,0,0,0,0,"Sí, totalmente",Muy agresivo,"Sí, claramente",Reduce mucho mi confianza,Siempre,Varias veces al día,Facebook Instagram TikTok,1,0,1,1,0,0,0,0,Parcialmente sesgado,"Sí, frecuentemente","Sí, muy seguido","Sí, ocasionalmente",Si,Inseguro,Noche,Parques Zonas oscuras o alejadas,1,0,0,1,0,0,0,3,3,3,3,3,2,2,Prefiero no responder,Falta de trabajo Crimen organizado,1,0,0,0,1,0,0,Neutral,No,,Otras,"No, no hacen nada ","No, no hacen nada ",Evitar salir de noche,1,0,0,0,0,"No sabe, no responde",0,0,0,1,Más patrullas policiales,,Ligeramente peor que el resto del país,Ni buena ni mala,Igual,Satisfecho/a,Mejor,Moderada,Moderada,Moderada,Moderada,Moderada,Han disminuido mucho,Ha disminuido poco,Ha aumentado,Totalmente en desacuerdo,Regular,Hospital,6,Justos,No,,,,,,Justa,Algo,De acuerdo,,Si,Inseguro,Poco,,De acuerdo,Conozco los sitios seguros de la ciudad,0,0,0,0,0,0,0,0,1,0,0,0,Poco preocupado/a,Muy lentamente,,Muy mal,Muy mal,Muy mal,0.0709946 -80.0536971 42.79999923706055 4.9,0.0709946,-80.0536971,42.79999924,4.9
Pedernales,Conglomerado 2,Masculino,29,1,1,1,1,1,3,4,Tratar los temas de corrupción,5,1,1,3,5,Desigualdad sectorial,,2,1,3,5,1,Fraude electoral,Muy consciente,"Sí, ha cambiado significativamente",Líderes o partidos políticos,0,1,0,0,0,0,0,"Sí, totalmente",Muy agresivo,"Sí, claramente",Reduce mucho mi confianza,Siempre,Varias veces al día,Facebook TikTok Twitter/X,1,1,0,1,0,0,0,0,Parcialmente sesgado,"Sí, siempre","Sí, muy seguido","Sí, ocasionalmente",Si,Neutral,Madrugada,Parques Zonas oscuras o alejadas,1,0,0,1,0,0,0,3,2,4,1,1,1,2,No,Consumo de drogas Crimen organizado Falta de trabajo,1,0,1,0,1,0,0,Neutral,No,,Otras,"Sí, pero de forma insuficiente","Sí, pero de forma insuficiente",Evitar salir de noche,1,0,0,0,0,"No sabe, no responde",0,0,0,1,Más patrullas policiales,,Ligeramente peor que el resto del país,Ni buena ni mala,Igual,Satisfecho/a,Mejor,Moderada,Moderada,Moderada,Moderada,Moderada,Han disminuido poco,Ha disminuido poco,Ha aumentado,En desacuerdo,Regular,Hospital,5,Muy justos,No,,,,,,Justa,Algo,Ni de acuerdo ni en desacuerdo,,Si,Neutral,Poco,,Ni de acuerdo ni en desacuerdo,Conozco los sitios seguros de la ciudad,0,0,0,0,0,0,0,0,1,0,0,0,Poco preocupado/a,Muy lentamente,,Muy mal,Muy mal,Muy mal,0.0706383 -80.0543072 42.0 4.822,0.0706383,-80.0543072,42,4.822
Pedernales,Conglomerado 2,Masculino,25,1,3,1,1,1,4,4,Transparencia y veracidad,5,2,1,3,1,Desigualdad social,,5,1,3,5,1,La perdida de la veracidad,Muy consciente,"Sí, ha cambiado significativamente",Líderes o partidos políticos,0,1,0,0,0,0,0,"Sí, totalmente",Poco agresivo,"Sí, claramente",Reduce mucho mi confianza,Siempre,Varias veces al día,Facebook Instagram TikTok,1,0,1,1,0,0,0,0,Parcialmente sesgado,"Sí, frecuentemente","Sí, ocasionalmente","Sí, ocasionalmente",Si,Neutral,Madrugada,Parques Zonas oscuras o alejadas,1,0,0,1,0,0,0,2,2,4,2,1,1,3,Prefiero no responder,Consumo de drogas Falta de trabajo Crimen organizado Corrupción,1,0,1,1,1,0,0,Ineficaz,No,,Otras,"No, no hacen nada ","Sí, pero de forma insuficiente",Evitar salir de noche,1,0,0,0,0,"No sabe, no responde",0,0,0,1,Más patrullas policiales,,Ligeramente peor que el resto del país,Ni buena ni mala,Medianamente mejor,Satisfecho/a,Mejor,Moderada,Moderada,Moderada,Moderada,Moderada,Han disminuido poco,Ha disminuido poco,Ha aumentado,Ni de acuerdo ni en desacuerdo,Regular,Hospital,2,No sabe/no responde,No,,,,,,Injusta,Algo,Ni de acuerdo ni en desacuerdo,,Si,Neutral,Poco,,Ni de acuerdo ni en desacuerdo,Conozco las rutas de evacuación establecidas en la ciudad,0,1,0,0,0,0,0,0,0,0,0,0,Poco preocupado/a,Con el tiempo necesario,,Muy mal,Ni bien ni mal,Bien,0.0704423 -80.0538828 42.89999771118164 4.8,0.0704423,-80.0538828,42.89999771,4.8
Pedernales,Conglomerado 2,Femenino,26,1,4,1,1,1,3,2,La comunicación de los medios sin sesgos,5,1,1,3,5,Dificultad de acceso a sectores vulnerable,,3,1,2,5,1,La incredulidad ante la ciudadanía,Muy consciente,"Sí, ha cambiado significativamente",Redes sociales Líderes o partidos políticos,1,1,0,0,0,0,0,"Sí, totalmente",Poco agresivo,"Sí, claramente",Reduce mucho mi confianza,Frecuentemente,Varias veces al día,Facebook Instagram TikTok Twitter/X,1,1,1,1,0,0,0,0,Parcialmente sesgado,"Sí, frecuentemente",Rara vez,"No, pero me interesaría",Si,Neutral,Madrugada,Parques Zonas oscuras o alejadas,1,0,0,1,0,0,0,3,3,4,2,2,1,3,Prefiero no responder,Falta de presencia policial,0,1,0,0,0,0,0,Ineficaz,No,,Otras,"No, no hacen nada ","Sí, pero de forma insuficiente",Evitar salir de noche,1,0,0,0,0,"No sabe, no responde Sí, pero hay temor",0,0,1,1,Más patrullas policiales,,Igual que el resto del país,Ni buena ni mala,Mejor,Satisfecho/a,Igual,Moderada,Moderada,Moderada,Moderada,Moderada,Han disminuido poco,Ha disminuido poco,Ha aumentado,Ni de acuerdo ni en desacuerdo,Regular,Centro médico particular,7,No sabe/no responde,No,,,,,,No sabe/no responde,Algo,De acuerdo,,Si,Neutral,Poco,,En desacuerdo,Conozco las rutas de evacuación establecidas en la ciudad,0,1,0,0,0,0,0,0,0,0,0,0,Muy preocupado/a,Lentamente,,Ni bien ni mal,Ni bien ni mal,Bien,0.0715002 -80.0511259 44.79999923706055 4.7,0.0715002,-80.0511259,44.79999924,4.7
Pedernales,Conglomerado 2,Masculino,51,1,1,1,1,1,3,1,Que los políticos no sean corruptos,5,1,1,1,5,La compra de votos para beneficio de ciertos partidos políticos,,1,1,3,1,1,La falta de credibilidad ante los demás países,Muy consciente,"Sí, ha cambiado significativamente",Líderes o partidos políticos,0,1,0,0,0,0,0,"Sí, totalmente",Muy agresivo,"Sí, claramente",Reduce mucho mi confianza,Siempre,Varias veces al día,Facebook,1,0,0,0,0,0,0,0,Altamente polarizado,"Sí, siempre","Sí, muy seguido","No, no me importa",Si,Inseguro,Noche,Parques Zonas oscuras o alejadas,1,0,0,1,0,0,0,2,2,4,2,2,2,4,Prefiero no responder,La pobreza Crimen organizado Falta de trabajo Consumo de drogas Falta de presencia policial,1,1,1,0,1,1,0,Ineficaz,No,,Otras,"Sí, pero de forma insuficiente","Sí, pero de forma insuficiente",Evitar salir de noche,1,0,0,0,0,"Sí, pero hay temor",0,0,1,0,Más patrullas policiales,,Ligeramente peor que el resto del país,Buena,Igual,Satisfecho/a,Mejor,Moderada,Moderada,Moderada,Moderada,Moderada,Han disminuido mucho,Ha disminuido mucho,Ha aumentado,En desacuerdo,Regular,Hospital,6,Justos,Si,Privada o particular,,Mala,Buena,Mala,Justa,Mucho,De acuerdo,,Si,Inseguro,Poco,,De acuerdo,Conozco los sitios seguros de la ciudad,0,0,0,0,0,0,0,0,1,0,0,0,Poco preocupado/a,Muy lentamente,,Muy mal,Muy mal,Muy mal,0.0734479 -80.04681 40.39999771118164 2.2,0.0734479,-80.04681,40.39999771,2.2
Pedernales,Conglomerado 2,Femenino,25,4,3,4,4,4,4,4,Transparencia del estado,3,4,5,3,3,Crisis económica,,4,4,4,2,3,Ninguna,Consciente,"Sí, ha cambiado un poco",Redes sociales,1,0,0,0,0,0,0,"Sí, en parte",Poco agresivo,No estoy seguro/a,Reduce un poco mi confianza,Frecuentemente,Varias veces al día,Facebook Twitter/X Instagram TikTok YouTube Whatsapp Telegram Otras,1,1,1,1,1,1,1,1,Parcialmente sesgado,A veces,"Sí, ocasionalmente","Sí, ocasionalmente",Si,Seguro,Noche,Zonas oscuras o alejadas Parques,1,0,0,1,0,0,0,3,3,5,2,3,4,1,No,Consumo de drogas,0,0,1,0,0,0,0,Neutral,No,,Otras,"Sí, pero de forma insuficiente","Sí, pero de forma insuficiente",Evitar salir de noche,1,0,0,0,0,"Sí, pero hay temor",0,0,1,0,Liderazgo de las autoridades locales,,Igual que el resto del país,Ni buena ni mala,Peor,Ni satisfecho/a ni insatisfecho/a,Igual,Moderada,Moderada,Limitada,Muy limitada,Moderada,Han aumentado poco,Se ha mantenido igual,Se ha mantenido igual,Ni de acuerdo ni en desacuerdo,Regular,Hospital,2,Injustos,No,,,,,,Injusta,Algo,Ni de acuerdo ni en desacuerdo,,Si,Neutral,Moderadamente,,En desacuerdo,Conozco las rutas de evacuación establecidas en la ciudad,0,1,0,0,0,0,0,0,0,0,0,0,Poco preocupado/a,Lentamente,,Muy mal,Muy mal,Bien,0.0716704 -80.0456453 55.599998474121094 4.157,0.0716704,-80.0456453,55.59999847,4.157
Pedernales,Conglomerado 2,Femenino,26,4,4,4,5,3,3,3,El modelo que tenemos está bien,4,4,4,4,4,La desigualdad social,,4,5,4,2,2,Corrupción,Consciente,"Sí, ha cambiado un poco",Desigualdad económica Redes sociales Falta de respuesta a las demandas sociales,1,0,0,1,0,1,0,"Sí, en parte",Muy agresivo,"Sí, claramente",Neutral,Siempre,Varias veces al día,Facebook Twitter/X Instagram TikTok YouTube Whatsapp Telegram Otras,1,1,1,1,1,1,1,1,Mayormente equilibrado,"Sí, siempre","Sí, muy seguido","Sí, activamente",Si,Seguro,Madrugada,Zonas oscuras o alejadas,0,0,0,1,0,0,0,4,2,5,1,3,4,2,Si,Crimen organizado Consumo de drogas La pobreza,0,0,1,0,1,1,0,Neutral,Si,4,,"No, no hacen nada ","Sí, pero de forma insuficiente",Evitar salir de noche Instalar cámaras o alarmas,1,1,0,0,0,"Sí, hay grupos de vigilancia",1,0,0,0,Más patrullas policiales,,Igual que el resto del país,Buena,Peor,Insatisfecho/a,Mejor,Muy suficiente,Muy suficiente,Suficiente,Muy suficiente,Extremadamente suficiente,Han disminuido poco,Se ha mantenido igual,Ha aumentado,Ni de acuerdo ni en desacuerdo,Regular,Hospital,4,Injustos,Si,Privada o particular,,Buena,Mala,Mala,Injusta,Algo,En desacuerdo,,Si,Seguro,Moderadamente,,Totalmente en desacuerdo,Conozco las rutas de evacuación establecidas en la ciudad,0,1,0,0,0,0,0,0,0,0,0,0,Muy preocupado/a,Lentamente,,Muy mal,Ni bien ni mal,Bien,0.07034 -80.0516535 44.599998474121094 3.32,0.07034,-80.0516535,44.59999847,3.32
Pedernales,Conglomerado 2,Femenino,60,1,1,1,1,1,1,3,Que se escuche más al pueblo que es quien realmente vive la realidad y no solo a los politicos que tienen vidas privilegiadas,3,1,1,3,5,Mucha corrupción e inseguridad,,3,1,1,3,1,"Amenazas, muertes, el fanatismo es malo",Neutral,"Sí, ha cambiado un poco",Líderes o partidos políticos Falta de diálogo Falta de respuesta a las demandas sociales,0,1,0,0,1,1,0,"Sí, en parte",Neutral,No estoy seguro/a,Neutral,Frecuentemente,Nunca,Otras,0,0,0,0,0,0,0,1,No consumo,No sé,Nunca,No lo sé,No,Neutral,Noche,Parques Calles principales,1,0,1,0,0,0,0,1,1,3,1,1,2,3,No,Falta de presencia policial Crimen organizado Consumo de drogas La pobreza,0,1,1,0,1,1,0,Neutral,No,,Otras,"Sí, pero de forma insuficiente","Sí, pero de forma insuficiente",Evitar salir de noche,1,0,0,0,0,"No sabe, no responde",0,0,0,1,Más patrullas policiales,,Ligeramente peor que el resto del país,Ni buena ni mala,Igual,Ni satisfecho/a ni insatisfecho/a,Igual,Moderada,Moderada,Moderada,Moderada,Moderada,Han disminuido mucho,Ha disminuido mucho,Ha aumentado mucho,Totalmente en desacuerdo,Regular,Otros,7,Justos,Si,Ninguna,,,,,Injusta,Algo,De acuerdo,,No,,,Difícil,De acuerdo,"Cuento con un kit de emergencia con agua, alimentos, botiquín, abrigos, etc.",0,0,1,0,0,0,0,0,0,0,0,0,Extremadamente preocupado/a,Muy lentamente,,Ni bien ni mal,Ni bien ni mal,Ni bien ni mal,0.0726536 -80.0453065 47.29999923706055 3.921,0.0726536,-80.0453065,47.29999924,3.921
Pedernales,Conglomerado 2,Masculino,48,2,5,3,1,1,3,5,No sabe,5,1,3,5,5,No sabe,,3,1,1,1,1,No sabe,Neutral,No sé,Desigualdad económica,0,0,0,1,0,0,0,Neutral,Neutral,No estoy seguro/a,Neutral,A veces,Rara vez,Otras,0,0,0,0,0,0,0,1,No consumo,No sé,Nunca,No lo sé,No,Inseguro,Madrugada,Parques Calles principales,1,0,1,0,0,0,0,3,1,4,3,3,3,3,Prefiero no responder,Falta de trabajo La pobreza,1,0,0,0,0,1,0,Neutral,No,,Otras,"No sabe, no responde","No sabe, no responde",Otras,0,0,0,0,1,"No sabe, no responde",0,0,0,1,Educación ciudadana,,Ligeramente peor que el resto del país,Ni buena ni mala,Igual,Satisfecho/a,Igual,Suficiente,Suficiente,Suficiente,Suficiente,Suficiente,Han disminuido mucho,Ha disminuido mucho,Se ha mantenido igual,Ni de acuerdo ni en desacuerdo,Fácil,Hospital,8,Justos,No,,,,,,Muy injusta,Neutral,De acuerdo,,No contesta,,,,Totalmente de acuerdo,Conozco las rutas de evacuación establecidas en la ciudad Tengo los documentos importantes protegidos y resguardados,0,1,0,0,0,0,0,1,0,0,0,0,Extremadamente preocupado/a,Muy lentamente,,Muy mal,No sabe/no responde,No sabe/no responde,0.0699945 -80.046684 61.099998474121094 4.97,0.0699945,-80.046684,61.09999847,4.97
Pedernales,Conglomerado 2,Masculino,40,1,2,3,1,1,1,5,Darlo como una materia primordial en los centros educativos,4,3,1,3,5,La desinformación,,5,1,3,5,2,Las divisiones política generan muchas agresiones entre los ciudadanos,Muy consciente,"Sí, ha cambiado significativamente",Falta de respuesta a las demandas sociales Falta de diálogo Líderes o partidos políticos,0,1,0,0,1,1,0,"Sí, totalmente",Neutral,"Sí, claramente",Neutral,Siempre,Varias veces al día,Facebook,1,0,0,0,0,0,0,0,Mayormente equilibrado,"Sí, frecuentemente","Sí, muy seguido","Sí, ocasionalmente",Si,Neutral,Noche,Parques Calles principales Zonas oscuras o alejadas,1,0,1,1,0,0,0,3,1,3,1,1,3,5,No,La pobreza Falta de trabajo,1,0,0,0,0,1,0,Neutral,No,,Otras,"Sí, pero de forma insuficiente","Sí, pero de forma insuficiente",Otras,0,0,0,0,1,"No sabe, no responde",0,0,0,1,Educación ciudadana,,Mucho peor que el resto del país,Ni buena ni mala,Medianamente mejor,Ni satisfecho/a ni insatisfecho/a,Igual,Moderada,Moderada,Moderada,Extremadamente limitada,Moderada,Han disminuido mucho,Ha disminuido mucho,Ha aumentado mucho,Totalmente en desacuerdo,Regular,Hospital,8,Justos,Si,Privada o particular,,Muy mala,Buena,Buena,Muy injusta,Neutral,Totalmente de acuerdo,,Si,Neutral,Poco,,Totalmente en desacuerdo,Estoy informado sobre los riesgos de desastres naturales en mi área,0,0,0,0,0,0,1,0,0,0,0,0,Extremadamente preocupado/a,No sabe/no responde,,Ni bien ni mal,Ni bien ni mal,Ni bien ni mal,0.0684293 -80.0537704 35.79999923706055 4.2,0.0684293,-80.0537704,35.79999924,4.2
Pedernales,Conglomerado 2,Masculino,59,1,2,1,1,1,1,5,Precautelar la seguridad de los votantes y de quienes alzan la voz,4,3,3,3,3,Favoritismo,,3,3,3,2,1,Falta de transparencia,Consciente,"Sí, ha cambiado un poco",Redes sociales Líderes o partidos políticos Falta de respuesta a las demandas sociales,1,1,0,0,0,1,0,"Sí, en parte",Muy agresivo,"Sí, en ciertos casos",Reduce un poco mi confianza,Frecuentemente,Varias veces al día,Facebook Twitter/X YouTube,1,1,0,0,1,0,0,0,Parcialmente sesgado,"Sí, frecuentemente","Sí, ocasionalmente","Sí, ocasionalmente",Si,Inseguro,Madrugada,Zonas oscuras o alejadas Calles principales Parques,1,0,1,1,0,0,0,4,3,4,2,3,4,2,No,Consumo de drogas Corrupción Falta de trabajo La pobreza,1,0,1,1,0,1,0,Neutral,No,,Otras,"No, no hacen nada ","No, no hacen nada ",Evitar salir de noche,1,0,0,0,0,"Sí, pero hay temor",0,0,1,0,Liderazgo de las autoridades locales,,Igual que el resto del país,Ni buena ni mala,Igual,Ni satisfecho/a ni insatisfecho/a,Igual,Suficiente,Suficiente,Moderada,Limitada,Suficiente,Han disminuido poco,Ha disminuido poco,Ha aumentado,Ni de acuerdo ni en desacuerdo,Regular,Hospital,3,Injustos,No,,,,,,Injusta,Neutral,Ni de acuerdo ni en desacuerdo,,Si,Inseguro,Moderadamente,,En desacuerdo,Conozco las rutas de evacuación establecidas en la ciudad,0,1,0,0,0,0,0,0,0,0,0,0,Poco preocupado/a,Lentamente,,Muy mal,Ni bien ni mal,Ni bien ni mal,0.0693081 -80.0518972 45.39999771118164 4.276,0.0693081,-80.0518972,45.39999771,4.276
Pedernales,Conglomerado 2,Femenino,67,3,3,2,3,2,2,2,Llegar a las personas con desigualdad económica,4,2,2,2,2,Ninguno,,3,3,3,3,3,La inseguridad,Poco consciente,No sé,Redes sociales Líderes o partidos políticos,1,1,0,0,0,0,0,No realmente,Muy agresivo,No estoy seguro/a,Reduce un poco mi confianza,A veces,Algunas veces por semana,Facebook Whatsapp,1,0,0,0,0,1,0,0,No consumo,Rara vez,No estoy seguro/a,No lo sé,No,Neutral,Madrugada,Transporte público Zonas oscuras o alejadas Parques,1,1,0,1,0,0,0,4,3,4,1,3,4,2,Si,Corrupción Consumo de drogas Falta de presencia policial Falta de trabajo Crimen organizado La pobreza Otras,1,1,1,1,1,1,1,Ineficaz,No,,Otras,"No, no hacen nada ","Sí, pero de forma insuficiente",Evitar salir de noche,1,0,0,0,0,"No sabe, no responde",0,0,0,1,Educación ciudadana,,Ligeramente peor que el resto del país,Mala,Igual,Ni satisfecho/a ni insatisfecho/a,Igual,Suficiente,Moderada,Limitada,Limitada,Suficiente,Han disminuido poco,Ha disminuido poco,Ha aumentado,Ni de acuerdo ni en desacuerdo,Difícil,Hospital,2,Injustos,Si,Ninguna,,,,,Injusta,Neutral,Ni de acuerdo ni en desacuerdo,,No,,,Difícil,De acuerdo,Tengo un plan de emergencia para toda la familia Conozco las rutas de evacuación establecidas en la ciudad,1,1,0,0,0,0,0,0,0,0,0,0,Poco preocupado/a,Lentamente,,Muy mal,Ni bien ni mal,Bien,0.0702598 -80.050044 45.39999771118164 4.996,0.0702598,-80.050044,45.39999771,4.996
Pedernales,Conglomerado 2,Masculino,45,1,3,5,1,1,1,3,Combatir la corrupción,4,2,1,3,4,"La compro de votos, eso desvía la verdadera elección del pueblo",,3,1,2,3,1,Las personas que se prestan para introducir papeletas faltas al momento de ir a votar,Consciente,"Sí, ha cambiado un poco",Falta de diálogo Falta de respuesta a las demandas sociales,0,0,0,0,1,1,0,"Sí, totalmente",Neutral,"Sí, claramente",Neutral,Frecuentemente,Algunas veces por semana,Facebook,1,0,0,0,0,0,0,0,Mayormente equilibrado,"Sí, frecuentemente","Sí, muy seguido",No lo sé,Si,Neutral,Madrugada,Parques,1,0,0,0,0,0,0,2,2,2,2,2,2,2,No,La pobreza Crimen organizado Corrupción,0,0,0,1,1,1,0,Ineficaz,No,,Otras,"No, no hacen nada ","Sí, pero de forma insuficiente",Evitar salir de noche,1,0,0,0,0,"No sabe, no responde",0,0,0,1,Programas sociales para jóvenes,,Igual que el resto del país,Buena,Igual,Satisfecho/a,Igual,Suficiente,Suficiente,Suficiente,Suficiente,Suficiente,Han disminuido mucho,Ha disminuido poco,Ha aumentado mucho,Totalmente en desacuerdo,Regular,Hospital,7,Justos,Si,Ninguna,,,,,Muy injusta,Neutral,Totalmente de acuerdo,,Si,Muy inseguro,Nada,,De acuerdo,"Cuento con un kit de emergencia con agua, alimentos, botiquín, abrigos, etc.",0,0,1,0,0,0,0,0,0,0,0,0,Extremadamente preocupado/a,Con el tiempo necesario,,Muy mal,No sabe/no responde,No sabe/no responde,0.0705088 -80.0472619 61.599998474121094 4.235,0.0705088,-80.0472619,61.59999847,4.235
Pedernales,Conglomerado 2,Masculino,28,2,3,3,2,1,1,4,Mas transparencia,5,5,3,5,5,Que siempre tiene la ventaja los mismos partidos,,5,3,3,4,1,Fraude electoral,Consciente,"Sí, ha cambiado un poco",Falta de respuesta a las demandas sociales,0,0,0,0,0,1,0,"Sí, totalmente",Moderadamente respetuoso,"Sí, claramente",Reduce mucho mi confianza,Frecuentemente,Varias veces al día,Facebook Twitter/X Instagram TikTok YouTube,1,1,1,1,1,0,0,0,Altamente polarizado,A veces,"Sí, muy seguido","No, pero me interesaría",Si,Inseguro,Madrugada,Parques Zonas oscuras o alejadas,1,0,0,1,0,0,0,3,2,3,3,2,4,4,No,Crimen organizado Corrupción,0,0,0,1,1,0,0,Ineficaz,No,,Otras,"No, no hacen nada ","Sí, pero de forma insuficiente",Otras,0,0,0,0,1,"No sabe, no responde",0,0,0,1,Liderazgo de las autoridades locales,,Mucho peor que el resto del país,Buena,Medianamente mejor,Satisfecho/a,Igual,Suficiente,Suficiente,Suficiente,Suficiente,Suficiente,Han disminuido poco,Ha disminuido poco,Ha aumentado,Totalmente en desacuerdo,Regular,Hospital,6,Justos,No,,,,,,Injusta,Algo,Totalmente de acuerdo,,No contesta,,,,Totalmente de acuerdo,"Cuento con un kit de emergencia con agua, alimentos, botiquín, abrigos, etc.",0,0,1,0,0,0,0,0,0,0,0,0,Muy preocupado/a,Lentamente,,Muy mal,No sabe/no responde,No sabe/no responde,0.0699146 -80.0456784 46.79999923706055 4.99,0.0699146,-80.0456784,46.79999924,4.99
Pedernales,Conglomerado 2,Femenino,32,5,3,1,2,3,4,4,"Tiene que fortalecer la independencia judicial, para garantizar que las decisiones no estén influenciadas por partidos políticos",5,1,1,1,1,Falta de confianza en los candidatos,,5,5,3,5,3,En muchas ocasiones surgieron noticias sobre la manipulación y eso es grave para la integridad del País,Muy consciente,"Sí, ha cambiado significativamente",Líderes o partidos políticos,0,1,0,0,0,0,0,"Sí, totalmente",Muy agresivo,"Sí, claramente",Reduce mucho mi confianza,Siempre,Varias veces al día,Facebook TikTok,1,0,0,1,0,0,0,0,Altamente polarizado,A veces,"Sí, ocasionalmente",No lo sé,Si,Neutral,Madrugada,Zonas oscuras o alejadas Parques,1,0,0,1,0,0,0,2,1,3,1,1,1,1,Prefiero no responder,Falta de presencia policial Crimen organizado Consumo de drogas,0,1,1,0,1,0,0,Neutral,No,,Otras,"Sí, pero de forma insuficiente","Sí, pero de forma insuficiente",Evitar salir de noche,1,0,0,0,0,"No sabe, no responde",0,0,0,1,Más patrullas policiales,,Igual que el resto del país,Buena,Igual,Satisfecho/a,Mejor,Suficiente,Suficiente,Suficiente,Suficiente,Suficiente,Han disminuido mucho,Ha disminuido poco,Ha aumentado,En desacuerdo,Regular,Hospital,7,Justos,Si,Ninguna,,,,,Injusta,Algo,De acuerdo,,Si,Neutral,Poco,,De acuerdo,Estoy informado sobre los riesgos de desastres naturales en mi área Conozco los números de emergencia,0,0,0,0,1,0,1,0,0,0,0,0,Moderadamente preocupado/a,Lentamente,,Ni bien ni mal,Ni bien ni mal,Ni bien ni mal,0.06989 -80.0506967 42.39999771118164 4.7,0.06989,-80.0506967,42.39999771,4.7
Pedernales,Conglomerado 2,Femenino,48,2,1,3,1,1,2,3,No sabe,5,3,1,3,5,La delincuencia,,3,1,3,4,1,La compra de votos,Neutral,No sé,Líderes o partidos políticos Falta de respuesta a las demandas sociales,0,1,0,0,0,1,0,Neutral,Moderadamente respetuoso,"Sí, en ciertos casos",Reduce un poco mi confianza,Siempre,Varias veces al día,Facebook YouTube Whatsapp,1,0,0,0,1,1,0,0,No consumo,A veces,"Sí, muy seguido",No lo sé,No,Inseguro,Madrugada,Calles principales,0,0,1,0,0,0,0,3,1,1,1,1,2,3,No,Consumo de drogas Falta de trabajo Crimen organizado La pobreza,1,0,1,0,1,1,0,Neutral,No,,Otras,"No, no hacen nada ","Sí, pero de forma insuficiente",Otras,0,0,0,0,1,"No sabe, no responde",0,0,0,1,Más patrullas policiales,,Mucho peor que el resto del país,Ni buena ni mala,Peor,Ni satisfecho/a ni insatisfecho/a,Igual,Moderada,Moderada,Moderada,Limitada,Moderada,Han disminuido mucho,Ha disminuido mucho,Ha aumentado mucho,Totalmente en desacuerdo,Regular,Hospital,6,Justos,Si,Ninguna,,,,,No sabe/no responde,Algo,Ni de acuerdo ni en desacuerdo,,No contesta,,,,Totalmente de acuerdo,"Cuento con un kit de emergencia con agua, alimentos, botiquín, abrigos, etc.",0,0,1,0,0,0,0,0,0,0,0,0,Extremadamente preocupado/a,Muy lentamente,,Ni bien ni mal,No sabe/no responde,No sabe/no responde,0.0686717 -80.054295 41.89999771118164 4.466,0.0686717,-80.054295,41.89999771,4.466
Pedernales,Conglomerado 2,Masculino,63,2,1,1,1,1,3,1,Combatir la corrupción,5,1,1,1,5,El acceso a los puntos de votación,,1,1,3,5,1,La credibilidad de la misma,Muy consciente,"Sí, ha cambiado significativamente",Líderes o partidos políticos,0,1,0,0,0,0,0,"Sí, totalmente",Muy agresivo,"Sí, claramente",Reduce mucho mi confianza,Frecuentemente,Nunca,Otras,0,0,0,0,0,0,0,1,Altamente polarizado,No sé,"Sí, muy seguido",No lo sé,Si,Seguro,Madrugada,Zonas oscuras o alejadas,0,0,0,1,0,0,0,1,1,1,1,1,1,1,No,Crimen organizado,0,0,0,0,1,0,0,Ineficaz,No,,Otras,"Sí, pero de forma insuficiente","Sí, pero de forma insuficiente",Evitar salir de noche,1,0,0,0,0,"No sabe, no responde",0,0,0,1,Más patrullas policiales,,Igual que el resto del país,Ni buena ni mala,Igual,Satisfecho/a,Mejor,Suficiente,Suficiente,Suficiente,Moderada,Suficiente,Han disminuido mucho,Ha disminuido poco,Ha aumentado,En desacuerdo,Regular,Hospital,6,Justos,Si,Público o fiscal,,Buena,Buena,Buena,Injusta,Algo,De acuerdo,,No contesta,,,,Ni de acuerdo ni en desacuerdo,Estoy informado sobre los riesgos de desastres naturales en mi área Conozco los sitios seguros de la ciudad,0,0,0,0,0,0,1,0,1,0,0,0,Poco preocupado/a,Lentamente,,Ni bien ni mal,Ni bien ni mal,Ni bien ni mal,0.07105 -80.0479067 57.0 4.678,0.07105,-80.0479067,57,4.678
Pedernales,Conglomerado 2,Femenino,33,4,3,1,1,1,3,2,Acabar con la corrupción,5,1,1,1,1,Desinformación y desconocimiento sobre los planes que plantea el gobierno o candidatos,,5,1,3,2,1,El uso indebido de los recursos del país,Muy consciente,"Sí, ha cambiado significativamente",Líderes o partidos políticos,0,1,0,0,0,0,0,"Sí, totalmente",Muy agresivo,"Sí, claramente",Reduce mucho mi confianza,Frecuentemente,Varias veces al día,Facebook,1,0,0,0,0,0,0,0,Parcialmente sesgado,Rara vez,"Sí, ocasionalmente","Sí, ocasionalmente",Si,Neutral,Noche,Parques Zonas oscuras o alejadas,1,0,0,1,0,0,0,2,1,3,1,1,1,1,No,Consumo de drogas Falta de presencia policial Falta de trabajo Crimen organizado,1,1,1,0,1,0,0,Neutral,No,,Otras,"No, no hacen nada ","Sí, pero de forma insuficiente",Evitar salir de noche,1,0,0,0,0,"No sabe, no responde",0,0,0,1,Más patrullas policiales,,Igual que el resto del país,Ni buena ni mala,Igual,Satisfecho/a,Igual,Suficiente,Suficiente,Suficiente,Suficiente,Suficiente,Han disminuido mucho,Ha disminuido poco,Ha aumentado,En desacuerdo,Regular,Hospital,5,Justos,Si,Ninguna,,,,,Justa,Algo,De acuerdo,,No,,,Neutral,Ni de acuerdo ni en desacuerdo,Conozco las rutas de evacuación establecidas en la ciudad Conozco los sitios seguros de la ciudad,0,1,0,0,0,0,0,0,1,0,0,0,Poco preocupado/a,Muy lentamente,,Muy mal,Muy mal,Muy mal,0.0696006 -80.0442629 38.70000076293945 4.7,0.0696006,-80.0442629,38.70000076,4.7
Pedernales,Conglomerado 2,Masculino,35,3,3,1,1,1,1,1,Impulsar la participación ciudadana en la toma de decisiones,5,1,1,1,5,Dificultad de transporte para llegar a los recintos electorales,,5,1,3,5,1,La manipulación de resultados a favor de algún individuo,Muy consciente,"Sí, ha cambiado significativamente",Líderes o partidos políticos,0,1,0,0,0,0,0,"Sí, totalmente",Muy agresivo,"Sí, claramente",Reduce mucho mi confianza,Frecuentemente,Varias veces al día,Facebook YouTube,1,0,0,0,1,0,0,0,Parcialmente sesgado,A veces,"Sí, ocasionalmente",No lo sé,Si,Neutral,Madrugada,Parques Transporte público Zonas oscuras o alejadas,1,1,0,1,0,0,0,2,1,3,1,1,1,2,Prefiero no responder,Falta de trabajo Falta de presencia policial Consumo de drogas Crimen organizado La pobreza,1,1,1,0,1,1,0,Neutral,No,,Temor a represalias,"No, no hacen nada ","Sí, pero de forma insuficiente",Evitar salir de noche Instalar cámaras o alarmas,1,1,0,0,0,"No sabe, no responde",0,0,0,1,Educación ciudadana,,Ligeramente peor que el resto del país,Buena,Igual,Satisfecho/a,Igual,Suficiente,Suficiente,Suficiente,Suficiente,Suficiente,Han disminuido mucho,Ha disminuido poco,Ha aumentado,En desacuerdo,Regular,Hospital,7,Justos,No,,,,,,Injusta,Algo,De acuerdo,,Si,Neutral,Poco,,De acuerdo,Tengo un plan de emergencia para toda la familia Conozco los números de emergencia Conozco los sitios seguros de la ciudad,1,0,0,0,1,0,0,0,1,0,0,0,Poco preocupado/a,Muy lentamente,,Muy mal,Muy mal,Muy mal,0.0698382 -80.0444445 39.39999771118164 4.571,0.0698382,-80.0444445,39.39999771,4.571
Pedernales,Conglomerado 2,Femenino,40,4,2,1,1,1,4,1,Garantizar la igualdad de oportunidades,5,1,1,1,5,Amenazas de violencia o inseguridad durante el periodo electoral,,3,3,2,2,2,La desigualdad social la puede afectar,Neutral,"Sí, ha cambiado un poco",Redes sociales Líderes o partidos políticos Medios tradicionales Desigualdad económica Falta de diálogo Falta de respuesta a las demandas sociales,1,1,1,1,1,1,0,"Sí, en parte",Muy agresivo,"Sí, claramente",Neutral,Frecuentemente,Varias veces al día,Facebook Instagram Twitter/X YouTube Telegram Otras Whatsapp,1,1,1,0,1,1,1,1,Parcialmente sesgado,"Sí, frecuentemente","Sí, muy seguido","Sí, ocasionalmente",Si,Neutral,Madrugada,Transporte público Zonas oscuras o alejadas,0,1,0,1,0,0,0,4,3,4,2,3,4,2,Si,Falta de trabajo Falta de presencia policial Consumo de drogas Corrupción La pobreza,1,1,1,1,0,1,0,Ineficaz,No,,Otras,"No, no hacen nada ","Sí, pero de forma insuficiente",Instalar cámaras o alarmas Evitar salir de noche,1,1,0,0,0,"No sabe, no responde",0,0,0,1,Más patrullas policiales,,Ligeramente peor que el resto del país,Ni buena ni mala,Peor,Ni satisfecho/a ni insatisfecho/a,Igual,Suficiente,Suficiente,Moderada,Extremadamente limitada,Moderada,Han aumentado poco,Ha aumentado poco,Ha aumentado,Ni de acuerdo ni en desacuerdo,Difícil,Hospital,1,Injustos,Si,Público o fiscal,,Buena,Regular,Regular,Muy injusta,Mucho,En desacuerdo,,Si,Neutral,Moderadamente,,Ni de acuerdo ni en desacuerdo,Conozco las rutas de evacuación establecidas en la ciudad,0,1,0,0,0,0,0,0,0,0,0,0,Moderadamente preocupado/a,Lentamente,,No sabe/no responde,Ni bien ni mal,Ni bien ni mal,0.0702353 -80.044599 39.70000076293945 3.75,0.0702353,-80.044599,39.70000076,3.75
Pedernales,Conglomerado 2,Femenino,35,4,5,1,3,2,3,3,"Llegar a cada rincón del país, existe mucha desigualdad y es necesario escuchar la voz de todos.",4,2,5,4,4,La corrupción,,4,4,3,2,1,Corrupción,Muy consciente,"Sí, ha cambiado un poco",Redes sociales Líderes o partidos políticos Medios tradicionales Desigualdad económica Falta de diálogo Falta de respuesta a las demandas sociales Otras,1,1,1,1,1,1,1,"Sí, en parte",Muy agresivo,"Sí, claramente",Neutral,Frecuentemente,Varias veces al día,Facebook Twitter/X Whatsapp Otras,1,1,0,0,0,1,0,1,Parcialmente sesgado,"Sí, frecuentemente","Sí, muy seguido","Sí, ocasionalmente",Si,Seguro,Madrugada,Zonas oscuras o alejadas Parques,1,0,0,1,0,0,0,4,2,5,1,2,4,1,No,Falta de trabajo Falta de presencia policial Consumo de drogas Corrupción Crimen organizado La pobreza Otras,1,1,1,1,1,1,1,Ineficaz,Si,4,,"No, no hacen nada ","Sí, pero de forma insuficiente",Evitar salir de noche Instalar cámaras o alarmas Otras,1,1,0,0,1,"No sabe, no responde",0,0,0,1,Liderazgo de las autoridades locales,,Ligeramente peor que el resto del país,Buena,Igual,Ni satisfecho/a ni insatisfecho/a,Igual,Muy suficiente,Muy suficiente,Suficiente,Muy suficiente,Muy suficiente,Han disminuido mucho,Ha aumentado poco,Ha aumentado,Ni de acuerdo ni en desacuerdo,Difícil,Centro médico particular,7,Justos,Si,Privada o particular,,Mala,Buena,Buena,Injusta,Algo,De acuerdo,,Si,Seguro,Moderadamente,,Totalmente en desacuerdo,Conozco las rutas de evacuación establecidas en la ciudad,0,1,0,0,0,0,0,0,0,0,0,0,Poco preocupado/a,Con el tiempo necesario,,Muy mal,Ni bien ni mal,Bien,0.0705045 -80.0438248 51.79999923706055 3.84,0.0705045,-80.0438248,51.79999924,3.84
